PC1,PC2,LoanApproved
0.6525985132996114,-0.14091698085647708,0
-0.37051592609175954,0.07761194650239088,0
-1.0031533522119176,-1.608638087478661,0
0.26406757411543813,0.6414973112518922,0
1.8091159799815397,0.9763689753354557,1
-0.4713708368463016,2.08382131025088,1
-0.49859140612573605,-0.23202818909689346,0
-0.43557470326766645,1.0959053776992855,1
-0.8186127669645483,0.8924740932131089,0
0.5014483348515287,0.012694183829798216,0
0.6736185530851738,0.4294111585694458,0
-0.5593205782179849,-0.2306193872217129,0
-0.8764173376237263,0.363246560571966,0
0.42133680740302115,-0.229607251020106,0
-0.4650917963359775,0.2356150130705221,0
2.066281954878301,0.23435900432606546,1
-0.9953120395232968,-0.8600307041262977,0
-0.09118514229641388,1.914763344935607,1
-0.769934897818944,-0.5797669443971162,0
0.010039284372581576,-0.9823398582760113,0
1.507034231054368,1.1936505598877183,1
-0.7914993972239482,0.32912659825977947,0
-0.8380349951117071,1.1842408891599867,1
-0.9066844331022319,-0.10075679859879114,0
0.3249128040021376,-0.9567203357814188,0
-0.1820009758647551,0.32593350427230255,0
-0.6743181332138578,-0.3728762726269064,0
-0.7682710495255672,-0.32005995520848013,0
-0.7723184480951334,-0.2860571989018506,0
0.4562411057775743,-0.007949719651807791,1
0.015444651274181568,-0.20470284473775016,0
-0.7436954763653121,-0.5759088327830238,0
-0.29089594403966923,0.2505352210973703,0
2.558888173711957,-0.5942654979181126,0
1.9297381831779108,-0.15221332395734136,0
-0.738980102491694,0.9223373125174036,0
0.841132534083324,0.40954520178630416,1
-0.39664568436048364,-0.15011062320488705,1
1.0192862282049424,-0.6813816967518559,0
0.2742681229829045,2.1153981843676983,1
-0.40182532862062514,0.14669663749865272,0
-0.7957695987610709,0.9800526099506206,1
4.331749044660292,-0.1086465738938137,0
-0.6313265995381788,-0.38350289379048086,0
-0.76785374518221,-0.25635483801934605,0
0.4630819841141427,0.2985511632376498,0
-1.0143479194712617,-0.7753291794418592,0
-0.8846382651012409,0.05909186960854055,0
0.8379089702190852,0.9901809562510241,0
-0.7519485013810763,0.3380697937802178,0
1.261686220380099,1.5657154637829858,1
-0.4097112961779212,-0.37136215267805833,0
-0.9133969050397484,-0.6434589441667243,0
-0.7307118984325528,1.422005289363886,1
0.10566012607271615,4.267074596013858,1
-0.8492155330241098,-1.1351673620044826,0
1.4115781884451226,-2.047335168126781,0
-0.6794736851293334,0.4182297754387076,1
-0.8286188643831687,0.3351429311590934,0
0.9892072351653957,0.312256364044309,0
1.755870243625473,-0.49755197806966495,0
-0.6245019428193531,-0.1991452679728167,0
-0.5392246753022376,0.7364584827855565,1
-0.8772296450184814,-4.278114516411085,0
-0.6307964328574347,-0.47077851805649834,0
1.3964723535742793,-0.42591376047684937,0
0.3081927698863505,0.4106002031608644,1
2.8228390537607786,-0.27907154412427054,0
0.00832695490353257,-0.3793851126371802,0
0.128259020045284,0.3836935415031776,1
-0.6962778639978507,-0.3225416254576626,0
-0.8826319733271812,0.6962959910239641,1
0.5640431924539877,2.272935839625444,1
0.5012207072381241,0.032274514227519494,0
0.32459141106394346,-1.3326521587527256,0
-0.4862035626905665,0.15158253030788127,0
-0.5024667686299785,-0.05393778838086082,0
4.201748350809233,0.22646987865280094,0
-0.8507140257920881,0.9808603851811241,0
-0.8312767809676836,-0.168552955853428,0
1.225775859014364,-0.3368507645640023,0
4.757928819037287,-0.8436064018958415,0
-0.8113002966499553,0.04477550580337494,1
-0.2543984161867957,-0.5330323221671759,0
0.9077215139738645,-0.2075148389792582,0
-0.3045603426389481,-0.7084910450962004,0
-0.41561564177178445,0.4005141632586938,0
-0.3721081313745667,1.2024548933296488,1
-0.6980337291665301,-1.1857509499745786,0
2.573204497725521,-0.16560013329025633,0
-0.8197222402329134,0.09603535640684102,0
-0.8032704271841422,-0.45839492881766686,0
0.28189501162707137,-0.9460078875538993,0
-0.15201510576646804,0.8668572075499061,1
-0.8194754637789688,-0.39372299611594147,0
4.2663328914505,0.11100719943950874,1
0.21344481045295016,0.33805927471223157,1
0.09221860219085855,-0.29696598479398373,0
-0.040287639731409794,0.023006337400022666,0
2.7522822346363287,-0.33893240804896163,0
-0.05079343232478632,0.7324457197114913,0
-0.7016787032180258,-1.2009819098189294,0
-0.4436243881575252,-0.2209230709636557,0
-0.391749294801177,0.9996846378592513,1
0.2807095026877264,-0.1343416217142601,1
-0.9446104188123504,0.5019739721780112,0
-0.42687206965787106,0.9705163863191736,0
-0.074522670631652,0.4404401921554206,0
-0.682227631108263,-0.52921565998967,0
-0.8436460404276322,-0.44890113192429437,0
-0.13297479230505146,0.9960957644180876,1
-0.7501508764358132,0.1137983210570755,0
0.5890776311325236,-0.14699972565853067,0
-0.057248838596039485,0.7821407460642208,0
0.17427665854597127,-0.25216441222394514,0
-0.8378507565594163,-0.20904871801975142,0
-0.7775807240340844,-0.18836307713099243,0
-0.7514738857750041,-0.3179104304430149,0
-0.8534933469808671,-0.27566914727140834,0
0.023818284241738666,0.12294050458980671,0
-0.8198218387957261,-0.6161905835977023,0
-0.7876067877885604,1.5475330200703463,1
-0.16961793130064168,-0.442229023051322,0
-0.7290850193647411,-0.03706310788923416,1
-0.34322972485934783,0.30608115753637954,0
6.471981475742588,-0.1265430915539237,1
0.055104944882625816,-0.08637220000585008,0
-0.8095729102711323,0.4223514245056655,1
-0.6573420534238527,-0.22138954805442815,1
-0.631914116101428,-0.33227887793531274,0
2.398677852055529,1.852822839053157,1
-0.4379039863460785,0.14019915591207244,0
0.1957323598240369,0.30177622024140716,1
-0.2342027720750803,-0.18659849362746084,0
-0.8863173279579614,-0.047248057733114635,0
-0.5875732531362327,1.5141184388593272,1
1.6040137857413075,-0.13314783455219642,0
1.4125475717227247,0.08698492212162529,1
-0.9074502421924758,-1.5556115370633459,0
-0.3809515251876087,1.9356229028445642,0
-0.6597033187458373,-0.003390441647511948,0
0.4599395093997096,1.219586773136968,1
-0.24672770888459708,-0.39664524014376035,0
-0.880235767931043,0.21846253353155193,0
1.3711219811693487,-0.29645258483358333,0
-1.1528003081239233,-2.8334497257126054,0
-0.7555507101961242,0.6949352778217003,0
-0.6299829239051404,-0.03002883889999441,0
-0.48208260811184156,0.7635077560724884,0
1.1626025974274332,-0.4870755480653856,0
-0.8231202476733394,-0.7309036455868874,0
-0.5030819911352189,-0.10237557559466538,0
-0.8681474066617624,0.3812590564616474,0
-0.6769868472929208,-0.2811997227522364,0
0.5428181171387305,0.01928384225369548,0
-0.11926494546190905,-0.8435208787429025,0
-0.7189245651771755,-0.5569239950239977,0
-0.42383703536775325,0.3654196623973168,1
-0.5193086648659789,0.053550558785323554,0
-0.283088597811606,-0.22154856951045923,0
0.37771711038317285,0.4419252055290014,1
-0.04806336047918216,-0.2593942281843953,0
-0.8586610005645724,3.5870375758398736,1
-0.37763251091710964,0.39595833255389007,0
-0.6697568142290078,0.931647121427479,1
-0.3502854553053627,-0.4245068995085977,0
-0.6239596873358898,-0.2750255114464717,0
-0.5694345488878781,-1.7201743096610254,0
29.825254153663995,-1.7517197892880416,1
-0.17880233188757472,-0.2685140989265551,0
-0.3659791704258084,0.5682829272789961,0
0.42511130437276157,0.0306267143282207,0
0.07900966836448557,-0.38223512355256367,0
-0.9482444045628627,0.6917275494857575,1
0.13630991899711917,0.07730071453170663,0
0.7722132670818188,0.617787093025234,1
0.20201231407850032,2.563242635281317,1
-0.6359116939144902,0.3667086179699595,0
-0.2772693014907548,0.1965104457779623,1
-0.17443687885477813,1.0327194939438444,0
-0.12592371172301753,2.068579925792807,1
-0.36422095423000556,0.30526435565853965,0
-0.06174370303391061,-1.316994612394748,0
2.3952048160184614,1.3061614938218862,1
-0.966361635447297,-0.21866374424811927,1
-0.7242759560478562,1.3285729022875967,1
-0.6994011561672343,0.8283851186821684,0
-0.20549122486981736,0.18913999670001505,0
-0.8733824367814902,-0.016246432527037946,0
0.783713479326234,0.46716189278995324,0
-0.8558455585929342,-1.680084117525878,0
-0.5316704233223414,1.311901828318503,1
-0.8644586181224391,-0.9549239336611098,0
-0.3373590452918043,-0.24490343035307027,0
2.828344895995694,0.16478561337694347,1
-0.8435916821492677,1.0778208640962512,1
-0.006178920774550187,0.2963568652395031,0
-0.7469315916743645,-0.08311071993496477,0
0.20493090080591578,-0.25866196157443144,0
-1.1048621838075547,1.145212962899611,1
-0.15205036033490282,-0.6637417588927603,0
-0.813736911092629,0.07191305200191041,0
0.26842915430266945,-0.953541102745603,1
-0.8680813702658542,0.6511640474854229,0
-0.541520934034816,-0.4717084529834835,0
-0.8214639453365813,1.9225219362735988,1
-0.8092389006718593,-0.19451656822737137,0
-0.8394881327855992,-0.1733927993038984,0
-0.8445091007671335,-0.06282104378039051,0
-0.7612325380639761,-0.5868543243510066,0
-0.6643923487081455,0.05971439066567656,0
0.41166942065964934,0.21093393198376195,1
-0.6119951067341004,-0.8670647154417621,0
-0.8137760808689826,-0.3305037921992564,0
-0.1362291531260419,1.0934991188600458,0
3.0610305503044795,-0.4715757277607873,1
0.7607982429351355,-0.4099093488538366,0
0.33204481435755717,-0.986079521163711,0
-0.34128520265205164,-0.15038659745012672,0
0.062315034283633046,0.5234711773427274,1
0.11579469203511354,-0.19685444892647222,0
-0.8706001612829888,-0.484789747086691,0
-0.735926620180461,-0.05378900374143713,0
1.070115143665839,0.23081644103471366,0
-0.9428189271344221,-0.36087766382031683,1
0.5456858572820551,-0.19947353410401328,0
1.0934442376138633,0.06468574002216915,0
-0.8864508628463654,-0.8919455256619585,0
-0.5117022987444769,-0.6741322112605036,0
0.46865008686761067,0.3624291881654436,1
0.45135600434149215,-0.036726816320341256,0
-0.5639894777415853,0.450000756709369,0
0.25671021319475285,-0.40282921135571315,0
-0.3260660686101817,0.13048721290499757,0
-0.8251513812845714,-1.4954297302448392,0
-0.20821489675435978,-0.2204871195985845,0
2.45986538732648,-0.7133312130922934,0
1.2200380123485384,-0.19076208989466878,0
0.00723855379997477,-0.08917873433849816,0
-0.9182979245448579,-0.7555446424807304,0
0.13891219775909905,-0.2920337567988538,0
0.33598784678668836,0.031394636010732786,0
-0.7381815163580809,1.17704011513934,0
0.0926071343989881,-0.7116941062159997,0
0.18807151731320768,-0.955351267462471,0
-0.8942552036271811,0.7154591272607121,0
0.6388969632632481,-0.42461764688815207,0
-0.8520242499856806,-1.4772221319020589,0
-0.802452068385811,0.4615537168899121,0
-0.7464445024125297,-0.21515256030058416,1
-0.03416228631609975,-0.3492658506796837,0
-0.8648507659705712,-0.06762335920814191,0
-0.5110600295505712,0.5431276145395258,0
-0.12419587631156483,-0.7285709344118868,0
-0.9828773995994075,-0.11682489626722739,0
-0.38318554592318743,-0.07367047688573174,0
1.6502520390983022,4.278041859715591,1
-0.8176946141445145,-0.06409498142129638,0
-0.6781007762931095,0.9392410326014058,0
3.386855498190351,0.18102237928764991,1
2.2771906447048433,-0.37016862670283884,0
0.5141752908397895,-1.5687917986601483,0
-0.33607829180968407,2.2030774419569945,1
-0.6789541692338191,-0.8095200064878877,0
-0.7590666752685592,-2.3133572538661458,0
0.3597012554332746,-0.4003190321531784,0
-0.28476337642914124,1.3785485951788203,1
-0.5795819869647206,-0.12928737056100031,0
-0.9084265780318355,2.4036707094581695,1
-0.9349884855390547,-0.31194933860138524,0
0.0643303838639731,-0.7971005208351296,0
-0.8123116483417202,-0.5130188275460872,0
-0.3465451218607116,-0.8621331236707428,0
0.3203018921133668,-0.2919632289914441,0
-0.9325411078844167,-0.3961848215004255,0
-0.42969067305764025,0.4816481650224436,1
-0.8148504295294369,-0.039676948631075945,0
2.6751170997619576,-0.6579733642653236,0
0.31411640388236073,-0.9444337544949686,0
-0.6620734611755006,0.7999765482941039,0
-0.19906364972670162,0.5201140569189692,0
-0.7218733688191153,0.31937570646348024,1
-0.8893893517797186,1.2059677841735315,1
-0.30394350612279314,-0.4214299887632957,0
-0.30409265134760777,-0.2613329819406478,0
-0.6499167228922118,0.07473660983405482,0
0.840770129875027,1.183721788976313,1
-0.6732074402365629,1.8641282542342517,1
-0.6019831241856306,-1.267510657559061,1
-0.8254576163651954,0.7007779780936177,1
-0.7987944274153478,0.6145364157064708,1
-0.7095219465740841,-0.1480253216535429,0
-0.5332633283214133,0.060423990786980034,1
-0.3011984622478491,-0.6155815268204624,0
-0.1510060368215917,1.1263290334062208,1
-0.08505872966735778,0.4003692633244575,1
-0.5638705735776003,-2.3227635016797543,0
-0.7589925548451275,-0.016400634712359825,0
-0.849599809253761,-0.9976355475341813,0
12.35241970297127,-0.7676685623097997,1
-0.20680748956774891,-0.5874259010575112,0
-0.5428102951142838,-0.1531082937151703,0
-0.33796445858670665,-0.19337740030214431,0
1.6964260914551397,1.3804742117132227,1
-0.138223256688057,0.8515605036851545,1
-0.1943375920338599,0.1367677526320077,0
-0.39129696584095686,0.5639421384223504,0
-0.8521539501723076,0.3070646301134983,1
-0.8686185160536092,1.0608019414419299,0
-0.04059505371337677,0.012708657882737728,0
-0.5545386223889642,0.3882235548048396,0
-0.042874746194413865,-0.43017991521991344,0
0.26416352442373364,0.5431047115075133,0
-0.2416380674871709,-0.7058643901194377,1
2.180909178839027,0.5886877920947087,1
-0.8497958555144397,0.10760963800429293,0
-0.3693078165413451,0.942800265612443,0
1.0565318233226224,-0.30516711494796295,0
4.494899284152794,-0.2724510893190947,0
-0.5929281231933093,1.9605186452053007,1
-0.7371177547320955,-0.5258240942910362,0
-0.20321442833020756,-0.049526506314084985,0
-0.30564900910066634,-0.19919130876420976,0
-0.9194354570681542,0.021253192186582934,0
-0.7371717389109543,-0.7710513058917327,0
1.359779713920941,0.31067243836204517,0
-0.9505602364520164,-3.335200022100048,0
0.8262581140809314,-1.0945432829381037,0
-0.7568164989010296,2.7831260415716907,1
-0.7002795306866886,-0.6965961186708182,0
-0.9121545547426753,-2.4613888332032205,0
-0.7188319325283299,1.0608564556313769,0
-0.3799384288221624,-0.472597525790183,0
-0.26165965092766424,-0.41730647621303235,0
0.33004741913182517,0.6715034668032926,0
-0.5047592517669447,0.9618600491006087,0
1.0509278881197959,-0.47389931328962376,0
1.1233320793066264,-0.12571313439816942,0
-0.3905130959377483,-0.30621481309972415,0
0.7472796002563039,1.7021649941183608,1
-0.7983650257272639,-0.44366082607449286,0
0.2677899976345471,0.1717430886975094,0
-0.5291979291168024,-0.06736045586423632,0
2.3000424391058276,0.4380867249642723,1
0.43900222767042646,-0.42111222482849703,0
-0.2222567187274889,0.02038286157105782,0
-0.7969649618205784,0.3711480607565063,0
1.2048684417658155,0.8075961691538757,0
-0.9066717779606239,-0.10211796047107455,0
2.7469516863507053,-0.15262687930961658,1
-0.9138812060764563,-0.7587821267551109,0
-0.28871493563892253,2.644870864047516,1
-0.261835480570205,0.25463096276070274,0
-0.6931945689429567,-0.6591316342347875,0
-0.8369494343103214,0.5279146684886395,1
-0.5822837754377982,0.5050867283756979,0
0.06413977531614211,-0.34468316857364567,0
-1.1136120639376523,-1.9424638750490595,0
-0.5668862662724024,-0.22213414518389452,0
-0.6492924745972791,-0.1506253449509448,0
0.08635453022640847,-0.13909307383617214,0
15.948422979445407,-1.1802929836549318,1
-0.6277176013526222,-0.07325137251290555,1
2.2805823753230214,-0.09637229402853426,0
-0.7883516686277942,-0.7815272188229828,0
-0.5135438282434367,-0.5197341505473467,0
-0.31062680122001557,-0.28382713570634943,0
-0.4756857402986571,2.0360783449351874,1
-0.5254527518172376,-1.610531198076796,0
1.015306826101897,-0.14881034857119724,0
5.538520490537531,-0.25450515699975584,1
-0.8039275664772113,1.6317371736310058,0
0.11404371779545627,-0.558187326414696,0
-0.6447477846473767,0.920992971310719,1
-0.8622922606082071,0.7955252912891876,1
-0.3203708373510453,0.37511905438379695,0
0.004839867596263,0.5139962410930633,0
-0.7652072854350865,-0.21404169692036254,0
0.4250963485971807,-0.5684939143648055,0
0.792865656893216,-0.007765306729090845,0
1.1690633892782862,0.03201936118861362,0
-0.3100676236346696,0.6917516562197548,0
1.5220208277157414,-0.541894309439925,0
-0.674934354232547,0.5087044838932299,1
-0.31643755370224674,-1.0181657072615835,0
6.925381001152701,0.0826476885756761,1
-1.0927886424109523,-2.7273271895026303,0
-0.9914858085239732,0.5421003694320831,1
-0.8263947022332104,-0.46024681233521725,0
1.332882750429416,-0.2856680976815013,0
-0.4734674185502636,-0.29933394409763636,0
-0.8737074571834511,1.1046863134181484,1
-0.633510142320361,-0.22639448254078115,0
-0.23526052543629875,0.44222346880851443,0
-0.7126848966079318,2.6511489972841344,1
0.7257948671803688,-0.6766351516775008,0
6.046799487080955,-0.3581212423309005,0
0.6179515543214832,-0.7594988058759222,0
0.1052692003607372,0.5349761847042002,0
-0.8333265221144938,0.014231492615681785,0
-0.6433230790857841,-0.36331809422262673,0
-0.8572641427859383,-0.09105594965490957,1
-0.3963256845659437,0.5201939776154738,0
-0.7418025689524966,-0.016157107703689482,0
-0.8530403144525589,-0.15032984897422427,0
-0.7431062073961059,-0.24541859781087721,0
-0.4041354595420531,0.7699157793884239,1
-0.1671101151697917,-0.41734169224561307,0
-0.3973545295263376,-0.3755588330122581,0
-0.43293028920714205,-0.16271316327759353,0
-0.7996395689581329,0.05547677380045728,0
-0.1054133219232522,-0.1408750452848248,0
-0.8417010327566211,0.7526659978124322,0
-0.8099977683346965,1.594491342287701,0
-0.4949558082078085,-0.27274086408003495,0
0.41349640776533414,-0.052692152221392646,0
-1.2272466427632265,-3.063353786920689,0
-0.27515584693069384,-0.2921988268992555,0
0.3547141754417766,0.643107384924173,1
-0.19912050831728434,0.897480819877309,0
0.11965472624214121,-0.2742194511532083,0
-0.5450810314024214,-0.20608534349809254,0
-0.6498362809063852,-1.3283653632742707,0
-0.2886151096761911,0.19285451947891097,0
-0.7432803150191915,-0.6187136306021424,0
-0.7864704904574557,1.037024791100985,1
-0.6881524956339973,-0.40704190921063227,0
-0.16471419909071214,1.1468426224478043,1
-0.7208726024253541,-1.627935851540555,0
-0.844550006629448,-0.9479091320641541,0
1.0914887063258818,0.8029215791122253,0
-0.7074509885251031,-1.013779605533946,0
0.21297081743685042,0.14199565235631179,0
-0.7720770267691551,-0.031930638284601714,0
0.44621901377615575,0.1135099899413939,0
-0.8740680048893888,-0.17263413566952232,0
-0.7866616769667392,-0.9101886113441799,0
-0.8310027293991137,-0.17587652949812113,0
-0.7324368116093266,0.11257276313331226,0
0.5224957293471791,-0.25533259815170456,0
-0.026802928590002204,0.3534598970753708,1
-0.8711690826729489,-0.027909832116990597,0
-0.41981187637288375,0.3090799616486057,0
-0.8282908873617459,-0.14479986487722418,0
0.8766715317566384,0.4837066667235728,1
0.5728829411776407,0.6739560149233416,1
0.6348989397167812,0.195205246723772,0
-0.5154750512580514,0.5592825303721313,0
-0.5114088197123492,0.49048090323441607,0
-0.5160321067933205,0.17167909063087095,0
-0.7783908861261898,-0.7338192376733864,0
-0.8454094278507297,-0.05033506847156862,0
-0.5951418823908289,1.0010230616070956,0
-0.1315136436294334,-0.05262621234101229,0
-0.8788865927252848,-0.17325550378961613,0
-0.3110654186921902,0.8846431037835795,1
-0.17594755986938634,-0.039846151714036646,1
-0.2110661401445746,0.027441663209476486,1
-0.41202437951021204,0.3287378691242984,0
-0.381802318376709,-0.17326234566550558,0
-0.7969396301330912,1.940780216944504,1
-0.8206952598645724,1.247170173871217,1
-0.7370491900058315,0.24004358358676606,0
-1.014136142991921,-0.3487711864199418,0
1.3370736445835703,0.5008883702067951,0
0.19391632531780995,-0.7912222427185452,0
2.5215415833530077,-0.075413506584848,0
-0.8586929702832344,-0.2695220721815101,0
0.11875949047142106,0.5391250600399942,1
-0.5439385075767906,0.09959360946877946,0
-0.8417126859353559,-0.2092527947548367,0
-0.5833395794215959,-0.03613486830670762,0
0.7541753899855345,1.3701619983100195,1
-1.0604003709219816,-1.8682646469605013,1
-0.3520814275658936,-0.2770513050529142,0
-0.30582367854292286,0.3954626875798031,0
-0.8187700903389743,-0.0076999956376903175,1
2.0028745745009267,0.07751568762110037,1
0.5969871230070183,0.20476721142918908,1
0.06045692963539414,-0.019961956761291526,0
-0.7426046370688367,-1.3713277099829853,0
-0.5731190327160027,-0.5627793057784374,0
-0.6285731717362651,-1.3200784590907977,0
-0.756238330817005,0.10686088686484273,0
-0.9408297837522139,-0.08173847940147601,0
0.6028704145838767,0.41173763749645115,0
-0.8090744717090775,-0.6391643358296305,0
-0.3990884271379262,0.13881285688481257,0
-0.8823152275321231,-0.6131264684430395,0
-0.8261589578061592,2.0167151550601212,1
-0.6353179423600801,0.43162963744354266,1
1.562640879278345,0.734381843672351,1
-0.525047486223415,0.3911182556897536,1
-0.6297801647717055,-0.41668987532452195,0
-0.3438381925432967,-0.3379803605282573,0
0.17489672807194476,-1.7005450647073568,0
-0.5150839295006235,-0.18571791641936466,1
0.4586651159248004,0.30689245669092025,0
3.5921344397645516,0.441980915601222,1
-0.6573684226512032,0.562863659134067,0
-0.7493379225615626,2.678691796273459,1
0.14205869042889302,0.014659603745091126,0
-0.9179038705922176,-0.0936145924773376,0
5.078431292611278,-0.8936441715949736,0
-0.4072698390035566,0.7598704138856589,1
-0.47805140717228195,-0.040010487505671745,0
0.5532661860297706,-0.9624888333949702,0
-0.9276584688556694,-0.5837591844703182,0
-0.7799612554921572,0.6259906088426593,0
0.3356992795538041,1.035314721858971,0
1.707766253669956,0.8207146574975357,1
-0.9532187296030052,-0.6629447831897988,0
-0.7771504909276788,-0.6117631343391818,0
-0.8611039458101841,-0.8246365822958924,0
1.014201011205052,-0.654386169978051,0
-0.6940572008425626,0.2765985123894039,0
-0.8679538406183123,-1.0113567419489664,0
-0.2381404367355463,-0.005735552351092388,0
-1.1205772869948192,-3.8767259331300017,0
-0.6080408003602953,0.3538996725463453,1
1.4158279953722828,-0.17546153085616756,0
-0.394669572382373,1.3780135455192588,1
0.26054660536397767,0.7316807248714983,1
-0.15199604496687932,0.10033800212175915,0
-0.25763883729218184,0.24185323303476478,0
0.038881566467816105,-0.34723920294681354,0
-0.12690529684773216,1.517867043242807,1
1.7956524233657694,0.0328546907268019,1
3.1437299410552177,-0.33442289662758434,0
-0.6699669611631668,0.7332491657266771,0
-0.8089616680370945,-0.23708877450281163,0
2.913146254857289,-0.2741060913200145,0
-0.4903905110063819,0.4571016298866922,0
-0.8563106649773515,-0.5997290296620565,0
-0.5147795267368223,-0.01991348547599654,0
-0.38430918616829574,-1.4850109634440956,0
-0.31977400590659394,0.5429967013493681,1
0.6743952450454554,1.0407779007781244,1
-1.0604875595721568,-2.0815071587038525,0
-0.7135358138805481,-2.024309100650671,0
-0.02833167659203757,0.15772031630307498,0
-0.8970453794158509,-0.49038080330245054,0
-0.35295657840916445,-1.0790476827627722,0
0.2759165523793619,0.7206358691782193,0
-0.9108645740322849,-1.0803970498394206,0
3.790217442550425,-0.6711202588245391,0
-0.873641049451931,0.8529972016749385,0
-0.8751828131651893,-0.534346496908813,0
-0.4754319381932725,0.6727648710225491,1
2.3925226981981167,-0.365676755917163,0
-0.014894560355875124,-1.2016113562534243,0
-0.4295078428090702,0.30080361568309405,0
0.06317192867884006,4.294240471511234,1
-0.7736935460054535,-0.40011690839539105,0
0.643346960323823,-0.1409010780215917,0
0.4976317381808027,-1.0441482958357666,0
0.8111684060034444,1.2671708213809543,0
7.572830353104508,0.39325451380562804,1
-0.699587971251758,-2.084512962515668,0
-0.7262953038337837,0.7987881798352432,0
-0.6072895526475434,0.35164498032050856,0
-0.6603477647353561,0.8250761036617485,1
-0.6865628928113425,-0.2518365818150346,0
0.3880255659964434,0.3973059191678473,1
-0.28045358332516096,2.187146163421383,1
-0.9935510991060087,0.41123292301482656,1
0.025692280283834044,0.18558711972188896,0
-0.8106870428404507,0.5289090935005569,0
-0.914652752253268,3.3336622509406273,1
-0.6925507808228091,0.4027952076321561,0
-0.6731455146990133,-0.19041351172897614,0
1.9444139686187787,2.0832037586498426,1
-0.016772057717714017,-0.06578795748541623,1
-0.4133324434056843,0.45243101725321916,0
-0.39713676371884604,0.061905844910222614,0
-0.5832337458678222,-0.47943216317314624,0
-0.4882917177137112,-0.9327947377234719,0
-0.5067730978305722,1.023598364655496,1
0.4438991553573739,0.6276176477584348,0
1.5633813936535912,0.5683542000073653,1
0.3725403854261085,-0.18365741327366875,0
0.5224732760322263,-0.4896349911246432,0
-0.06557440933221347,-0.20388398714679748,0
-0.11828378379168968,0.9528990638110421,0
-0.148661046371463,-0.4067761516463592,0
-0.45582026303428197,0.05672872620182513,0
2.391284001052942,0.06765956074927029,0
-0.45374572459985557,-0.18332531719303463,0
-0.5026577860107095,0.7826612660051062,0
-0.23894053783545238,1.282349680329116,1
0.7036031436315651,2.1963665221923545,1
-0.8674139631160515,-0.15883945985663,1
-0.5536373444619476,1.1648815346143317,1
-0.8265600044198281,-0.3114850222864217,0
-0.990200230027831,-1.038408875087331,0
0.36432246116762457,0.5382224352299957,1
-0.7678097050963081,-0.3281034313210144,0
0.7769883666804812,-0.1575184951735635,0
-0.8466432197192328,1.1519964318978957,1
-0.9232531713847684,-0.5761637764162878,0
0.22914155964672667,-1.2202502085324136,0
-0.3726049927702537,-1.516176061782355,0
-1.6919576931143678,-7.206805410637123,0
1.0806246206959196,0.7395122506941798,0
-0.35441575347223164,-0.08578769464092821,0
1.381401216933389,-0.8707373659850859,0
-0.605898097065981,0.21208180917425587,0
-0.6234722090161826,0.43434886476837065,0
-0.751114509604604,-0.72675315976964,0
-0.04013268131161032,-0.12960583649629956,0
0.39921141981653513,1.3172732470451447,1
0.9935479352291765,-0.053282706517879176,0
-0.8043549314990583,0.7852439900699361,0
-0.5351921202714339,0.0659976936232479,0
-0.6222792574709974,0.9014470444810578,0
-0.7672669759106204,0.037256563211006385,0
0.26418706459269775,-0.05855334158425105,1
-0.5230101674825498,0.38221484725978694,0
-0.06868707731845007,-0.29694138238822937,0
-0.8589734584801274,-0.21084075427125146,0
-0.899379696570836,-0.3195067510691716,0
0.8388312577980539,0.8500241792373942,0
-0.8342516634031849,0.7666530466966943,0
-0.3154537509441375,-2.6978368057349496,0
-0.04440267647164857,1.3352563057584517,1
0.6242385028364711,-0.3310615791942164,0
0.9213471500577028,1.74169128537753,1
-0.8023823337850415,1.5359463217899594,1
-0.7564377973763785,0.012217744105378988,0
-0.8483951886539821,0.6507628903785793,0
-0.2803119056052851,0.6134055180554165,0
-0.3394688261774126,-0.3813167674599681,0
-0.779845980311496,0.030001804620320545,0
-0.4177123537548979,-0.8653737961228763,0
0.5648433017958552,-0.350919535383158,0
-0.1367615959714221,-0.12611573002279824,0
-0.6533744867526461,-0.02305392667995507,0
-1.0841360422184472,-2.135506419872894,1
0.32259726403819905,-0.5881648997090139,0
-0.6563239985073315,-0.3724931108210252,0
-0.8412998984705488,0.6017785815216031,0
-0.7909874678978059,0.16450324448224815,0
0.692276110543278,-0.24399584008292033,0
-0.21933890670957304,0.4006287328295755,0
0.39465285917969045,0.7105252158119986,1
-0.7171278762165654,0.1215782021521239,0
-0.8238205430596292,0.37731132674243334,0
-0.8246776440363094,-0.6776648147768325,0
2.4637591263698497,-0.32833070274747356,0
-0.9753312465663158,-0.037174172018673665,1
-0.18823360174820897,-0.25160074210178296,0
-0.813949096193887,-0.8364656595429489,0
-0.920827684015008,-1.3431962653309082,0
-0.8644170346741956,-0.3812854257658784,0
-0.8694810801180998,1.3623106580282407,0
1.8731984761746034,0.6788706997994159,1
0.05687967790361292,-0.2593274378888419,0
-0.667221993672588,-0.10192173390770123,0
0.22197796723072225,-0.7214395758522208,0
-0.2696140500572319,-0.18696433652120534,0
-0.8652197279874525,1.7239981778641706,1
-0.8651524762027156,-1.4359553914257457,0
-0.9115479981390595,-0.1573662175032644,0
1.5949632060270282,-0.33474941740850106,0
4.411314423092263,-0.3415274335012038,0
0.40728789389639564,0.9638434537965447,0
1.231524316188743,1.548596869651858,1
-0.6634696738933187,0.9905306500386847,1
0.29971494229198103,0.7372355577070855,0
-0.7917838900841001,-0.14888349919417404,0
-0.9282828840485204,-0.9636187633104144,0
-0.3992678635325121,-0.1817812945028103,0
0.012287478005043425,0.35298769923168266,0
-0.05584861652528813,-1.1423770996963958,0
-0.8344948977138652,0.21605636216721724,0
0.45563007631432634,-0.12601174690994718,0
-0.6368571526362524,-0.4767345177021223,0
-0.06112129913377695,1.3202605452889498,0
-0.5280343603965384,0.2636072648220127,0
1.289820421908842,0.9706063890452388,1
-0.8567468972616392,-0.24731235447333477,0
-0.10243880240850498,-1.289749977838641,0
-0.8534106825162194,-1.36104472725143,0
0.8773214562058701,-0.452040262538333,0
-1.0105373708948182,-1.7326377396458494,0
-0.8753794998848017,0.31057863201601865,0
-0.7031985947755777,-0.1084559827033172,0
-0.6194909946279166,0.4986029169100559,0
-0.892032866470548,-0.36933538341113636,0
-0.6421325210429547,-0.22241863408872709,0
-0.6380163257325531,-1.9403733238041585,0
-0.3722776706189387,1.2255993232658902,1
1.2971716956811656,-0.26813841608100897,0
1.8296435886498792,-0.4402036654915589,0
-0.599195810935888,0.7210297981660493,1
-0.28659538859729233,0.026642369364489524,0
-1.2374604689761661,-1.3744413186083146,1
-0.8833222547344862,-0.5023375443631262,0
-0.18557079303518925,-0.03768848932792874,0
-0.3593898401596916,0.36815246705453836,0
-0.012987041426629575,-0.25326095700267254,0
2.954841233777291,2.747136985056836,1
1.0934706751143561,-0.510661434387645,0
-0.8978218153092744,0.11795228517568238,0
-0.8662017468129806,-0.2523690618878614,0
-0.4848300096825584,-0.06356919003048535,0
-0.6373842373857471,-0.7175078515992228,0
-0.8556808657071725,0.336723264505809,0
-0.33305603353203556,0.003325486236899167,0
-0.6544624846864766,0.9732435926454678,0
-0.8512675649038995,0.5454236434110964,1
-0.27572217773110236,0.26707954308657833,0
-0.8599004235235362,1.82754379807025,1
-0.9474314002542009,-2.987834706249678,0
-0.4870959983707445,0.42203815591959853,0
0.41997750217984725,-0.005388487239970469,0
1.6615141267513047,-0.1369326613559297,0
-0.4323428071568339,-0.44800543548111477,0
5.975963681974213,-0.47144358031459344,0
-0.8310125972440707,0.6130819260457289,0
0.48789283125208266,0.3382484622352759,0
-0.5796144378491681,0.8977272241843502,0
0.19540097512090038,-1.268452107557279,0
0.6835202598117015,1.1129112721229164,1
-0.8553976693281078,2.412093383518263,0
-0.7922657204092437,0.20689341507718428,0
-0.6587538849045865,0.3808149781586252,0
-0.32120507577492435,0.5541582036355908,0
1.912676173985526,-0.5702562088069927,0
-0.7842406416407194,-1.3456664289024651,0
5.607938148101591,-0.27355432331279406,1
-0.2723715136702008,-0.27201627146012464,0
1.0319586664128528,0.4088945072459977,0
-0.6515005788547523,-0.3479216965463182,0
-0.7525592690094733,0.5483646983607819,1
0.17212169081284995,1.4536783591505138,1
-0.4959173978631244,1.4080372423706655,1
-0.44408988372778085,0.2432232096102113,0
-0.5474567164095473,-0.0514964869229186,0
4.159562568133015,-0.8271387216014731,0
1.2268763863504206,0.16396620754981273,0
-0.7878220247595116,-0.5731390199496305,0
4.863575988397953,-0.5239145496183132,0
-0.8240611546392576,-0.06616690015936079,0
-0.6038770026498741,-0.28729384536562125,0
-0.7885683807043458,-1.27749832931246,0
-0.845495383635177,-0.04284918099433685,0
-0.8148546210615761,0.5965344763393027,0
2.2315728624576296,0.16992702956096414,1
-0.336593753269493,-0.15587112547067022,1
1.351737477165126,0.003264559518361724,0
-0.9005842126033536,-0.027471707524389488,0
-0.08769858936236487,-0.15292713056275328,0
-0.2173909173076128,0.09001357112787421,0
-0.8387916431675395,0.20943561673788474,0
-0.8692356497625503,-0.5406838279646075,0
-0.5404700787037999,0.17032687555180104,0
-0.9536109099019976,-0.8000046345505538,0
0.487883232375558,-0.27220543115621426,0
1.2714786715839113,-0.31625141281553176,0
0.8434166223936662,0.4827427868905073,0
-0.6245367606823943,-1.2371176881659445,0
-0.7969851030774115,-0.4131363367269889,0
1.499430646599785,-0.805582515401186,0
-0.6974163529146161,2.034983344810406,1
-0.746347752649162,-1.7179401418137996,0
-0.46849455484607583,0.12074618350061626,0
-0.7526090216388889,-0.28380489464968045,0
-0.7670354603137968,-0.40866745649947445,0
-0.16836727056817957,-0.005028561898306923,0
0.5145633292380385,0.4697805429865392,0
3.201874620645423,-0.8055928213095827,0
-0.5900722673183327,-0.8660369145581583,0
-0.5306223941133962,0.03618336724621102,1
-0.6364690923553366,-0.42811333628559944,0
-0.639006643291925,0.31173129589918114,0
0.9598437368342498,0.5237627253072205,0
-1.2001699374444807,-3.2131689534117203,0
-0.8927677193081868,0.48649384600629847,0
-0.6900530045454271,0.3092804999012174,0
-0.7654258904588882,1.1987761698234243,1
-0.8336487382171225,-0.37012449813464826,0
0.18475619914097022,-0.16371536050463636,0
1.048883714897435,0.6449470390483827,1
0.705251438968353,-0.2668456555839867,0
-0.7322098384433283,1.3309539869926064,1
0.03115492456967204,-0.015696276095529038,0
-0.2172971827263682,0.2696773339506251,0
-0.040885590732514805,0.31199005799560925,1
0.2948924582623206,0.48652479926192455,0
-0.19619924006753778,0.4399465506968397,0
-0.8356059374862903,0.5321857133133867,0
-0.43569125232033634,-0.6955308561725533,0
-0.8261024541307963,0.1618788383586598,0
-0.5791857751604449,-1.4482098091956874,0
-0.7894083654435562,1.62139089326184,1
-0.7203108155942365,-0.22657306439547642,0
-0.8665503170293871,-0.360233259873714,0
0.21367790971611927,1.8415115941430418,1
-0.7114217209980231,-0.6461094930812821,0
-0.8888674903249337,-1.294018982898875,0
1.896014755535332,-0.41141094846183235,0
-0.7837742479507834,0.45329201221157606,0
-0.018915230284385003,-0.40258767639770116,0
0.8892138874122526,-0.41321563703200626,0
0.14706659286341758,0.8556522511440576,1
-0.8510567397572679,-1.075458208387455,0
-0.7680356462267084,0.6705140089705298,1
0.15736889682817787,-0.4021165743187619,0
0.5301527534272112,-0.1454656692078344,0
-0.15700588546617608,-0.3663154096422693,0
-0.3230661159121984,0.6614063003015141,1
-0.6719894976176642,-0.44811580457157707,1
0.21406073678954218,0.11229426996072207,0
-1.051025273525258,-3.9990755433217675,0
0.06745907686607637,-0.4778650784669581,0
-0.700338034717512,0.5337035552392704,1
0.07466393469839568,0.12006794498553443,0
-0.20019947276400565,2.8829176892726043,1
-0.5935223473726532,0.0973595797338998,0
-0.9986956910284828,-0.9964663451503354,0
-0.670523455951921,-0.2701752811137169,0
1.628355393598815,-0.45097682526377975,0
-0.49520361634671484,0.4512642792563758,0
-0.3099418011410179,0.8442485484284858,1
-0.8619789720832609,-0.01622490585971596,0
-0.15816309661402134,0.48172098821918485,0
-0.021537078529301076,0.35160167413588056,0
-0.5074204933745229,0.22964685146606822,0
1.14453610783903,0.10827905833610209,1
-0.4453971499155212,-0.011365434215402826,0
4.50223685045455,-0.573673649362727,0
-0.6886573597684713,-0.22244440650500508,0
-0.3559088742075479,0.6290471711302225,1
-0.37084206925083535,0.07400431626991838,0
-0.857368721319604,0.20030541908305102,0
-0.8304029393470185,0.5869188986526828,0
-1.0807086076924017,-3.4818341571141667,0
1.1423102729119357,0.8672469520798934,0
-1.1036127625623386,-5.471641935383991,1
0.33236250731852945,0.9011352762038628,1
1.7847246204193505,2.6084209054494374,1
-0.24471620802817773,1.1910473166917641,1
2.262449724556453,-0.0002863398224352429,0
-0.8041626192814263,-0.010717446194600355,1
3.990286562939223,-0.4521573338873877,1
-0.6976643468483797,1.0245955456846367,0
-0.7430245083447067,0.5060133535827923,0
-0.6810854343257877,-0.5480818548870602,0
-0.371910007410195,-0.18482697723590913,0
0.5512241139595464,-0.5010450817292471,0
0.1873469042946146,0.5630174458106093,1
-0.5882982800968948,0.7156291490817627,1
-0.2812909002089842,-0.2542743524538541,0
-0.9390790471787387,-1.3306277994220541,0
-0.6710793445906832,-0.9422026943494659,0
2.571402735302119,-1.0830679199680566,0
-0.6131321130094726,-0.05816888041101277,1
-0.8995039980742491,1.5846426333658694,1
-0.8495249795440292,1.0980096777277446,1
-0.4068367638286363,-0.5635425211822193,0
-0.567844254129207,-0.3699404493753795,0
0.2867172113186792,0.5190044791276784,1
-0.7072667482738436,1.5872319473422916,1
-0.08159613419503918,-0.46198439427262483,0
1.2483637599600894,0.23461995873765043,0
-0.7300780893198073,-0.6097033632394151,0
-0.6606570386038289,1.7098213971459186,1
-0.9305241130821431,-0.10225437555416272,0
-0.08594838613215411,0.22411490122358035,1
-0.08728230805260762,-0.24926787393030514,0
-0.8431448608021286,-0.5246222242654804,0
-0.8741743645190855,-0.3882379789314795,0
0.6207928084334962,0.2240133912631732,0
0.6846331626834116,0.23814242602196117,0
-0.9134551809515165,0.6963420976952092,1
0.18036786380108533,0.0838487869413993,1
0.2228351682660796,1.6548908253160295,0
0.3483844153590744,0.9711845777053514,1
-0.03544333758714618,-0.17449134018527898,0
-0.7163799633075543,1.3804987788099379,1
0.04453430475922943,0.14184016430379462,0
-0.9412837305053372,-1.2440427236649496,0
0.6889460814850134,1.0908530800950536,1
1.0635782197308856,-0.33443508277568196,0
-0.8563278661145903,-0.5232109481675391,0
-0.8499387887404822,-0.013257419207895454,0
0.062352996691695146,0.2584597523712849,0
-0.8908914524286871,-1.2170927140109797,0
-0.2969586897355804,-2.181570077110559,0
-0.26293698447734676,-0.7174021654397531,0
0.25884845440007903,-1.481491161286442,0
-1.1126816196053926,-1.2834500193743348,0
-0.6210936218471295,-0.8052258445871054,0
1.9048759705549296,0.776093124430254,1
-0.0008521976475932639,0.42181887554729186,0
-0.3999530190314021,-0.3543224897924871,0
1.024877416242617,0.6692592429582834,0
0.46345243085207,0.26730275421800764,0
-0.36956895348422325,0.10182000276588257,0
-0.2320523649036418,-0.593137225605676,0
-0.8952256993240949,-1.209355716131384,0
-0.8401807855608298,-0.6368471221972188,0
0.22073631949663272,4.050799946384346,1
-0.8783821391428752,-0.18539485202723863,0
-0.29583429625801155,0.2904954783161711,0
-0.48976189685957217,-0.21947884076818594,0
-0.541590697158608,0.4176529717742144,0
0.3946733853264052,-0.1919613817178434,0
0.21466236720339094,-0.13646521484097643,0
-0.7574021045763477,-0.15994338045091996,0
-0.4940848763871945,-0.025745263189098276,0
-0.37884184272231086,-0.2714497395647376,0
-0.40752129322254615,0.3010730507659899,1
-0.3681464405059238,0.37528112967796023,0
-0.5234008832923687,0.41951620031686837,1
1.2765973889823161,-0.43047101813396377,1
-0.5137584057987461,0.2065588267479709,0
-0.07025771524360136,-0.07274646502541365,0
0.878896721892171,-0.06500380956789237,0
-0.8307864390293963,0.32306305858546025,0
-0.7981105511241596,-0.015153183438017788,0
-0.07409832873700756,-0.5482494299771091,0
0.1455401987179622,0.011487596750630949,0
-0.9078260543224008,-0.9648014790052012,0
0.13675913019386723,0.23678426255411958,0
-0.843463228759561,-0.7078566859621599,0
-0.806601217382709,-0.193612298081669,0
-0.05952386953283939,0.14992290846785314,0
0.4523404655337117,0.058371605714968355,0
-0.7453911003937888,0.05754330402761863,0
-0.4108681997263472,0.9119444265240022,0
-0.28600195170223724,-0.38356304779038175,0
-0.398499056778173,2.028475232092461,1
-0.7517425415339658,2.050683622521318,1
-0.405808998975504,-0.08398248064245646,0
-0.10760838268600328,0.4229032526343486,1
2.9685225251634955,-0.4938365680168548,1
-0.8795181090376781,0.05764529085267441,0
0.8972389016210967,0.6753318141594179,1
-0.7828896033921227,-0.08790402694314141,0
-0.1611852233305098,-0.30246111635506007,0
-0.6513970659517494,-0.6281041969025681,0
3.2136093336904037,-0.10238369859105913,1
-0.7496133645032275,-0.4549682123994921,0
-0.7201822715565024,-1.4242404101092185,0
-0.7152155811450841,0.01836529729193263,0
-0.7982794516291376,-0.4950896744168981,0
-0.33991896804653676,-0.27288804107363746,0
-0.8276196459656229,-0.19035093253670404,0
0.7132679673948785,0.8330234596822855,0
-0.9368201411326744,-0.5499502593160771,0
-0.9174136520242805,-0.517838109211154,0
0.8324623351228885,0.7621079930875215,1
0.020039633386694213,3.4274313491626462,1
-0.5898863721295324,-0.5729458585172037,0
0.11539524731478565,-0.3939452639660024,0
0.8793930110807608,0.1431446336943753,0
1.300042541826457,-0.4127075169531977,0
-0.674628771269364,0.07260017819639797,0
-0.4406007516121525,0.34895437612995134,0
-0.7851955618570392,1.697029096497163,1
-0.2541992414864121,-0.2786901324569902,0
-0.5411118892063772,-0.42530833665507795,0
-0.45005197842643496,0.24855564872416472,0
-0.13751551392788822,0.9066700860040265,1
-0.028450779639598658,0.08460331241617855,0
0.4694820391482117,1.556373654745347,1
1.0003978610980546,0.47777496841632605,0
-0.7875217553128798,-0.8445390095603243,0
-0.47926966804041843,0.8696269571830487,1
0.1047358458009754,0.2168991488059625,0
0.26453043801184933,-0.12663105881002593,1
-0.013080202780045581,-0.35498788301541684,0
-0.1834631451134425,-0.2394932137673279,0
-0.5746813795100002,-0.5262396095375418,0
-0.8057914390764922,-0.24126894805818178,0
-0.4794985678099984,-0.10964131379279303,0
-0.6767755352727265,-0.3857130908778238,0
0.4687888747914004,-0.5340646117593166,0
-0.8046776147508972,0.014215980814077461,0
-0.6186906976703743,-0.22968402820100467,0
-0.6890265952067931,0.18825004458034553,0
-0.21103812814651945,-1.3838833659507923,0
1.9461887989962587,-0.24392617838863678,1
-0.37041322095389434,-0.1614254252721343,0
-0.7428464984083711,-0.19993742269433687,0
-0.39705646556852797,0.3115488429458392,0
-0.7185326996393685,-0.31501279105930563,0
-0.46750295502210754,-0.05075085512078594,0
-0.42452966638028733,0.7725166820152303,0
1.9485117560054293,-0.3101442464835424,0
-0.7619617145217437,-0.2795408359708357,0
2.269342025926362,-0.279119072803753,0
-0.15153511583530346,-0.703580802132742,0
-0.457688784986201,-0.8735675541495065,0
-0.968361649899629,-3.486925033302783,1
0.17946506297734152,-0.09113612701463929,0
-0.8968280844759752,0.9652207569424909,1
-0.5910311378655075,0.48071099033861464,0
-0.8037649099854929,2.065671030442573,1
2.156410272935996,-0.2746687591390891,0
-0.8890176774844293,-1.6060315822219418,0
-0.931246833235987,-2.5374819702447944,0
-1.0457831731695,-1.1122313056723632,1
1.7138069394302309,0.3327107667074123,0
-0.4536691959079868,0.416878963270362,0
-0.8003659053682627,0.8533087690645336,0
-0.21041452322222282,-0.07275779859079698,0
0.42033916606323685,-0.1638762170519804,0
-0.10347107866774582,-0.018538743426655846,0
-0.5543094050166568,0.7336704058095059,0
-0.07092107512521752,0.7697203181536252,1
-0.4025872974481364,-0.11674775048585082,0
-0.36471535806824273,-0.2494051393638496,0
-0.07660120185538057,-0.1942886571350117,0
0.6971922951205375,0.13768161209630375,0
-0.8054427041895951,0.00784433038527731,1
2.3528297307782697,-0.07422360149287362,1
-0.8745868371535309,-1.0750918531583111,0
-0.7498377407607982,2.2182033602201012,1
-0.7806515720805912,-0.0009440335252171455,0
-0.9228336183713016,-0.6278857653349259,0
-0.4739152429661114,0.6099169138005662,0
1.8485901868650711,0.4009456332530418,0
-0.8303612440590431,0.42030724287320476,0
-0.5813852430165569,-0.3896009813133062,0
-0.5659586610026615,0.23846362584172193,0
-0.5929269950996842,1.2343236509530118,1
3.853944040263934,-0.8262942643174038,0
1.1931591217087925,-0.07346097036238809,0
-0.8258576744052328,-0.4856645351558111,0
-1.1109959036582255,-2.197875624078882,0
-0.5811829565318639,1.6462746864964537,1
-0.2642285757097724,0.48087528864347834,0
0.08400997349825055,2.755502329470555,1
-0.19054235143047366,0.7612388910488114,0
-0.8849710364141717,0.7221900164507375,0
0.7014418650231902,1.9331483398664824,1
-0.8206588662611924,0.8190660847682456,0
-0.7376310823885879,2.1850929080686243,1
4.427555801010921,0.24689384582378507,1
-0.5038484813703215,0.4306223401783874,1
-0.8990584035234613,0.9110551269714,1
-0.7870318273047243,-0.01545866893196348,0
-0.7221795196498554,1.1393151210398809,0
0.6941697305458218,0.969815494950949,1
-0.386709297183105,-0.0952403375741596,0
-0.7849464364039119,-0.15473752518312361,0
-0.2654224160046827,-0.5067208420693288,0
-0.35073054776512996,0.6743345396960557,0
-0.042130016486217205,0.09946620063923203,0
-0.40223005670008055,-0.7296938744717342,0
-0.06866799951729642,0.047143877622550304,0
-0.8244844509334415,-0.11509354939771815,0
-0.8614790161820811,-0.2733263175021072,0
2.8644468591982797,-0.645802430738853,0
-0.7597325789710452,0.7333329187114399,0
-0.4675591074381071,-0.7929904364563253,0
0.009026250803996856,0.03561460126604055,1
-0.3644488953907119,-0.32446240216753724,0
2.1472940784561443,0.2624335126302894,0
0.6746117700898407,-0.21240182694802456,0
-0.5751532030794393,-0.8061083610664281,0
0.684043029593919,1.3640747599538199,0
-0.950947533929574,-0.015443703652808144,0
1.816207310947186,-1.0268191936262454,1
-0.3150652576188819,-0.31558823849240747,0
1.6288855158632642,-0.5671027099014526,0
-0.5270434193457125,-0.529897464318554,0
1.54984840475876,0.06143302844227094,0
0.11120717476734227,0.1600628547161037,0
-0.7181947570994139,-0.04414683939567362,0
2.287343294666152,1.0309385752923765,1
-0.25685111383879733,-0.599260290138058,0
0.19850705368481372,-0.9703003111309723,0
1.0816850258546125,-0.006398158687190396,1
-0.14303199935730246,0.7353530100330335,0
-0.9696754901384238,-5.655162929075384,0
0.7446890222497112,0.5927539931174641,0
-0.9039263374704392,-0.8214422349167065,0
-0.48792612416308717,0.013889118226189523,0
-0.7807747872604213,0.2493664622037883,0
-0.9246223928561011,0.30002260280872795,1
-0.8771669030955404,-0.49992941891479553,0
1.8583895864375068,0.13253971440919377,0
-0.6529973950228516,0.3451113344037664,0
-0.7516019651122843,-0.5332850786192801,0
-0.6422550011846515,-0.02284016295216844,0
0.7533773869381747,-1.190318328962236,0
-0.6898618051308001,-1.6700336566296132,0
2.732062983442095,-1.1728304764099797,0
5.030140208887198,0.09952668380776597,1
0.10345335184489429,-0.06682512305892992,0
5.066499997493035,0.9103946737531293,1
-0.5474964883962051,-1.6388825802094458,0
-0.6895467782758918,-0.011667166919938462,0
-0.8224150637577377,-0.19935715564226075,0
0.20909802959762136,0.551417510280827,1
-0.7277565672824148,1.9974702927150743,1
0.1793833490478987,-1.1080344153348207,0
-0.5479431384694106,-0.43381066144947794,0
-0.689171307488942,1.9301725097108464,1
-0.581984082984701,-1.0901503072843235,0
0.21432757014161813,0.9569626563597391,1
1.047668662647631,-0.12247439581640446,0
0.28877098196399065,-0.3445631953777284,0
-0.015331287626932947,-0.35531862936500236,0
5.2837406233571675,-0.01996503594697617,1
-0.526709718603003,-0.4050580458148852,0
0.7191048970264089,-0.6265654884345686,0
1.6763947191279942,-0.2328478205471074,0
-0.699669319016434,0.6581101446948088,0
-0.5812287563079359,0.40864334001228597,0
-0.9564343949783141,-0.03485246371795557,0
-0.8178736664118827,-0.38787924050660494,0
0.2788756955107534,-0.4642180027617827,0
2.1140368943399297,-1.4419849861792953,0
-0.44628444458080246,0.7778425401476434,1
-1.0047235094192293,-2.2286369019326773,0
-0.22898339641987187,2.206024259914783,1
-0.673733731300082,0.6631867229336421,1
0.054034006887755504,1.4193568111956534,1
-0.9939177047531224,1.845085879240213,1
-1.0805252258746814,-3.3544661438938053,0
1.0616816773184143,-2.5316026988147304,0
2.335208253714432,0.577937719468245,1
-0.5537331607292503,0.3564365191733098,1
-0.45166940571400765,-0.17698581462150642,0
-0.06845920637519473,-0.2237440011895888,0
-1.1790987203024643,-1.7388440760627886,0
1.7768107215237683,0.5596653614304601,1
-0.7396131603786155,-0.6345259403403279,0
-0.3336551646608334,0.00574239475988178,0
-0.17009522727985066,-0.13894315899799065,0
0.6187914455827268,-0.36781427415118,0
2.2480601379449316,0.9426450066126284,1
-0.7215862088930126,-1.6333636900314275,0
1.0104936680615977,0.4900578787950488,1
0.8127884665465239,-1.6714169754677117,0
0.4513298422349997,-0.607026806162548,1
2.1208903093371694,-0.17887090303214268,0
-0.7875065008062466,1.3734519649407269,0
0.45730805685599035,-0.08324732948084751,1
0.5637179455637006,1.2595850960773416,1
-0.6838326740236331,0.23958659284745307,0
-0.3304396533695608,-0.4260049040994566,0
0.6485089644210517,0.48183813591691027,0
0.5257035968406065,0.016907733365923692,0
-0.8315629822209413,-0.29538031451463304,0
5.9039667988141415,-0.676838721451858,0
1.1050383433800492,0.19714281485816942,0
-0.2924196264711819,-0.4482806636937239,0
-0.1696946705020299,-0.3442869360048239,0
-0.7142331055563954,0.8984803618587737,1
-0.6819469433975536,0.33486807668875634,0
0.07795718556467278,-0.43076683324139853,0
2.006773151596468,-2.2452368589638585,0
-0.4350228448683574,0.5666123156369705,0
-0.08921367293629898,0.04375891700828071,0
-0.31729736156739957,0.10207654537541397,0
-0.08744609752062381,0.7862150240247242,0
0.34942565499471706,-0.009768961223123035,0
-0.5156224611958456,0.2149057782454508,0
-0.7327224260084301,-0.7751121216443362,0
-0.6973019528402319,0.5954125753665807,0
0.5727350414998891,-0.3592607985024607,0
-0.4933095248969175,0.18294661437190762,0
-0.7707487224545602,0.5827862708571977,1
-0.6355093926517699,-0.721490336380057,0
-0.7309404429233264,-0.06670208506293812,0
-0.8239384955618922,-0.18369339686335875,1
-0.9193926720321463,-0.17511537175855799,0
5.537209176233434,-0.48808135521446755,1
2.1109649125546937,-0.2724793894122102,0
-0.8023197412285907,-0.3363003894374745,0
1.1228471601240777,-0.45918114813236166,0
-0.8397179867271843,-3.6989889765220907,0
-0.5501489201560439,-0.21830223389660358,0
-0.6969241695107097,-0.46967472394154236,0
1.1892826861862187,0.4658339682536739,1
-0.08026585396363568,-0.20009364360925727,0
-0.4042028823549016,0.6314805173957011,1
-0.4992503746783719,1.5156001404728714,1
0.042977263764396215,-0.020014123473038662,0
-0.9117627188322986,-1.0610125065997602,0
1.0251059488466432,0.8430223369808696,1
1.1902520854019072,1.3720114825882068,1
-0.7665363045508461,-1.011138865609865,0
-0.7166977152891102,-0.08021402558963849,0
-0.6925597797876459,-0.9093576345351135,0
-0.7749677207754168,-0.32354959616765866,0
0.5977533796439819,0.7646697604107482,0
-0.874829699180945,-0.6188628627393615,0
-0.32011238573905737,-1.3555781546602694,0
-0.4517228941699325,0.06335988759215556,1
-0.7328422997616301,0.08836376441588999,0
-0.9267822021834373,3.598520743320787,1
-0.45701244264671825,-0.2865454928493598,0
-0.23637229910175536,0.32665030515606475,0
-0.6738608946754551,0.04204814677215376,0
4.6350758666613645,-0.4442348390099718,1
0.5745396111427505,-0.27473704676726396,1
-0.39996813533354747,0.3705051650838436,0
-0.24705635976374757,2.8628156211370825,1
-0.11737118372761231,0.021724417986125684,0
-0.27168789301995483,-0.32213949606396175,0
-0.24593406808404727,2.6902842975574153,1
-0.35794325032992264,-0.0968781841990691,0
1.286275871957956,0.3303678196196819,0
0.5881168624868426,-0.1301658679243336,0
-0.7385230731378701,-0.45941065451865043,0
-0.7512352399350302,-0.3670458103198635,0
-0.1306797969744808,-0.49862746404522934,0
-0.5343292038137443,-1.53804776454635,0
-0.014563401058269638,0.5286153219787713,0
-0.8671983938422431,-0.814158717023818,0
-0.8861829112760969,-0.38704059867515356,0
-0.5665430364927121,2.374457607706121,1
-0.9480261838229613,-0.7020498411501847,0
0.30646534642268497,-0.5511340711314091,0
-0.7045021093490446,0.4911994144842345,0
-0.35551241167927355,1.0762670750456347,1
-0.6548790963995427,0.8180466409016315,1
1.3507843380248705,0.08489278729518221,0
-0.07263827556058329,0.7657193676335166,0
0.9155383171513215,0.6513380253187073,0
0.8196152778698852,0.6191174979536673,1
-0.4427381183210173,0.32352720500538956,1
0.7240118948097638,-0.2430660130144563,0
0.8234518835318348,0.937695786719981,1
-0.7416621898439705,-0.02656469976119477,0
-0.7086626135545262,3.254082896247015,1
-0.8652226606634267,-0.9521564008192112,0
-0.5675153229120532,0.6694732955719191,0
0.08216916814384968,-0.4184879895615402,0
-0.8546427560389631,0.24609984051678313,0
-0.9401335834786013,-1.1966566473919378,0
-0.18416941708360626,-0.5140707106831244,0
2.9373272986031633,-0.7074460179451659,0
-0.4076374044310527,-0.779405216375737,1
-0.4439558652717189,-0.6656162154277104,0
0.05391137507157814,0.42170827140697453,0
0.6268497247804036,-0.14068159196463434,0
-0.5820594467070654,-0.884669623706937,0
1.4826060493436484,-0.543434219484472,0
-0.4558889937056106,1.025644841043251,1
-0.8500722079071477,0.29092970161653686,0
-0.8498375715930321,0.39730301763660636,0
-0.46528998985414094,-0.12859845321913763,0
0.01946363672792625,0.6178120871950112,1
-0.6583563615678044,-0.5910975610436049,0
-0.7939778372462796,-0.26728682348389404,0
0.14054750106537783,-0.24414279231549973,0
-0.6792394521508501,0.6995855154153444,0
0.05675480600612487,-0.22812844646046498,0
-0.26193713565734916,-0.09267223475011066,0
-0.29328130792614054,-2.5185658823438737,0
-0.04826034092798074,-0.10185697878223145,0
0.32517491650975905,0.0762838085720647,1
-0.6904987206671711,0.8056730460810411,0
-0.6683303126097433,1.2777060412983614,0
6.988892569814449,-1.5429036524623492,0
0.1686200579356295,-0.314504663521892,0
-0.814577802574941,0.05736819911655234,1
-0.9294893729303497,-0.39768987542995266,1
-0.9328858217571253,-0.7843919420988378,0
-0.7497815120535064,-0.6633552660459943,0
-0.8960417508640783,0.043570284303258607,0
1.7257666738557864,-0.02350043253115099,0
-0.7866178569003358,1.0075358664426648,1
-0.6501893325719523,-0.19118401298669987,0
-0.6806866270259252,-0.9741700284802779,0
-0.7999229485077607,0.4635415445123424,1
-0.852560873859287,-0.12267101214911019,0
0.3650190531745078,-0.3997983543923732,0
-0.7723459824680864,0.6384420249952866,1
-0.7941599626104103,-0.5314032755538175,0
-0.2648580718170513,0.07429394920165129,1
0.2987741652863541,-1.1765680313125089,0
0.2598186937180364,1.319576711954,0
-0.7582834849127232,-0.9376945130908855,0
-0.5995995125581765,-0.18165744625618532,0
1.4772322775175752,-0.10362155232664778,1
-0.7121344270272328,0.054428569153561944,0
0.15247530089682237,0.030121170234586294,0
-0.5445376233782308,-0.23847688851016285,0
1.1726015916300268,0.0601040671994008,1
-0.510046028364734,0.9941729262030158,0
-0.9220057624670951,-1.8496131614827471,0
-0.5125190277628313,0.4925852400713667,1
-0.8338608694493977,0.615489212330871,1
0.2873118603345088,1.0091781799321398,1
-0.7901863119001796,-0.024354699105358833,0
5.803860815406943,-0.20205361708107616,1
-0.9335429044672939,0.2536169958688468,0
-1.1534044331658617,-2.3768023678202868,0
-0.45752289054068257,0.5050761122713616,0
-0.577378015218397,3.0152463537959044,1
-0.8735375556844919,1.9969598610779422,1
-0.831673190845787,-0.09699256717017703,0
-0.7902566511459148,-0.7240854135084082,0
-0.10745225320769682,-0.10707966560203298,0
-0.493318977825046,-0.6414596992232553,1
-0.22026254895586636,0.43022266855585317,1
4.434232616750345,1.5009756773835397,1
-0.5497676009095591,-0.3615743256432749,0
1.0674081782904685,-0.002772711054355663,0
-0.7758338300315565,0.20245285188365353,0
0.4656022349840515,0.4212551986598386,1
-0.8463266235039633,0.7192633663048159,0
-0.0527612339446513,0.3027628005470962,1
0.017262260130198593,-0.5361641441010416,0
-0.8290387069348172,0.29150713964862734,0
-0.7621788163863885,-0.19344023595029933,0
-0.751715855190206,1.4497904959205536,1
-0.5015243540596607,1.6433697370669547,1
-0.780131605978186,0.07711889209925982,0
-1.0052796393352146,-1.7001730454879507,0
-0.6177546554084801,0.2543273856447918,0
-0.35383040776839947,0.28961128466440494,0
-0.5810336937264703,-0.4295350159095397,0
-0.9981674423100737,-1.0962259616214263,0
1.643929791659704,0.6058811702450325,0
-0.7617641697639046,-0.511402702762104,0
-0.8011687660252743,-0.9319795422069438,0
-0.4199886438825104,0.045441099675853955,0
0.9900770121586588,-0.022592259075442944,1
2.2869392606941656,0.13456008923456558,0
-0.9905650798915442,-0.9457592100898015,0
-0.6784554347760126,-0.10117123998445383,0
0.9877048816156226,2.2916630687607795,1
-0.6538697492524747,-0.4344842411812674,0
-0.633379370963902,-0.8552110657748675,0
-0.8805402288362918,0.07879623063982275,1
0.7713848705906042,-0.23696313786921147,0
-0.5871639716439984,-1.0914869419698083,0
-0.07054251805215957,0.7378904549128943,1
-0.850944079080747,-0.2515237569116201,0
-0.663360798264446,-0.008829463193530207,0
-0.6958420556858596,-0.5089666614931699,0
0.22661048975988093,-0.03584949286910991,0
-0.19726444749938907,-0.2264565300057182,0
0.9446071878028541,-0.11601796934694034,0
-0.12263385407150244,4.8295769698780004,1
1.1176102096690999,-0.4916676523615375,0
-0.7088844356844054,-0.2975002046249932,0
-0.33587920392658854,1.237857195927381,1
-0.5216957028228648,-0.022852737121792505,0
0.09653477616712033,-0.010271044704592964,0
1.5983376081903655,-0.11694611255571781,0
-0.7622418060024061,-0.8060909882847397,0
-0.8812806962802274,-0.7929102998410317,0
-0.9834731251102591,-0.20366170273364986,1
-0.8408235125692572,-0.3212948747389943,0
-0.8553218235483449,0.7483372813802267,0
0.7833602803854178,-1.320837836799726,1
-0.6418903544402942,-0.556511524117192,0
-0.7336246670208166,-0.7488871046892605,0
2.9102762150580515,2.058894645492555,1
-0.9266713445326745,-0.6701567988820598,0
-0.445923740954642,0.20577369734289205,0
-0.27628963501534276,1.6721160548410838,1
0.34945612602148446,-0.018482355244598226,0
-0.8171521586830572,0.4053491732037755,1
0.5869099763078379,0.08607170045335162,0
-0.7250104626969709,-0.0732476594682751,0
-0.7546146816257933,1.0830165240735263,1
-0.25755083576702925,-0.19567615532497717,0
-0.8556038887919689,-0.18051700441792584,0
-0.0167227634032032,-0.3407194125130277,0
-0.13102700016930202,0.4182339580320816,0
-0.7226768268887314,-0.11610706834594707,0
-0.8778037195871996,-1.0588627030564892,0
-0.9452149321874146,2.3226227091688574,1
-0.4312426751646682,0.6839594283217997,1
-0.4627572083466227,-0.0018265683365919366,0
-0.6791146322334366,0.29619850370283973,0
-0.8906372448295409,-0.12330652396256603,0
-0.3816489568355495,0.2653067731861894,0
-0.760213743503534,0.15677379452718634,0
-0.5060111206110062,0.1936456145955894,0
0.09487036459219614,2.070757811066916,1
-0.8130847252236636,0.08223523140338339,0
-0.6201370876324888,0.32201911796010524,1
-0.2525458876577336,0.25588373137420073,0
-0.6601474523169529,0.250629269710546,0
-0.8934349838059169,-0.6995095116646519,0
13.936119611832806,-1.262561752705867,1
0.18178876652220563,-0.6934331040102778,0
-1.233101322626377,-3.725912019542144,0
-0.6852667653993848,1.6151007795180734,1
-0.35568818421383425,0.0024291837393919683,0
-0.6374007210412858,0.2640827183135688,0
-0.8480340989109089,0.10185752595918163,0
-0.6275401277264736,-0.26011347350210956,0
-0.7142113232391307,1.3083974702395278,1
-0.06575537024029701,0.11499339197982038,0
-0.7390200679508457,-0.80534040352958,0
2.854071319691273,-0.32039995572247504,1
-0.19111952281237285,0.1446148362783396,0
0.41819430183479567,-0.9897362614327838,0
0.9751028073099405,0.4465417401464005,0
-0.8063908702665578,-0.6049599299048414,0
-0.3918991418895327,-0.09188152458995405,0
-0.08177101364425299,-0.2515038794826244,0
1.1336815376104188,-1.783163739483522,0
-0.22777691344003964,-1.1291696720020765,1
-0.7384386646569245,1.0575761771529586,0
-0.5287285503614405,-0.7609686303728047,0
-0.7370659841719646,0.4530864486655513,0
-0.3717917526958218,-0.024420913777157254,0
-0.7909585998128464,-0.18809282863760535,0
-0.9551454181925078,-0.6531807873780617,0
0.37297318248649924,-0.5461000644440953,0
-0.4004138946785773,-0.24443036211432773,0
-0.783199806635251,1.4164463875266573,1
-0.16968540023706896,0.04947159008621667,0
-0.7729284582037019,-0.03380197490024618,0
1.5862061861709436,0.802701125383053,1
-0.6606656652195755,-0.7354316062149059,0
7.941893842425713,-0.97657844777371,1
-0.8423207486542764,-1.2705142495330755,0
-0.8049880075255617,-0.6937333705217749,0
-0.1523518606007349,1.0291422262545569,0
2.335870671876691,0.37550389950016505,0
-1.049135585915781,0.06705871865701328,1
0.41784623014325406,0.07303246031037769,0
-0.4868103609285708,0.22673351500402997,0
-0.2552576145130002,1.7924615513257727,1
0.9204662853261649,-0.39840364776331644,0
-0.7669849638243564,1.495313591326684,1
-0.2917827594189242,2.7063054356280425,1
0.10174161801785314,-0.1582092899133149,0
-0.7033441949302681,-0.13089776735867745,0
0.6760163387424147,-0.1378757499737859,0
0.24856230045645505,0.0474431047596724,0
-0.9009019116955803,0.6169525466298532,0
-0.7881507470998468,-0.6929239375818697,0
-0.23367125808303355,2.7586739479034126,1
1.2519371573468303,-0.27810941861557303,0
5.55822091584307,0.3233485498604906,1
-0.9132251898598732,-0.8228686967945904,0
-0.8292344956393941,0.4222118673390853,0
0.2431630218209928,-0.05293467459676884,0
-0.08707152555682766,0.05981592503183861,0
-0.23858265196124506,-0.31611063704453163,0
-0.7124562354745888,-0.2110405274430915,0
1.501937811887283,-0.2593857140128885,0
-0.805321579959578,0.08295274732433511,0
-0.7878059152243038,1.1034948352960892,1
0.42426191410523856,0.05358749665560756,1
-0.577222931513661,-0.522785373095689,0
-0.7005114672066469,2.072200938045378,1
-0.21453527533616162,0.20504760549595424,0
-0.8814894738621201,-0.592778484017999,0
1.798886122071869,-0.973647120124226,0
-0.264265415964005,-0.06389917219121417,0
-0.8322850959976719,0.5617764339152097,0
-0.07024033871343897,-0.608377413348278,0
-0.9145178716636179,-1.1289307260238326,0
2.9335217087595042,0.5877350525372959,1
0.4861066235005856,0.40643517261029105,0
-0.7708381249348191,0.4316976000928476,0
-0.9615021760320864,-1.388083293162567,0
-0.6229841838210503,0.09935220774824334,1
-0.7829819941723019,0.16317190986985164,0
-0.42161755061610456,1.7304621076432793,1
-0.19823271543891144,-0.737133087920139,0
-0.7385027405079908,0.8634713771018115,0
-0.7974477114270975,0.19440656528831546,0
2.2600824902966066,-2.534923928101068,1
-0.7140808207254946,0.18373998781328743,0
-0.7165591414030658,1.0305371083414971,0
-0.7567290574832864,0.8313063253254709,0
-0.7484220717948564,-0.4663628560934566,0
-0.49072519130821696,-0.2183988746150237,0
-0.8869533681481718,-0.7470170498786871,0
-0.5190904837531748,0.37992928002385684,0
2.7996272809236418,0.032610016705454305,1
0.964361357589736,0.21420202673566657,1
-0.3582297040993816,-0.13692592050921093,0
-0.9025024682783612,3.2773348062145495,1
0.22395711079074218,-0.21036939964205495,0
-1.0447612612536719,-0.9723497844230665,0
-0.6729312449892244,0.8034187755393777,1
-0.5506450593419556,-0.8159054712954454,0
-0.8459392908496197,-0.8026723209859167,0
-0.598129549322659,0.17239106525356604,0
-0.4522101743821888,1.4609130631495757,1
-0.6824905810963748,1.524417086142652,1
-0.7669731894126274,0.40289105079141097,0
-0.8359523264048364,-0.421438286843795,0
0.17363810225487605,0.30995821039453,0
-0.6576212780440733,0.5949391418664091,0
-0.834779828072873,0.6383163071753463,0
0.9399692664207079,-0.18516650147493444,0
-0.5768577844437808,0.5851693676400013,0
-0.8591094980166426,0.5070999805157793,0
-0.4133806731092274,6.883502897948958,1
2.4996494845382595,-1.034623928732212,0
-0.23493920804496315,1.2798860080181007,1
-0.8414442253227691,0.5485938301866855,0
-0.7387132056815191,-0.9914976652341304,0
-0.8423312751534185,0.33458663548195966,0
-0.4252825884254072,-0.1643126000690899,0
-0.8611847202994772,-0.351475909775397,0
-0.8656799266199564,-0.41708081512348794,0
-0.05887257410326839,0.16744966349477358,0
-0.47158530830408163,-0.4191546385842089,0
2.5288064040263123,1.623178426389049,1
-0.6172360629384885,0.2560368241663601,0
0.8541368883239393,0.33638460573833046,1
-0.6015650719523685,0.43190250325765345,0
0.4337830691256975,-0.17411070279874677,0
-0.8376537337833676,-0.7765071756327697,0
1.5104680897845055,-0.32081852863977245,0
-0.49099831092591734,0.18504153222210568,0
-0.8110120267506651,-0.19494199771552148,0
-0.6659388168714503,-0.25275430066904325,0
-0.34896620944481854,-0.47531293171173084,0
-0.7082322043328543,0.6336636825921209,0
-0.6349591531535891,0.2990586732623452,1
-0.6759707971462039,-0.6187868085269344,0
3.3875818714529498,-1.0263579359506338,0
-1.3157465349093795,-6.002618528636344,0
-0.6898669400569931,-0.1498208070789648,0
-0.34826227249529584,0.18217660590741758,0
-0.8473385693617442,0.3646025078583155,0
2.419684377670155,-0.17531793010860638,0
-0.4771003103769009,-0.30469194799723837,0
-0.4847864343334501,-0.4899217043978909,0
-0.4814233252319529,-0.22997040930442056,0
0.18604779922227288,-0.20007421828492272,0
-0.3141098647431583,-1.0924152066404684,0
0.6495204047741366,-0.9408882848972143,0
-0.8035118963042704,-0.6073879157878369,0
1.2147010902493185,2.0539503244099233,1
-0.873660860998961,-0.43178305738766815,0
-0.4626849388892413,-0.27491968617715645,0
0.2622216883959812,-0.038770941753987806,0
-0.5637210905730405,0.3241817614610514,0
-0.797182352723426,1.2197544989905533,0
0.2534588275821015,0.045474387042373325,0
-0.8866315835159679,0.19794848251831254,0
-0.0686320351481934,0.1261147709281013,0
0.41117655490306293,0.31160014700402633,0
-0.49485944052819136,0.42717424148882627,0
0.6834967179673267,0.5117487096542246,1
2.120912648133311,-0.08681235081828646,0
-0.5020805852692573,0.14418905611270622,0
-0.7887371402111174,-0.15356228464695015,0
0.09103429055429872,0.15682837429852456,0
0.08096125919242828,-1.5036922907268586,0
-0.7542901111679088,-0.2576772040123655,0
0.10030984347403611,-0.6978607157845979,0
-0.2345407730821231,0.16613493752697697,1
-0.7114576006806823,-0.21356990097993683,0
-0.7429509170689312,0.5712778803359131,1
-0.7536234949334863,-0.8277391241979826,0
-0.5355273066618105,0.41981562473771117,0
0.4923229796954871,0.16776303167037157,0
-0.4615129114828455,-0.48822917614649036,0
2.0111549563318634,-0.40394909777295224,0
3.6861508009489157,-0.6921726994544852,0
0.34238470660084985,0.47097370370269076,0
-0.6853679205410612,-0.1797160641444139,0
0.39197750284125416,-0.025364823257669263,0
-0.544510740544183,-1.8328871882714475,0
0.15300034946620472,0.13567509987777776,0
0.1380867552224415,-0.8062582131638745,0
-0.737198591707439,-0.39466943516073666,0
-0.7893883208811131,0.15099765851951794,0
-0.7495835430285195,-0.37367255758314805,0
-0.0273753751249007,0.023456809772592718,0
-0.5255840665943092,-0.2766601572112297,1
-0.8714512789904465,-0.8530669369556879,0
0.20262165495502513,0.25433996802824443,0
-0.5985605848096687,0.5854655094350738,1
-0.290556871930576,-0.02304661508515841,0
0.3471465506265773,1.0529747184691638,1
-0.7087287932182219,-0.17363300318383418,0
3.141549569754578,-2.2422322443045113,0
0.8445109636673862,0.3611288894560795,1
-0.8031910603090393,-0.17188808888183743,0
-0.9018799548976124,-0.03555233832622623,0
-0.694531246860704,1.1292981365132773,1
1.4423527971480472,-1.5822633969326505,0
-0.44916564449349305,0.7224414009948549,0
-1.1964139428739604,-2.574325440058099,0
0.14797839929227727,-0.22515976405141402,0
-0.6071901953103207,-0.10058396669985693,0
0.06980035719817786,-0.7957118461287772,0
-0.8952492729676057,0.2175113541880086,0
0.6340885280218722,-0.218943826830784,0
0.14166662079154732,0.19153599680813319,1
0.8003540111346074,-0.03417515505700951,0
0.49094511526029533,0.074763795333912,0
1.7144897102312522,-0.41416258517666166,1
-0.7988147585194355,0.3253486339665957,0
-0.7822465103220015,1.9684762798582993,0
2.218522912714619,0.0730433212532462,1
-0.30922157044743925,-1.1677328844652288,0
-0.4289090235461443,-0.7983257438322153,0
-0.6100025734493145,0.930783360127663,0
-0.7383473804555971,0.609320367897139,1
1.1242865227478478,-0.5172358881416775,0
1.030253771940704,-0.5947069748421068,0
-0.9118483486742117,0.4840228893783958,0
0.5012034655256993,-0.09854818122310091,0
-0.03034659629199121,-0.46017734871036126,0
-1.147587202778138,-3.190687304227396,0
-0.7920722065948409,-0.5279464331287859,0
1.8280753528168168,-0.5131046666700835,0
-0.6035021797992399,0.5435796711935019,1
2.3532576963826703,0.10517363902370416,0
-0.11953718176659833,0.43179051666862045,0
-0.9243495329715763,-0.18808670056457055,0
2.0401063029285367,0.4211762225267914,0
-0.46925593542363503,2.1336859149127827,1
-0.7857304157333753,-0.09609341784713912,0
-0.1163781911521595,0.068722031250868,0
-0.8459035573624761,0.07886602662257351,0
-0.9163919114889182,2.5682405144049567,1
1.2837353643648688,0.9719990268768781,1
-0.5812974953712469,-0.07947486203760758,0
-0.633496359828397,1.1299387126049412,1
-0.7853867108894054,0.9439857320493222,0
-0.7134913172155104,-0.05627258446319453,0
-0.5062877471064039,-2.1792600953500485,0
-0.45254834868978716,-0.23071276551826703,0
-0.9148454828075834,-0.5326206839328606,0
-0.825170369640397,-0.10432445156086027,0
0.043730700533296016,0.03716932132159473,1
-0.6639500505063011,0.005801421808424242,0
-0.7532903093480545,-1.100156660439866,0
0.00038470769819132217,-0.21613735998848468,0
-0.8216046234749701,-0.5266369654894941,1
-0.8632910885986572,2.067006954431454,1
0.8557104624723818,0.9121207471052899,0
-0.3532861275261811,-0.33402441174252057,0
2.2250617061637463,0.07822440606068769,0
-0.7245120815547597,2.1491179020169984,1
-0.6261762636110284,-0.8966963539048057,0
0.9183242050363283,0.3875649027289489,0
-0.830898946883486,-1.3679280397913691,1
-0.5110266294545637,0.6326574425277222,0
0.26428416988599474,0.37446077890565616,1
-0.7626638107451358,1.7089426706497677,1
-0.7025981490205613,0.29864587376010426,1
-0.8393044705387723,-0.41077746612626914,0
0.1079502153331005,-0.3040460962142365,0
-0.38244410178328087,0.24475590203101247,0
-1.0022754487877368,-0.6148818045045318,0
-1.8056064701751269,-6.324121779485488,1
-0.7464702331707207,-3.200039208258972,0
-0.9208036664352394,-2.2170842503823023,0
-0.7175541244731023,0.48321411226466493,1
0.7979261335459721,-0.4047862059455308,0
-0.4155895582204484,0.4190423188799876,0
-0.46661960015178094,-1.5743239896796997,0
-0.6583414005664402,1.1217477770583404,0
-0.8428108885321389,-0.33894339277142993,0
-0.569554165397075,0.49030555425901,0
1.276228799462021,0.2235214839522069,0
-0.7552391364910639,-0.5618342818635628,1
0.42940686045510407,-0.2173897349627023,0
-0.5768134611531263,-1.6675961847773535,0
-0.5193143231139158,0.6443892237328868,1
-0.5137862731157495,0.09928865962435943,0
10.033489929953333,-0.5885864329567037,1
-0.6214089616862105,0.9591489934422057,0
-0.749057793097831,0.0010571025535031475,0
-0.08093927474047799,-0.21020693431930415,0
2.013730446110802,0.1066651356353982,0
-0.23350638247678823,0.5440091299188969,0
1.5762511018093492,0.13140138279424812,1
-0.5866946696658388,-0.914934564289261,0
-0.5537637972344286,-0.1524355736723227,0
-0.7450919574672875,0.21555417516278158,0
-0.8608658419327864,-0.09330236179344258,0
-0.888769867154324,-0.9362237989345964,0
-0.30239554906181837,-0.36306859250473156,0
-0.7081143018337186,-0.23207589160648343,0
-0.7049628493352267,0.38557157830559746,1
-0.8730048460750975,0.22916834292560057,1
-0.785315538811079,0.30583410942542816,0
-0.7472095663434706,0.49864373000926154,0
-0.8697157253983326,-0.585709123024376,0
5.998085701582829,0.3504760501658273,1
1.712192585666508,-0.47696316413251916,1
-0.18994396342432834,0.05287590421077321,0
-0.7272019844704652,0.8361923606541963,0
0.6769958691819867,0.5595938072979646,1
-0.22582781538338212,-0.7196587427094939,0
-0.8687604185363921,-1.4874534095600715,0
0.9377693600920528,-0.19000844875251927,0
1.7706924484602318,-0.10016564419521784,1
1.6270237282355269,-0.4103770854032597,0
1.2278763289629449,-0.34174575813221836,0
1.2958716561999069,0.41901637010863774,1
1.320963877865692,-1.409004186918535,0
4.4286225298194415,-0.07072165610669527,0
-0.8586440250805419,-0.8740363848152977,0
-0.9120865385592436,0.3861838178535899,0
-0.0760934254861357,-0.685753966413675,0
0.4135334910049564,-0.8247705436513555,0
-0.8338986537562427,-0.6110137881252514,0
1.6711766475712038,0.047563517077075866,0
-0.857540125051339,-0.504291422958919,0
2.086546418591307,-0.23645193361515454,0
-0.4656677901529165,-0.9322199482187833,0
-0.3049983053634615,0.7998128317541278,0
-0.7759701393055065,-1.3959128618739993,0
14.02507509174181,-0.7292157140754746,1
10.377796017344837,-0.7577271321042347,1
-0.6197418830893814,1.0758987882991848,0
-0.8050731489189936,-1.3383536675125334,0
-0.7964022977408182,-0.49732375302582776,0
-0.7619698535289794,0.10868345613282152,0
0.43610888621383886,0.4610431227356855,0
-0.6696637189454805,-0.2814518906695676,0
-0.9458405019752595,-2.546851141559793,0
1.3560985948245985,-0.030494396873405518,1
0.9801158340666973,-0.21410559317749275,0
0.11590234889252175,0.16384452173055689,0
0.03908374742110642,-0.6188803515000024,0
-0.8979361079770112,-0.224400225122015,0
1.2120022293206778,-0.31808352157676145,0
-0.9236643601411197,-0.9474382108939735,0
-0.7892574391210834,0.18900580233082964,0
5.909290649512382,0.23106566412456123,1
-1.200677406944281,-3.13553009199334,0
3.4832276655109733,0.3161272547958489,1
-0.7355185998153856,0.5540199091117518,1
-0.49384560909513525,-0.4917623638015867,0
-0.7869494068044851,-0.012393545031107293,0
-0.12027809152912203,0.4480094672332156,0
-0.7011783990515276,-0.387848606615131,0
-0.7635203057141414,1.1571217749112193,1
0.5613669663911126,0.12601036956056375,0
-0.8769433240188426,-0.31079712967927103,0
-0.4117902209556567,-0.17912003301794346,0
-0.5468377599121669,1.5113914637620627,1
-0.15321026676663282,-0.9227537464157196,0
-0.9341480510885725,-0.30615825732162844,0
0.10226395664556623,-0.015573057989295813,1
-0.8969882480800007,-0.06500449237511073,1
-0.02568469361629135,-0.5415402797213684,0
-0.9004244556598837,1.7755953172176808,0
4.668291531001993,-1.7470931524932454,0
-0.8161798919633408,-0.047747447693481826,0
-0.8231081736882417,-0.3944793588216963,0
1.0686699359582303,-0.3007319332050728,0
-0.4007015267373514,-0.574762369900411,0
-0.7637414738867095,0.8090973377841092,1
-0.2234181710092869,0.5294475954260431,0
-0.14311071282043533,0.32402331163731557,0
0.6338064352106697,0.04775297079177582,0
-0.8100870469498681,0.9661469271065725,1
-1.0251036127718913,-3.5201120279456326,0
-0.3431460764371891,0.5054881794965721,0
-0.6619340176229896,0.6076464298899096,0
0.07699232729015817,-0.59937994067829,0
-0.2798214738278613,-0.04682991883121976,0
-1.035726452024117,0.8969258638419403,0
-0.5044136647389482,0.02367567410478036,0
1.0907495888139738,-0.27567941566411636,0
-0.695644201966965,-1.0138645555192316,0
-0.9047687876553263,-0.3737343135254705,0
-0.43819534009863303,0.9522766325786068,1
-0.9397282324539261,0.15273400055219039,1
0.9750618792164254,0.42324677508558056,0
-0.07100915939404019,-0.15077205500127083,0
1.5348323417876601,0.17225132067932855,1
0.552842409714257,-0.719565408357511,0
-0.8867110246651261,-0.3198939779521628,0
0.9605814585945088,-0.5428224397030167,0
0.17562033890084203,-0.13561062368484653,0
0.023722626634385537,-0.372454728049281,0
-0.3078390907300165,-1.6338549939077152,1
0.022590251837416236,0.5794445841031926,0
0.121577906179035,0.9434874566361139,0
0.30727125640778885,-0.3296415531050082,0
-0.5645553115169722,0.6540892274888183,0
-0.8960798389173977,-0.43098901551398766,0
-0.4513582391850327,0.9491257280131241,0
-0.06674175297655738,-1.0656744461384966,0
-0.710391275208446,-0.12893095144911323,0
-0.6918906431874187,0.7621331781008599,0
-0.4376696812806559,0.6141786300497063,0
-0.648519860847985,0.12515554412525623,0
-0.7872091239969722,0.5374112974079145,0
-0.6842258898860144,-0.36050864887036443,0
1.1097796989112882,-0.7870349719042353,0
-0.6870151089442635,-0.21307565788896138,0
-0.37725697066999486,0.591622691940902,1
0.28776003919840404,0.06710185711361533,0
0.31268888113445203,3.042750066981685,1
2.510430697202585,-0.218761472419974,1
0.01938412073864636,0.7799894003688266,1
-0.8198031052592365,0.10026753049007962,0
-0.2716198169768345,0.6690471243871009,0
-0.8577784535895864,0.143130514153574,0
-0.24556802964957294,-0.3789458039564116,0
-0.6391304525523542,0.35610329774840144,0
-0.3878714250493487,0.2588978513348921,0
-0.6979592906859295,-0.18507951335548578,0
-0.693558176543442,0.03300187023490774,0
0.14450467674201228,2.957306052449636,1
-0.7329246293146913,-0.7107877669391535,0
-0.8418703300962765,1.6902170215419285,1
0.43500043265772426,0.699031356911983,0
-0.34463437026046284,-0.7976201635241472,0
-0.7993641516390602,-0.3344458373842176,1
-0.24154207999495755,0.45740903826643653,1
-0.867400126938255,0.1576822799906939,0
-0.627749084366452,0.06727122280260561,0
3.1004143111525884,-0.4101930260860623,0
-0.4366685122815612,-0.18013040740848746,0
-0.8345870720989489,-1.047293416876155,0
2.2530389167369784,-0.40823036626017273,1
1.5074973528274709,-0.5054722369106162,0
3.0469757319615596,-1.041513999840807,0
-0.7873040958461104,-0.2816699139599537,0
-0.18750755427785823,0.4246245600824531,0
-0.872840104517742,-0.25577343391129176,0
1.14339706357925,0.5810639154298203,0
-0.9009905151796656,-0.6541334965625225,0
-0.3241674806975699,0.8487208037264835,0
-0.3823795674913578,0.4455620958983338,0
-0.23200294275408714,1.0250684610477632,1
-0.6876913603403689,-0.17008495030114348,0
1.2809760030326778,0.13091417364005895,1
-0.812719674308154,-0.6278254924218843,0
0.4556125190446831,-1.2955172799130792,0
0.4218707363717734,-0.023078174933460382,0
-0.7065503760983061,1.3431535391447789,0
-0.7085742784551796,0.7582153704828768,0
-0.847671260198204,-0.3231668835236605,0
-0.8152373566785408,-1.2297777842008812,0
-0.5314331453315704,0.0672708900478773,0
0.5030148632113267,1.2028001063276206,0
-1.0542394910188693,-1.4033213002719849,0
0.4189204391174126,-0.48073965915174155,0
-0.8587002352367319,-2.3008801691884204,0
11.492270434815536,-1.6662855990004675,1
-0.758038021696223,-0.04358430611056209,0
1.7216293029022975,0.14023672917803917,0
-0.8116987040171479,0.8192758831028263,0
-0.8076973488876324,0.08051459699751733,0
-0.22682361448781813,-0.7289761249330595,0
-0.7939379565902859,-1.2079457793174189,1
-0.09114579430199206,0.32252494933063836,0
-0.02077871131394484,-0.08131831038552569,0
1.3268020537233451,-0.519138345879906,0
-0.7424643040796042,-0.0710697550050172,0
0.6712112002236549,-1.1936731763052877,0
-0.8413935987227678,-0.14876577161717452,0
0.5223958947120142,0.8899314449011948,1
-0.2183905437579374,0.10697414672099112,0
-0.142584332648376,1.0584096246590047,1
-0.7631144935614474,-2.8694042431732925,0
0.07949412988839666,-0.39793455147359624,0
-0.7532896567222699,-1.0024579823411532,0
-0.7806661601000607,-2.3397610173095935,0
0.3142186730329627,0.27980361665333753,0
0.03355995903957652,-0.6021775189378831,0
0.36827753576861677,1.0249883465712382,1
-0.9992924908390451,-1.9597656375648047,0
-0.6220804557568643,-0.09925428595421568,0
-0.18482906862262452,1.3616918850171236,1
-0.7522039219842178,0.8842240978521939,0
-0.8297513110334346,-1.2798511617838344,1
-0.1891947764216298,-0.08731086566918783,0
1.7967377919493244,0.9213548974281105,0
-0.8195323448925644,-0.14205515056989612,0
0.4410650816591963,-0.669808010104642,0
-0.5759363275209577,-1.0470179007408822,0
-0.6303277372825227,-0.22187343618652436,0
-0.885798070623581,-0.015741218246200693,0
0.43705087868688713,0.12107053580938688,0
1.335065219365222,0.2150550307798955,0
-0.42397017565684286,-0.49480192276694146,0
-0.7260847650666069,-0.4053410845069379,0
-0.8228710108129832,-0.817667580472229,0
1.609196324293051,-2.490089466389191,0
-0.45281745975504123,-0.14587564660625016,0
1.207122077985858,-0.55022033899226,0
2.677646859398438,-0.6223016443787209,0
-0.4614865053528345,-0.5494510746652664,0
-0.06441322593343482,-0.07581648418852974,0
-0.5066411301662741,-0.3200147741121618,0
-0.8627802296198567,-0.05787419340916328,0
1.8421175102187548,0.2611248529374149,0
0.4726386057400853,0.45149712171347256,0
-0.5232557383370415,0.263480919855143,0
0.586007171881191,0.9565309363904134,1
-0.21294703570960966,-1.0310920291119645,0
4.012948840028786,-1.4650060353522456,0
0.06108159044489609,-0.06364670536793865,0
-0.29183901450086114,0.13337436062292699,0
-0.41998709684472396,-1.041100942590238,0
-0.4167837419987302,0.12513485950670827,0
-0.5782658882851212,1.6305650993607872,1
0.22065172309387793,-0.008925809988977294,0
-0.5023220440057589,-2.3271542567832264,0
-0.648955249575942,-0.032637833726247706,0
1.4368020535870176,-0.11189427132414213,1
-0.9210319048198261,-0.2975716876231466,0
-0.869105433675199,0.6063695647212979,0
0.07915307810682688,3.58932832364481,1
-0.6715929945229386,0.747652186592929,1
-0.8441411959673405,1.0102878230516483,0
-0.13643421224815233,4.587273696471475,1
-0.878111520302031,0.2803753283448336,1
-0.028906418116917187,-0.4068091006255454,0
0.06174809071851556,-0.47559621555130216,0
-0.14141056395114285,0.2828211865029481,0
-0.48421357124562797,-0.29397123058570485,0
2.627662124082196,-0.6813945167483794,0
-0.4680460724358834,-0.022483248211717224,0
-1.0761400132162975,-4.601478591511137,1
-1.024949607322827,-1.158464593848137,1
-0.517166155693407,-0.16975743556393544,0
-0.19970035328261493,0.43601084477874236,0
-0.16243844873468977,0.42760641239332675,0
11.315304467276832,-0.09906538956280174,1
-0.3090035230780713,0.2738326741916564,0
0.07737138540983321,0.6966383600476548,1
-0.8641094879734789,0.0072086998716219125,0
1.7879519787069795,-0.2369226085021657,0
-0.7279739556830567,-0.9535422541180242,0
-0.8548313465965248,-0.05048703849626814,0
-0.9038387895876377,0.7103016026563319,1
-0.016611491636354565,0.1465451409540292,0
-0.1819123247460483,0.12014078648440496,0
-0.8983149290277348,0.24886986113863432,0
0.32517110474428074,0.36002477330219,0
1.4968114324370094,-0.5976624401976502,0
-0.7014577303235351,0.23777583688001022,0
1.7956166547172696,1.866066668491695,1
0.32445644547733743,-0.2903948039579351,0
-0.9343708457783239,0.22067404865173398,0
-0.6746365864803867,0.3083046569835359,0
-0.5743923722526194,-0.4370935894591199,0
0.4468980113897182,-0.30687588217668604,0
-0.38482289503582157,0.36032216576553866,1
-1.085037270422216,-0.33146271553806056,1
0.083900550090939,-0.33037298551605704,0
0.019950276267963543,0.1845641810184157,1
-0.5971593973494513,0.5963124369718232,0
0.6734522522881129,-0.802247745120654,0
-0.4493628613444165,-0.4102669823101285,0
-0.9383160722753624,-1.008631070198526,0
-0.7274967539535324,-0.5387293986020223,0
0.29041991757140734,0.07299016579341434,0
-0.8109154705373058,-0.46545123284036183,0
-0.5065948662647829,-0.021598975183592373,0
-0.17557141965847306,-0.6299004839183421,0
-0.7567563597806647,2.737863967769674,1
0.24316712842612695,1.6874435747580716,1
-0.8130092519534353,0.0829044042492394,0
-0.7785985242165734,-0.3112085628407164,1
0.09638603203026241,0.8675213118917662,0
-0.5900480571933685,0.020844868028864153,0
-0.7571258555984628,-0.4211391819596941,0
-0.25076862267508054,0.8927323601653173,0
1.4057662274263507,-0.230918078473215,0
-0.7464180465713023,1.5931728625230483,1
-0.8035244235282973,-0.26721811308182203,0
-0.6660447829238247,-0.23256877568822487,0
1.2012431420366692,1.109983200663758,0
0.8087161392162971,-0.0901793385271315,0
0.30440486239280623,-0.908255566052163,0
-0.743056725735579,-1.5437596722921332,0
-0.531790359845011,1.0965328235592364,0
-0.4248415889621822,-1.2483559516002247,0
-0.7903267633674382,-0.23730227585677174,0
-0.3424499487616246,0.4313566234783021,1
-0.029879492458628497,0.2937822779639571,0
-0.7986730975336516,-0.9090943289174096,0
0.021277141051458878,2.976034649830994,1
-0.31722444780050363,0.7097701180600847,0
-0.36901889371110336,-0.2797318065462249,0
-0.6690987106850176,0.8553439313955573,0
-0.5072116515785594,-0.20355345647968218,1
-0.3383971476013079,0.26795276138741775,1
-0.32388813835653374,-0.5716559912385117,0
0.005081775040959191,-0.7218413775145548,0
-0.7869178263989894,0.17592994635176432,0
-0.7561522535081528,-0.2682395575274235,0
-0.8251061483997891,0.21196212255044616,1
3.935198324914764,0.6780586978593923,1
-0.2817222891137379,0.2530368633265659,0
-0.8080437640057936,-1.0132111893581897,0
0.6744146765759099,0.3712175728801516,0
-0.8024273686520219,-0.45242166559009755,0
4.439085779145182,-1.4224015615894294,0
7.120975471000273,0.3263313855252847,1
0.833459688898599,0.734586603785992,1
1.0770155716833358,0.7204296490844246,1
-0.6161997880909894,-0.20232173761585123,0
-0.7751206842512832,0.8677393856597573,1
-0.8611888812793953,-0.2619232074228469,0
-0.7459610179879361,-0.9201701977324718,0
0.040695505775622524,0.6497513935345933,1
3.155504990416717,0.21819545258760556,0
0.17803979367878128,-0.6768475446826951,0
1.0906360286593926,2.933198525236492,1
-0.8785182613629282,-1.3932790585453583,0
-0.5244024910961106,0.0510174693311219,0
-0.6449142666314023,0.4457324201654816,0
-0.5112505588346866,1.6461340659349601,1
-0.5992796158390594,0.5337695032179747,1
-0.16462617510366764,0.725555366896638,1
-0.34209687379499254,-0.2211036818631192,0
-0.16856173509468944,1.3816794255998768,0
-0.3413304615192962,-0.4541769236338417,0
-0.6995032636525409,0.24469199807107997,0
-0.3093754964665157,-0.5703675939814544,0
-0.8098027799258595,0.006624968685527757,0
-0.9225298509278044,0.1580738278614976,0
0.5618561055416895,0.08051767988922919,0
-0.8470282134185325,-1.0186274623599945,0
-0.6335817083084239,-0.5969357475371009,0
-0.10086528466712445,0.076486355640064,1
-0.8472985825538761,-0.296276919892032,0
-0.7111414549408664,-0.12744040870461304,0
1.379501071322272,-1.9959741217740967,0
-0.8961714073552313,0.1883632407344705,1
-0.81984590117426,-0.3452565485999343,0
-0.5654626525823693,-0.8412887249515616,0
0.37802170154236914,0.9616827566937668,1
-0.9398783686421439,-0.8629839377263245,0
-0.807454247359343,0.6954828005848092,1
-0.9302707667816089,-1.6189086068080267,0
-0.8761762277263385,-1.4329792340243903,0
-0.8769928858930339,0.45761701375223524,0
-0.5498374447697087,0.9777370074225338,1
0.17439096976023397,0.2908300048322011,1
-0.6043234395614878,2.584068495597516,1
-0.3679378216125219,0.8844030807448322,1
-0.3370239692609968,0.14836001505688046,0
2.3825325771842514,-2.062831515156241,0
-0.7606170911408622,0.5572003284219136,0
-0.2614883371408516,1.439613064498365,1
-0.7994888875460392,-0.7803357432440068,0
1.1263828724651823,-1.7844576581236862,0
0.5142011371500578,-0.2754945122148182,0
-0.805078796900797,0.016409296340194144,0
-0.22729627546172726,-0.7744678354619458,0
-0.7612688382421465,-1.0119536064370667,0
2.491919949576615,-0.2660522194564058,0
-0.8346244466912078,0.12622524623367898,0
-0.3225108789797101,-0.23826937098334983,0
-0.6616446787338259,0.09844466821840792,0
3.4702294361163246,-0.3252768094906242,0
-0.4212899139564945,-0.4697440494253967,0
-0.7162213925784547,0.3448362706315745,1
3.1964326011966864,0.8636021172147852,1
-0.7470896793708056,-0.884470865276193,0
-0.88068000156879,0.7300302416479322,1
-0.8024575332243427,-1.7331066185733799,0
4.714241558155292,-0.4286732174574824,1
-0.38210771305042174,-1.2388738945543152,0
0.11182497016000222,-0.23364942540841363,0
-0.3115475784923022,-0.6118550909434733,0
1.5535508342035955,0.2665620766534427,1
1.9539159466907023,-0.39190670990178916,0
-0.7472390698748119,-0.559270702090783,0
-0.29542385795444975,1.1805609230337273,1
-0.35037026103044483,-3.2530247860724364,0
-0.7808593307347829,-0.7138156493250168,0
-0.12565662869793176,-0.16733113582509512,0
0.1667050610555569,-0.8010535471451701,0
1.0798769234090315,-0.7719299618024076,0
-1.5476742530796526,-3.9501046205089607,0
-0.846263405367366,0.8805093961409654,1
-0.8583972120162261,0.24580651349483026,0
-0.723323278430552,-0.04963889810731082,0
-0.5307779990347161,0.17904624004606026,0
-0.33443610785646194,-0.11769961871964497,0
-0.6600485073818765,0.2328889868162617,0
0.06518247234665353,0.3626777351354028,0
-0.634300873940732,0.8036071007333306,0
-0.47092983301503943,-0.18468207595925124,0
-0.7162405239028942,-0.4984916669399241,0
-0.35343942133569445,-0.17864136267900219,0
-0.9190482510521691,-1.203625439822064,0
0.12272331546331554,1.3210341976518987,1
1.4319104611237732,-0.7416092015507839,0
0.026304940762789143,0.6301226387869272,0
-0.7442918232393585,1.4392616432767789,0
-0.5535231400483812,-0.7563351741538097,0
1.260627986903787,1.3578187453713757,0
-0.5290263902429808,0.7350256088401117,1
-0.5192776795048534,-0.02799448688387304,0
-0.6319034821673382,-0.40206741160620996,0
-0.7855002822505487,-0.249551604961538,0
-0.48035270758425597,0.013480039996144003,0
-0.5038800928643669,0.09251902742798944,0
0.2855053946468766,1.0946738750267484,0
0.18343335389103546,-0.22241520362609912,0
3.172567198084668,-0.13865263806495887,0
-0.3052609244455238,0.06171251371652346,0
-0.4443909402595805,0.14673031864424183,0
-0.7345732111117291,0.07974206334026186,0
2.212214538178312,-0.8895974865618559,0
0.1385326233958874,-0.9658435981802858,0
-0.20003211950419925,-0.018455302512105903,0
-0.9372065806385693,-1.6461323979333835,0
1.6030669705187826,-0.5764367508920273,1
-1.0329783661043526,-1.443536944791891,0
-0.6308042167228036,0.4808268027581238,0
0.09227457567291072,-0.5476024409545145,0
-0.417469167498619,-3.5367746829171467,0
0.022118803750020188,0.3346768683585388,0
-0.479507182698426,-0.0264972535926359,0
-0.6568798988552551,-0.45151879486824253,0
-0.785595038490073,0.8452308953608717,1
2.050744294949186,-0.9898668338857374,0
8.883781072741204,-0.424454512779072,0
-0.27367986453316057,1.8518151824623994,0
-0.7483886696126498,1.9502035226224164,1
-0.4539804404889601,-0.5901350135080111,1
-0.6179780223746311,0.354852138730334,0
1.7439581339170656,1.2102117895437627,1
-0.8470967195826886,2.3237681539762285,1
-0.7203534258358795,0.5137311528731385,1
-0.7306177543948189,0.46492556269571933,0
-0.5378071627012607,0.7117671103733003,0
-0.8552923621389078,0.04888637911995544,0
1.4934312015226492,0.08963031972596311,0
-0.7395620634698193,-0.5834454984456164,0
-0.7711206442901825,0.2759433282953002,0
1.0048678096787447,0.054072168246518594,0
-0.21351353956556843,1.7623676431425788,1
-0.6201406281548612,-0.15314359807481184,0
0.6624809302419622,0.22610364076622932,1
0.28018576323551553,-0.6480311478708147,0
1.0780409737710825,-0.5324275467895002,0
-0.055036050230032,0.8907919758687882,0
-0.4237262383949423,1.3763883605181004,1
0.014061269727493109,-0.33155688682234413,0
0.45327468507854857,0.5508186026093205,0
-0.28401060485284524,-0.022649259995546723,0
0.4594065597143131,-0.06086980771688878,0
-0.802078166257179,-1.2775921257774598,0
-0.1442503340486209,-0.18543809623751972,0
-0.6222502841466899,-0.00505191040417174,0
0.04787888903415526,0.6490474295875811,0
0.09102555792643888,1.3081945998783073,1
-0.852781099190253,0.1365827739176357,0
-0.3288872493558951,-0.14974074953090916,0
0.7115602365010439,0.0727890400209144,0
-0.17039669311250863,-0.08176009882832898,0
0.7966914683361369,-0.4068222695083803,0
-0.4360329955367125,2.129220817877602,1
-0.9277931187149412,-0.677727394656612,0
-0.4248898972260949,-0.4288041541510545,0
-0.8662471904123057,0.2767726694204863,0
-0.45547629178249294,0.059952869145186403,0
-0.7788829454062187,1.433150865723316,1
-0.41908977125286356,0.318038872136951,0
1.0467603632014673,0.7477165739916419,0
1.8040553788018527,0.8207143011385507,0
0.8297509036714403,0.6791400871816373,1
0.2596369407007798,-0.31524107200260115,0
-0.5340137382503565,0.05122875089430826,0
-0.7463588123692494,-0.4335953881552424,0
-0.14080843582803357,2.2801078154486705,1
-0.1328433341908844,-0.054090174357264806,0
-0.2064896126104093,-0.0123909244861581,0
2.2767454464687398,0.05443497821418308,1
-0.24475565704714214,-0.4859543524778136,0
-0.45482861102652206,-0.13457409899618275,0
-0.29715420499073064,0.5011147452545397,0
-0.41942693316687113,0.007491688946545439,0
1.8940184065389172,-0.030256982431282695,1
2.94398926652862,-0.3048941292136309,1
0.12051875095139794,-0.02068754990917507,0
0.157266586718986,-0.36439750963354045,0
-0.019998553127482204,0.3984561532015826,0
-0.5357085583046168,-0.41835500091750605,0
-0.9166366635572379,-2.917619666124511,1
-0.37719883202041976,3.239383863223523,1
-0.4114866793153313,-0.2859092067542856,0
-0.8454392745425828,-0.22699586079146306,0
3.1044075555231285,0.02596575114580579,0
0.7369757973157399,0.5009521799036238,1
0.24897727595411603,0.2988732002401217,0
-0.3397680147832095,1.0339253476316232,0
-0.8166856264914372,-0.6068230468263802,0
-0.3785132475183985,0.12638818817299,0
-0.41536145972968813,-0.4798021819704308,0
-0.5859080641712112,-0.27836758735336886,0
0.00398606343752531,-0.2938616187533049,0
-0.8794748528759125,-0.28398733175856056,0
-0.8196720154847281,0.1247327539497658,0
-0.8812233817116844,-0.353272849323312,1
0.13205684898169706,-0.8994433120831546,0
-0.033259624369883625,-0.5089668395569417,0
0.6415337632302313,-0.321088224164965,0
-0.3630622170082948,-0.08802106664052983,0
-0.7507884046566204,-1.0136416817322613,0
-0.38591632965525163,0.8900771203507162,0
-0.7961790306345616,-0.45819637834688204,0
-0.8782337276514269,1.680335079987038,1
-0.7923837238400698,-0.3742818855251827,0
-0.22518285496846224,-0.4874348810242015,0
-0.7016400903937476,-0.9822675250597303,0
-0.606656582093086,-0.7480547036699778,0
-0.827157730906656,0.029105585066009843,0
-0.3650307806088613,-0.038369133418175334,0
-0.43415744528177647,0.10916846169804449,0
-0.630492244057372,-0.023294345482421232,0
7.004413485923606,-0.24453939868513938,1
-0.22216159420902734,-0.4734686038814355,0
-0.4868467540107227,-0.5113369021691613,0
-0.8560270463437115,-0.5091469690136365,0
-0.7890529400529782,-1.2976756797785935,0
0.6761414151356935,-0.06190016679752903,0
0.30128618911150223,-0.26735107580024203,0
-0.20804978359050993,1.211583780984034,0
-0.07652897905634418,-0.7150286043988923,0
6.06224733054883,1.9740885599903963,1
-0.860622109968774,-0.5713987183143727,0
1.5848807548507722,1.599085615023069,1
-0.793122467201473,0.29946641777785055,0
-0.17532471202092442,-0.13033727560645647,1
-0.773301348063247,-0.28821609695124784,0
-0.5394417599468007,-0.05143697040520438,0
2.2982701092473725,-0.8178580598273563,0
-0.14425212497484183,-0.15587813495623765,0
-0.3038910755106561,2.43278408826442,0
-0.7541764607451585,0.02316725940541407,0
-0.6021416056285631,0.07096822938283444,0
-0.2287438155093644,0.1781776240450168,0
-0.4642886881480606,1.1412992863987703,1
1.2048066600044476,-0.03509094366013489,0
-0.5204286757862183,-0.43359843763748046,0
-0.2010648503273238,2.8841949402457923,1
-0.6842487595256397,0.17382079893362562,0
-0.7864326271717565,-0.2824738065022696,0
-0.3900287363914125,0.28885102616241887,0
0.0647526755619093,0.6530532165891513,1
-0.8512352127732221,0.5502003486301129,0
-0.34003306349270357,-0.3692770557661041,0
-0.2140790707148754,0.5313823208086461,0
-0.6964511932303925,0.16556742760887713,0
-0.17093038998479435,-0.21480687424493114,0
-0.18438893898859438,-0.5964343483097369,0
-0.9270546484654377,-0.10943367640161801,0
-0.695951053328637,-0.1023561218709639,0
0.7522471929787243,0.0642621433180786,0
1.9586449769875311,0.2835220143840678,0
-0.6327988330474553,-0.22362029802556097,0
0.37233920818541627,-0.6072546131297594,0
0.6485107617211203,0.0541703572738122,0
-0.8615700325677533,2.2671535043372524,1
-0.7757747846976386,-0.7366888948138328,0
-0.2869426848176918,0.7561891991702314,0
-0.6028858007272087,1.59424533669717,1
-0.20732785656099617,-0.4700603391383139,0
3.0889940186327154,-0.6431186733597543,0
-0.850837056539071,-0.5220183377384279,0
-0.10531686579459286,-1.6118894053246735,0
-1.0205202332477261,-1.7618107184412983,0
-0.9940654267735314,-1.3209352237805174,0
-0.7706082299466331,0.03488889399759443,0
-0.8565712422836563,0.5184107316072011,1
-1.0138236480810627,-1.2888057515315958,0
1.1476051773657534,1.0000412615497036,0
-0.6570972665470178,-0.3342164727202058,0
-0.004039023589722551,0.9208636575765115,1
1.455071575550794,-0.6467683436569304,1
-0.47529644666482695,0.012339711039267445,0
-0.8888332921283923,-0.47013897869188304,0
0.18690621780636416,-0.12551076156023316,1
-0.8079259609470439,-0.4120681995009282,0
-0.9194840310608745,-1.287705125759079,0
-0.6553442310695714,0.0359024170238284,0
-0.8237042445532636,0.2300664347408794,0
-0.6099069735378283,-0.15099764852548872,0
-0.667542661307504,0.6294732452393873,0
-0.8318166901471359,-1.3125641069588716,0
0.514747436884955,-0.9619923736955558,0
-0.8329204483213453,0.745091641899181,1
0.29120956525060243,0.2067744621890181,1
-0.565417988674281,0.44997428577810505,1
-0.5019856384042992,0.2358430258241616,1
2.569320500326978,1.3601465790194618,1
-0.3094467723357875,-0.4567909799261191,0
0.5145122395285976,1.922368977192717,1
-0.7310619952796605,2.2870330484344303,1
2.5682142788843123,0.3319187426260737,0
-0.7062755831460558,-1.2700607837595068,0
-0.8137583085483532,0.32014861623282875,0
0.20953188020837846,0.1406202101649308,0
17.661487174495655,-0.7007904883900068,1
1.704186472897992,-0.7926415934137916,0
-0.5835510133159131,0.9229041051348571,0
-0.9608797039208717,-0.608513217072201,0
-0.8154555647833766,0.25183485960794844,0
0.6451900317035111,0.005835088249063471,0
-0.41130377366846077,1.6499416581971542,1
-0.48100733386486716,-0.3700656130044932,0
2.8569471270072935,-0.24414453494253444,0
-0.30375951023865067,-0.013187971674466678,0
-0.8874944754283599,-0.9130526919425456,0
-0.6710645223772196,-0.49816088084453647,0
-0.7045815017703936,0.5617226698193479,0
-0.1888757934027216,0.3195774238665271,0
-0.8831822435684422,-0.023795637804172192,0
-0.47177348138146574,0.4302040158887461,0
-0.30434141363180806,1.706692091564277,1
0.6931349272817551,0.061410809107672375,0
-0.6815777817041695,0.09975729735940217,0
-0.48531715916827567,-0.9406917506354068,0
-0.4528211110130471,-0.23468174098832492,0
-0.5220952408177527,0.23106182936516748,0
0.8358415813405108,-0.11135446988870527,0
0.03929100992309345,0.03121852759735132,0
0.48010843677438064,0.3036520664159179,0
-0.9655068749582345,0.4866637159936285,1
0.5233469161324015,0.10092280336342813,0
-0.31677380055968496,-0.311410501510943,0
-0.45622310110354536,-0.7377048911816829,0
-0.8306402410401097,0.5632353169361097,0
1.7268994629812355,-0.032099529414448144,0
-0.952383961368735,-2.1917971783224384,0
-0.8866553467418797,-0.17753782863262205,0
-0.20721780120676989,0.0005835007292627506,0
2.1921113420758926,0.11746802709480336,1
-0.5455431414430524,0.06667164616407549,0
-0.7416673754115273,-0.5428490747929783,0
0.5132422837620421,-0.25189113813416114,0
-0.6805840977292528,-0.22027428797958454,0
-0.5188567712406166,0.11901082752135006,1
-0.9391076749315719,-1.050084331723928,0
2.18175733593193,-0.16366110254370786,1
0.349576730847968,-0.5088935057759814,0
-0.683783186636715,0.42643843415960253,0
0.046769279992771376,2.252121175894744,1
-0.7435328063766748,0.7137118325492945,0
0.3555048010777029,-0.20583254186421895,0
-0.851066777567971,0.3441119680618022,0
0.07863057166070166,0.7440582908905918,0
-0.7330840642749588,0.4026196643104865,0
-0.8722859409589162,1.069786662389591,1
2.421620695569177,-0.7220352901742048,0
-0.85819990964066,0.12001376978140516,0
-0.816772449418134,0.092739023003096,0
-0.6052990174942091,0.6685115193888386,1
1.06548389443239,-0.08232998674350298,0
-0.7319294031676108,-0.5807041622367839,0
-0.8423154659317427,-0.31822857582068115,0
-0.8764610627869491,-0.9082461994904124,0
-0.8032557191478106,0.33587074182429855,0
0.14492819408134663,-0.6041942635738707,0
-0.6239915443967793,0.8503112715035878,0
-0.5394134701726762,-0.6899293857588302,0
-0.08782537456361365,-1.0759734192947201,0
0.6534334513392863,0.4482241211841075,0
-0.7832093906385795,-0.07813752464650406,0
-0.01913659434677984,-0.17108269033977305,0
-0.5459094271353979,0.6954149358063347,0
1.738710803527208,-0.2599726393447027,1
0.04043894453148225,0.663935080461637,0
-0.8266768384686619,0.014497200369676782,0
-0.47391838041550005,0.9874998895226683,1
-0.6470591549436666,-1.795071157021571,0
0.7961830297114467,0.23731917168379682,0
-0.8035220302035554,0.23050375907231632,0
-0.5198869269652155,-1.8257885838065198,0
-0.8308343922145007,-0.4316988582065398,0
0.11230009037448314,-0.1012828230771956,0
-0.6820240408582673,-0.28650804564153365,0
-0.6982655587645247,-0.3819303138352712,0
-0.5576020809066656,0.7461560365004231,1
0.40697260630466225,-0.8203381166581823,0
-0.6382646261207402,-0.05798984490898705,0
-0.8739879592218925,1.094580965688442,0
0.13715936774053422,0.49706302412296033,1
-0.5586531056539998,0.015206612578576846,0
2.762136618491048,-0.33501303136096505,1
0.3800347603124333,0.19834381364729725,0
1.0377450898068135,-0.4167703003116348,0
-0.49543106395873543,-0.13720777709131593,0
0.0222147399587994,-0.512863584772681,0
0.619519306085319,0.5406968454322734,1
-0.7899754399994229,-0.33602946185417637,0
-0.8544022129496088,1.6483599417523418,1
4.820323343078962,0.855080714999814,1
0.04997576393478053,0.4769383106913883,0
-0.970523420128765,-0.637231311439487,0
-0.9004632589222483,-1.4561819742011235,0
-0.4812517438551454,0.08406387473359607,1
-0.7506191580397936,0.6361299960857507,0
-0.29894251781096953,0.1584027309858829,0
5.2934498957308405,-0.40519387027740406,0
-0.5128836728316041,-0.2822309803136621,0
0.027150074476667677,-0.0009867620384024114,1
0.6328006796115423,0.40312331155642056,1
-0.6158703287754719,-0.10733870596702894,1
-0.8426349307490473,0.27679242972409496,0
-0.4862096487865897,-0.07065195929595532,0
-0.519010463056566,0.20475100271077246,0
-0.8532499053184492,-0.27906927757756106,0
-0.8079489303295917,-1.1682251946777877,0
-0.7571550672722779,0.5810611876878329,0
-0.21811741784258235,0.0801265323128445,0
0.9339917896633653,0.9892662485537302,1
0.7351544971224387,1.0339481135007138,1
-0.22715415633475888,-1.240338169913034,0
0.3232428827755335,-0.7345565763632198,0
-0.5487280468286931,-0.49816558394942667,0
-0.08960887543413722,-0.3899385990569905,0
-0.565488493346641,0.6012403174245613,0
-0.4483034197011995,0.40448209953111025,0
-0.7849851593324907,-0.05086717073934138,1
2.335705718835125,0.6860412707816396,1
1.1079123893500045,3.053542378050951,1
-0.23102320027155848,-1.8693736717531138,0
-0.7320246713879877,0.30405012208838045,0
0.22976592454563488,-0.8682833580346577,0
-0.501970357259864,-0.34044383765251496,0
4.120458576433609,0.6400811034634774,1
-0.7318708214708376,-1.0736595057840856,0
-0.16268520772569367,0.09545992600727074,0
-0.13094905772058268,-0.4506960902903402,0
1.5828726532814756,-0.3181689741730407,0
-0.5436254812251723,0.2096134207006131,1
-0.0018335665950864836,-0.5516103528681975,0
0.05361702662280236,-0.19402788135914978,0
-0.6270573966287448,1.7126298285157235,1
3.749711626575151,0.1001608964040211,1
-0.7049518466012329,-0.48361310960109294,0
1.066633470475306,0.5187026240211768,1
-0.5331631654897351,0.11781827401691114,0
1.8963966583328273,-0.32926965676679665,0
0.07873695469022363,-0.41174893095565407,0
-0.7756533158706216,0.11913716226672323,0
-0.5477574206748439,0.09143950958320154,0
-0.2537137107566994,2.682284895263214,1
-0.5914032641327784,0.2062161287233038,0
-0.5560302222680055,0.026328030638309043,0
-0.55702092167399,0.13923623333483814,0
-0.7356512084865834,-0.15683748364294406,0
1.8693125214744029,-0.5541733428042256,0
-0.7853740823888111,0.39704709571961516,0
-0.8921246494555111,-0.015696575076692473,0
1.6544045821218316,-0.416171907277923,0
-0.786177867926435,1.8438046978748739,1
-0.8683057911821555,-0.4050601852005903,0
-0.2530811595094267,0.662671380298302,1
-0.7056182224145877,0.04533848041049823,0
-0.5645521093217769,-0.5234917890630555,0
-0.9954195534508147,-3.1073718387536013,0
0.6569511057152547,-0.35825250508305917,0
-0.37742668288794756,-1.4499013765906468,0
5.15065191972799,-0.11776799778802777,0
-0.8362455221445634,0.28382182260690964,0
1.690827397208416,-0.6225961159168275,0
-0.5023215891465476,-0.1411755909773568,0
-0.16994057344142038,0.13262242121084103,0
-0.2689226007044136,1.1346784431119346,1
-0.6914535515349071,-0.22795096070979978,0
-0.1843560858988779,-0.7438898978393633,0
-0.6377281936224816,1.0667177495893698,1
-0.26295737500620875,0.9144546315375678,0
0.026598918851874986,-0.7263654808012556,0
-0.14598033210636702,-0.3458993335270471,0
-0.8118600385555867,0.2032776467550578,0
-0.6035996038279842,1.4162495520354728,1
-0.7110951252118045,-0.5621017544782982,0
1.0415717605121129,-0.22710484850238852,1
-0.10517678918767348,-0.05870523044452634,0
-0.9518154810445941,0.11836719862384304,0
3.1970636215317887,-0.6334918630846412,0
-0.5590046257456006,1.466823312485499,0
0.9971710932700555,0.8439907334290117,0
-0.6862829436351614,-0.18005108231443379,0
-0.005183836272773668,0.13793269179186832,0
-0.796709939889676,0.3054590073177251,0
1.151780421528136,0.7650951575906175,1
1.3945916881060578,0.28666693206915717,0
1.0128038246988595,-1.3147834172476036,0
0.17071366905266053,1.455427962642986,1
-0.7827460967672145,-1.0958734002188486,0
0.48141949036712584,-0.1401816433712563,0
0.06827483162598608,0.19895967951681254,1
-0.7807976774158708,-0.09744494774728134,1
3.952188491951102,-0.28047933977775563,1
-0.8778314785221728,-0.7432335349990952,0
-0.41651776179233624,0.2721966148847089,0
-0.7063214871547038,-2.121226340336169,0
0.411771007967749,0.43235313159817595,0
-0.4644633545718274,0.4091794918064997,0
-0.5794674794566377,-0.612496593980675,0
-0.7838694328138684,0.10367969171901033,1
-0.21863850918694266,0.755335327768146,1
-0.8262967145962197,0.14347535410323403,0
-0.7976891602194078,0.5337838966387294,0
-0.9066563429707026,-0.5606218384152496,0
-0.9257766651329001,0.44179433375513666,0
-0.8405506317377578,1.0302477729402768,0
-0.6160744027504824,-0.6517098444028785,0
1.0149492829299966,-0.14779106327363525,0
1.4775140835403902,0.0004545552446454256,0
-0.9310555996248003,-1.5994469024296372,0
-0.13210827286479884,0.005047195475864846,0
-0.5865693120660128,0.46534543657846184,0
-0.3023779846841398,-0.7534817211771211,0
1.4712007030672647,-0.27770188166212856,0
-0.4418444597996516,-0.2980972916350294,0
-0.5864807650237528,0.08873358475106288,0
-0.6300532545643275,-0.31192180310317297,0
-0.378251986406727,0.16832640393112966,0
-0.6784039339346318,1.5389143205914502,1
-0.24511214679610022,-0.24614648940285025,0
0.13556955915237373,1.9373379963421533,1
-0.25826063256262277,-1.1085108680513345,0
-0.8658750932752526,0.18509757501134708,0
-0.5098048742692909,-0.33804561104959235,0
-0.39491842582608244,-0.45508252012386746,0
11.358915605508313,-0.7680391936126615,1
0.09686301410999432,0.9925067496371525,0
-0.870382924975735,1.5024997687906756,1
0.3940788672230975,3.0817160933663814,1
2.0500583239377725,-0.6495318229604548,0
-0.4062953613772677,0.1524314228807424,1
0.21559924093702673,-0.5834981925743691,0
-0.8692015264896968,-0.2507985719584504,0
-0.817584437486642,-0.5892355094976419,0
-0.14971688104891379,0.0981624671094077,0
0.46387319428756274,0.7672883252546424,0
-0.18726700418335493,0.2649874851513879,0
-0.5701071909229772,0.14084731618583057,0
-0.387221209904203,0.20779779761425446,0
-0.5523122493785246,-0.07385386638889298,0
-0.9696808384873211,-0.8429698159792348,0
-0.8708994435666617,-0.3387164630019538,0
-0.4111536638338218,-0.3046857663739777,0
0.17126420173273157,0.11941359820191219,1
0.5048393311939416,-1.4356262928956216,0
-0.32094864153996816,-0.25488281048831674,0
-0.22786263503726914,-0.10672584786605922,0
0.9836198648008131,-0.3332224553206621,0
-0.6865821957259657,-0.39907119874625757,0
-0.2720797103052094,0.5649837487087783,0
0.2667691797584277,-0.4778679136096455,0
-0.7817907244803199,-0.25961837042629854,1
6.435395977054459,0.682785354526141,1
-0.9298588520516486,-1.8894795271668936,0
-0.8138715059742829,-1.0049516233373812,0
2.354106549787369,-0.5000059823595842,0
0.22768684211862303,-0.5221135706467073,0
1.396526766649031,0.9620068356409183,1
-0.6250579571348149,-0.16535066049403077,0
-0.5478523816444472,0.8359987536436247,1
0.21950764620672947,-0.574876596866755,0
-0.48030416722012104,0.8149927170270211,1
0.15334985217467983,-0.28396223497425566,0
0.6413079620203403,2.2553983790585406,1
-0.6886376592710137,-1.4041811902964785,0
0.5654128943503758,0.3076265343795414,0
-0.6986307474618777,-0.2813774595490711,0
-0.8878407791127854,1.3947629364514873,0
-0.5983369177915369,3.392137915133943,1
-0.6879883320492677,0.5232975565468122,1
-1.266924759632671,-3.6712649704682185,0
-0.545150829905685,0.38610464886305923,0
-0.6976422471415119,-0.7245225087602021,0
0.5607902614825175,-0.3535654481548225,0
1.6511930088199196,0.6821523182874677,1
0.39883127884006125,0.23711142131268145,1
-0.8819293565053992,0.37063029453067886,0
-0.6383277125081231,-0.3090373173390854,0
-0.5858653561915128,-0.5427879808640332,0
-0.13112658800771904,0.9876666282588038,1
-0.7011992527571007,0.182421082233008,0
0.07477828231201662,0.7226114366770812,0
-0.2931332808187683,0.38230804026411025,0
-0.19776280884500655,-0.07495997061437344,0
0.12667664333636658,0.0712612287511272,0
-0.8694783297784117,2.928247990845977,1
0.17862208379475972,0.7177106275429859,0
-0.5958833236436992,0.44850699299634905,0
-0.5365940044970957,0.6880738293413351,0
-0.4856992408456982,0.061819192151122505,0
-0.6946649425314249,-0.27816797466215754,0
1.3041824921534537,0.59121763681868,0
-0.722960161176205,-0.4502366372943897,0
-0.2550317957317036,-0.12570678685345968,0
-0.67309644582887,-1.7645017409158996,0
-0.7888864363059254,-0.8654922254023933,0
-0.13133213493407175,0.39827011006410035,1
2.8179510141507627,0.37474122850223196,1
-0.39858242910392394,-0.599150871534156,0
-0.8011723323459573,0.1905104153709537,0
-0.4638885470897479,0.26853002078999466,1
-0.81891381564038,0.04388973825256812,1
-0.18076944547277793,0.7930862780213832,0
-0.8215383512970811,-0.4018403962193097,0
0.9555864175837041,-0.1722835803543399,0
-0.41720807604149773,0.3080162059255564,0
-0.5604225456376974,-0.09633461775122334,0
-0.6885039049062358,1.2973879934493129,0
0.33570613217503575,-0.200349684373823,0
0.2071668449276863,0.3913616560301582,0
1.01860558981214,0.3290127283837048,0
-0.8407574589182204,0.06542310190532165,0
0.4138496137193446,0.005297714500998261,0
0.6441678689320063,-0.059645073028390054,1
5.076985199433482,-0.5357703148898841,0
1.1393076637654067,-0.7421949881237121,0
1.1979579789979524,0.5919330010658868,1
-0.9805394040845815,-3.437302782723602,0
-0.887962137888051,-0.038528905622654534,0
-0.9104376710149982,1.0040077671301701,1
-0.15954095879261251,-0.16258603724944337,1
-0.9288014948719182,-0.7273516407307234,1
-0.8371007924757741,-1.0556405205637989,0
0.29230567040503325,-0.7191777402917355,0
-0.8897640575190846,0.6734602215210789,0
0.7270794487008111,-0.17152166973995392,1
-0.23660503848578618,-0.49010955349158003,0
0.08163819435579209,0.3218020206762869,1
0.03403067999302377,-0.38245768845121625,0
-0.7688746538548379,-0.2013686276600081,0
-0.7079775159392722,0.026564038363732653,0
-0.29261417001895157,0.7191275624102011,1
-0.5001391616160586,0.33424275170849566,1
-0.5950282333472036,0.5982398112207893,0
0.7073426325330553,-0.14738808196803113,0
-0.8933629655310363,-0.4001028994225175,0
1.6548071161777502,-0.2416136223318498,0
-0.8017992066692432,0.7799041444209339,1
-0.8404715663145271,0.02585831840510622,0
-0.2421395902935103,-0.2992715508968614,0
-0.8218723917628031,-0.18921288753344198,0
-0.7143275749244953,-0.16213459031238658,0
-0.7629875070481946,0.7901538330536108,0
-0.7593469663186949,-0.39847151848074003,0
0.5761818326057219,-0.06508041832735763,0
1.150206056756865,0.39783143983443325,0
5.163048967615977,-0.8493590303560472,0
-0.9622484924791136,-1.4549479083370347,0
0.3095943930623437,0.006905475673853591,0
-0.24753511512057713,-0.37329876344355667,0
0.3746951326424564,-0.33760960397353684,0
0.42015104979774215,1.061609462358885,1
-0.47520784402448507,0.5886459243408001,0
0.9138669427246517,-0.07022406832615152,0
0.20295446265184391,0.16344779477516494,0
-0.7670865819639029,0.7520070917774118,1
-0.5829330069702385,1.4407610299101088,1
-0.8335689537253684,0.2836648271121192,0
-0.5365499173159016,-0.04207822787788449,0
-0.6773959172319263,0.7033011831410725,0
-0.15664162349660163,0.5585468913665314,0
2.1854902522356943,0.9455084760504782,1
-0.5856644912450117,-0.1470855517263699,1
-0.7078698723953037,-0.1039963915510902,0
-0.6227540617054885,-0.8349432718389076,0
-0.970513785187046,0.7811922546915042,0
-0.7543564345911694,1.865654420707421,1
-0.9394783194997666,-0.7357027251819444,0
-0.7593147844228568,-0.1181060321602029,0
-0.878160110315576,0.07483105273640993,0
-0.8491980343780869,0.5637252789263898,0
-0.35353673898948296,-0.22132932143676154,0
-0.6810262448756926,-0.05342618832182115,0
0.00553442364397353,-1.1020097866171201,0
-0.4308082340492345,0.2210708001006892,1
-0.7315669053008096,0.8298163270617616,0
-0.6563339761483986,-0.5262525004716087,0
-0.785987986814823,-0.10346022244740424,0
-0.7813196600793553,0.13635512594346846,0
0.4790475026323719,1.1957156901189756,1
1.266294942044726,0.04824583196535367,1
-0.2428481884653354,-0.6147158397791104,0
0.2672388690128786,1.3232655053168616,1
3.3928060623279337,-0.020966726090458996,0
-0.815984046927701,0.12751081808175038,0
2.304669510404724,0.24933267205374543,0
1.202185433053151,-0.35243989119694435,0
-0.7650312764177085,-1.4850768024202967,1
-0.21275959106560213,0.3802566343833106,0
-0.01808080653005847,-0.5588381615097088,0
-0.9213483608213188,-0.6461108416136749,0
2.563233134998539,-0.38077741476439436,0
-0.6004091348003443,0.24405565603682447,0
-0.6716405811883105,0.24738888675882592,0
-0.6913335557768414,0.5400973460522335,0
-1.0596901090035677,-2.0207330353770154,0
4.845640843058221,-0.8774624854876796,1
-0.9785488979566835,-1.8368431734643063,0
-0.8879066824633182,0.6596635897199564,0
-0.68946280674955,-1.617077208138033,0
-0.47066190287046433,0.7025874402756338,1
2.416771037284899,0.057470057933582896,1
0.9088687843479543,1.4245545522731509,1
-0.33249302932388275,0.42980264900031306,0
-0.5144074177054444,-0.5101485426661436,0
-0.7194445749474888,0.061962966310163764,0
-0.033173646269609704,0.37280966679685923,1
-0.30004931958056336,-0.2636740068262807,0
-0.8427322477345943,0.16846614673923754,0
0.7836221346617206,-0.2199801575569578,0
-0.5781148441625282,1.6873822215231087,1
-0.29210406254985355,-0.18686698846262048,0
-0.8973609729740621,1.2920230926145404,1
0.36762412810135453,-0.36754644211950466,0
-0.44051121149583544,-0.17831546262057446,0
2.5564845815895745,-0.050331816143365064,1
-0.553776090224711,0.2280733595273978,0
-0.841395823655226,-0.17994604193060118,0
-0.4992040866245685,-0.17320299140224113,0
1.011695518115136,0.057126627897305646,0
0.007919872221665214,-0.24952088122214108,0
0.766266111340923,0.706247179365599,0
-0.7819120049833281,-0.9447237310656219,0
-0.7122664853361779,0.1638511590211391,1
-0.5140494881343588,1.4611183741511575,1
-0.5451765866819995,0.04310926557979929,0
-0.7192364091796746,-0.13822217491840752,0
3.5898767136200687,1.6976963235243636,1
-0.9091552507843489,-0.38096522340842265,1
0.2826730646420634,-0.2931367271103645,0
1.604138212320701,-1.0095764221249042,1
-0.5960516964034598,-0.4239000658442461,0
-0.6814343788695958,0.7487180080080752,1
-0.6486043847816192,5.949784796793303,1
1.5985529962218397,0.31675442657578934,1
0.3455025648964172,-0.18446871355767092,0
-0.28641814518704983,-0.8906131342217606,0
-0.6468630810521048,0.8982664263176882,0
-0.8260234602846908,0.131087516507658,0
-0.7828561080382315,-1.8949097980047804,0
-0.10816499392277144,0.19487328679826296,0
-0.01908110122001149,-0.06783814511502997,0
2.087750660928996,-0.8461660339537809,0
-0.3000186989607048,0.0456813594847575,0
-0.20228821541235073,0.10355619156937516,1
-0.787144637503657,1.158813809033933,1
-0.5975415032050799,-0.4194823101397185,0
-0.8003757399870072,-0.0807436876172744,0
-0.44387741172369993,-0.4277565763378389,0
0.5661935363079472,-0.2404683394719408,0
0.42434569615867346,0.9600988068203978,0
2.7770548975636515,0.5520983779608627,1
-0.8654659600438048,-0.6201086442498425,0
-0.8213427571763686,-1.501524939241672,0
-0.9994346735513917,-1.6955214086848485,0
0.18280802233727902,-0.35206164055378475,0
1.820270822655514,-0.5534425686798883,0
0.09000685255980073,-0.4001256509409966,0
-0.09340600620115302,3.698859490835953,1
-0.4487387961514022,0.2872509644224043,0
1.412412625083797,0.8211610608260774,1
-0.5733351010768641,-0.024834066517582423,0
-1.0503596082072175,-0.695745753441491,0
-0.666131643159502,0.04959715938672236,0
3.819424938300915,-0.5700833067523243,0
-0.8293177319662676,1.9605327146005536,1
-0.464783228602593,1.0093911664725719,1
1.6384000895972857,-0.2231702547661454,0
-0.24647032700287747,2.478551148389161,1
-0.8434739617696178,-0.4439803613469134,0
-0.371948813424862,-2.2061679583668843,0
-0.683913336666015,-0.7560055213949592,0
-0.4714375922128327,-0.19031218100901556,0
-0.5642740071614148,-0.47850277998568214,0
-0.7707501280124357,-0.8817466600068732,0
-0.7338823304625255,2.639204601388757,1
0.16361384941254217,0.5653474661627367,0
-0.7319709280537225,-0.05064830148704785,0
-0.7746015456472863,0.32413588574874164,1
-0.749977515067919,-1.3026023996043832,0
1.0045088495512504,-1.9319312635832457,0
-1.0913501363476477,-1.7868687293659187,0
0.12828430911249458,0.013197982532122496,0
0.4761504008837182,-0.5749715602505784,0
-0.7535334481105513,-0.716736981828365,0
-0.13373583428829713,0.675237497445198,0
-0.8032589437974342,-0.4294480027083578,0
-0.07908836489076153,-0.9421121548503615,0
-0.9902295565406648,-1.9315547373639133,0
-0.7192743694803602,0.051342097106257374,1
0.6662251716555303,-0.26774526020522016,0
-0.6858714607626973,-0.4596346476392005,0
-0.6405545773850526,-0.25941766392486515,0
1.255791318865858,-0.3399883014207708,0
-0.0017243059720859406,0.29859225730603267,0
-0.8775376771273763,2.299040639524742,0
4.11869826483059,-1.259310022875756,0
-0.09416729016476735,1.0317063576175896,0
-0.83101795259375,-0.7465989153877294,0
-0.043995156897244474,-0.22512850029652912,0
-0.7548499155726108,-0.1238563652599799,0
-0.7759338750719039,-0.8042685100461321,0
-0.05334182020545689,0.5070452874168785,1
2.493849276181978,0.5631316021329714,1
0.9399932191833652,0.351403256788301,0
-0.848200675058023,-0.26057523479501365,0
2.3994806332033285,0.9718160137749309,0
-0.7386312922423632,-0.20393997702685393,0
-0.09077201335195934,-0.24044874085051574,0
-0.6959610256083308,-0.2751502205451491,0
1.1985012653817668,-0.3435759968441365,0
-0.5092810033883011,1.0926197522318288,1
-0.3572779009228633,0.3432661862061587,1
0.6342940945123421,-0.23341125041638744,0
-0.7851218854381617,-0.09016724239008415,0
-0.8637511114681853,0.9223501004992842,0
-0.7848526341190862,0.2820493498600422,0
-0.8582768964227175,0.15065768582620828,0
-0.6182798327548205,-0.885040517861168,0
-0.8764929468289568,-0.05362579485378291,0
-1.1234163460517808,-2.434704151288049,0
-0.8554843987268529,-0.34059561550337286,0
-0.7144756496780299,0.02599784188676116,0
0.15955140145306365,-0.7671786940341668,0
-0.631354682071159,0.09840382764605506,0
1.3876841131573743,-0.0795725432835185,1
-0.5070036869604735,0.6861396580498637,0
-0.404356203064535,0.07270874278869414,0
-0.11449506611952008,-0.3077949671146012,0
-0.8280921793530471,-0.47326922207809546,0
-0.2174627639188162,0.6071690630629138,0
-0.4884888808053796,-1.0272965378459031,0
-0.1215027589572645,-0.26357467380236554,0
-0.42867613000753146,-0.07833229952641264,0
-0.23560461904677174,-0.777749081633067,0
-0.7974703703345417,0.8679325682800552,1
-0.6557177656140698,-0.2582492551543145,0
-0.8492993511622098,4.00850643351793,1
-0.744503516342904,0.2534325090951321,0
-0.6548183027560498,0.07247069965047616,0
-0.7240657747543336,-0.35934591781312386,0
-0.640705782733701,-0.24049097137996805,1
0.732036674259285,-0.41048365238912055,0
-0.0418080763077641,-0.35349912931047883,0
-0.10888339892097855,-0.593917253177957,0
-1.2943304270989062,-3.404948896246604,0
-0.5791853839062945,0.614349026138624,0
-0.9236903542014498,-1.6503761155558823,0
-0.8370105173371567,-0.1386944128454965,0
0.348949221704807,-0.4685977368983028,0
-0.7257403034803075,0.032096695542598024,0
-0.851592412512681,-0.27257865953505805,0
-0.869385022283828,1.4571291015820882,0
0.8976776165310374,0.1442643083238128,0
-0.8458518275024894,-1.3627952283217748,0
-0.25357605280249224,-0.11223915318038606,1
-0.5414599878604238,1.8989985304352797,1
-0.8822752615608063,1.4036696429929065,1
-0.8538086070523163,-0.3105013948617693,0
-0.8925298718763777,0.23721789491175588,0
-0.9479043401282473,-1.4036856918122138,0
-0.4698924566360445,0.7279526059090178,1
1.6169670405949148,-0.5352914507942123,0
-0.4990997780238864,1.9367209371825618,0
-0.5382307705037552,0.6919474621917292,0
0.4096251490013306,-0.4607534166809239,0
2.4029069534585457,1.7901286296848782,1
-0.7664343097835424,-0.03460653167889346,0
1.0464485126327703,0.06752746352416474,0
0.291077416075706,0.18832315161943297,0
0.2535329792222662,0.0823283512934564,0
0.09587491140891102,-0.4894872790518617,0
0.5614736196842949,0.148599129993605,0
-0.28678961133352016,-0.7885951863556877,0
-0.8876114439524162,-0.7082309275938384,0
0.911283722017178,-0.17533647031534516,0
7.6646872002076005,-2.277623008227836,0
1.2565194949781546,1.0524823518840656,0
5.5869911883173575,-0.9555253611833076,0
-0.6579961961922987,-2.5717797130341298,1
0.9171837341257439,-0.21032903157746496,0
0.4563950382271503,1.074013957992318,1
-0.7823487684889462,0.500693080117605,0
1.2131283836368003,-0.5121903555995749,0
-0.7452949632241788,0.3106149852492663,0
0.17841706006147748,-0.07603341988751897,0
-0.8186874837896787,0.04563338229007397,0
-0.5464750630402143,-0.2630371256765972,0
0.766592661565341,1.20573518358295,0
-0.8462366546497043,-0.4320571564202349,0
-0.8368688609939007,-0.03934256949962631,0
-0.8876116956922944,-0.1325932900789683,0
7.029695103702945,0.05076454983271934,1
-0.78953993263108,0.2797324166086736,0
-0.12771670991412437,-0.9244305192816806,0
-0.5475573734959907,0.09395605103335043,0
-0.8542424313176108,-1.8144037022492572,0
-0.7902847592952459,-0.22071618300506016,0
2.026247188413139,-0.3433454001024679,0
-0.8803621907542505,-1.1666451994353515,0
-0.7865521618854324,0.4961629950913786,1
-0.7727755292546903,-0.5135089397855358,0
-0.8265978497399229,1.3753601390768848,1
-0.049458992437937783,0.7278360528536765,1
-0.8029839688087268,0.3857027962621578,0
-0.19855069956347327,-0.2723513661900446,0
-0.3810112509258123,2.040996341223019,1
-0.7402118914421854,-0.7751094184918085,0
-1.3921631235558454,-4.023718434675912,0
1.025961872229402,0.964150336684321,0
-1.028794135681147,-1.5155825862009003,0
-0.7179134516207757,-0.28311652205292337,0
1.2812849007792912,0.03995619721314386,1
-0.8166821099066537,0.042691775181812545,0
-0.8597196622407359,-0.832647392358127,0
0.22660128414169506,-0.10168901947158861,0
-0.3342482561351152,2.368932556837008,1
-0.8013813523805278,-0.05244437497556555,0
-0.8715206590533255,1.6641049278140674,1
-0.8199978418588877,-0.2760319093145088,0
15.741995717859007,-0.37929477211477003,1
-0.49657304584862544,-0.5354360148081263,0
-0.2349340901887743,1.0986400384108665,0
-0.2606245897607139,-0.11469811696746116,1
-0.28712457426204685,-0.28275658750273686,0
-0.8504535416146701,0.8195699002070514,0
-0.7229432875333539,-0.18430308192804162,0
-0.6833526342875573,-0.1441568371290797,0
-0.32943001053472004,0.4020241678914527,0
-0.5011996780528967,0.09602577402469309,0
-0.035619029372825343,-0.3673851120846815,0
1.0717200689318487,1.2808998670728207,1
0.01758590974315958,-0.8208634152224631,0
-0.7806609053534436,-0.668304205903408,0
-0.8124978673245601,0.0001887307589074995,0
-0.8335438211523539,-0.2606625210133993,0
0.2394571158481628,0.7145668965253896,0
2.6685630554505244,-0.13643671212103553,0
-0.8909891492844182,-0.7710756029495783,0
-0.8685477099471377,-0.694946167281376,0
-0.0008858138992268541,0.9602306658902353,0
-0.5205612808314992,-0.9229966274548448,0
-0.786574564120108,-0.9191698662028295,0
1.2075081611230387,-0.3014923093456291,0
-0.7899901148563621,0.8094379007867062,0
-0.4900312874438584,1.2181565013308673,0
-0.7515221704171303,-1.332515124597414,0
-0.6546026223007462,-0.2930690022720084,0
-0.5929871051929618,-0.33696340477319553,0
-0.06316445380689964,0.004627692616339435,0
1.7897256820289673,0.02831783397105393,0
-0.9053155007071467,-0.7184118912736226,0
-0.8090174965774576,-0.02894618540542813,0
3.377434682411011,-0.12503056212152228,1
0.9491594754702882,1.0201679128651768,1
-0.6722866046206318,-0.04280664409508713,0
-0.9356785657650805,-0.42954175773493003,0
-0.8537614473392534,0.34379914000149986,0
-0.46280472912111875,-0.4545431841284228,0
-0.10004395899105749,-0.22191803824900913,0
4.9767724723819535,-0.24063459898274608,0
-0.6363573210187891,0.14436288394679245,0
3.6800734348028312,-1.0063186133683535,0
0.4074678375508631,-0.14190441258454226,0
-0.6829170929544288,0.5018746311713499,0
-0.824226878433164,-0.5532896756161491,1
0.036113723850801076,-0.4103444861747296,0
-0.815790822176548,0.15481323254832544,0
-0.6284993945574459,0.2862350370497561,0
0.5623829018862336,-0.7590540311750602,0
0.18589760695207955,-1.3111449957158152,0
-0.17916336699387825,0.20139360553634345,1
0.29179558706452574,0.35035622761404916,1
-0.7159929849883806,-0.45795518203151026,0
-0.37167911961113714,0.1012890351397449,0
-0.8848268743651352,-0.720938720813725,0
-0.9088448561950286,0.40633499809110857,1
-0.806767287771643,-0.17768466876471942,0
-0.21625139820678413,-0.7618659163698264,0
-0.6214709971647362,0.2395340960868807,0
-0.7517383317416102,-0.3852718518824934,0
-0.9585698907587271,0.6535825792613644,1
2.7945848211590776,-0.16544581790463408,1
0.33782503028925553,-0.6751599418776422,0
1.061525636361361,0.09238866302617713,1
0.42196888728368187,1.5540959960102527,1
-0.5681266010773786,-0.2146039444939742,0
-0.8939665903101515,1.7446071835922836,1
-0.7827828960690683,-0.1512672295215523,0
0.3404044569352699,0.5037887765155366,1
-0.5716512940238667,0.7595811186170113,0
1.0194513375938061,-0.7654394355443124,0
-0.8697370238242359,-0.10552169710691328,0
-0.8049102472314826,1.0038064935773985,0
-0.5625945468171845,0.5550684998652857,0
0.2811909755904322,0.42846452534377844,0
-0.7223580553558956,0.2784959439102178,0
-0.07402120156508862,-1.706941820344668,0
-0.42888387094792024,-0.0937227584099715,0
-0.6248990916598108,-0.015586633508416319,0
0.6773833557557699,0.4499932425510605,0
-0.8639690703623708,-0.4910941939392556,0
0.320983026412872,0.3465303356559823,1
0.2796221558127991,-0.5092654587514219,0
1.8996531264576884,-0.5416771496768062,0
-0.7326006924861692,0.554758978957467,1
-0.6009812899865807,-0.5080169874252406,1
0.2405125166903905,0.07195620825868614,0
-0.8879820267554815,1.8742158520760723,1
-0.26043228668588775,0.24762023796928173,0
-1.3792608057485312,-4.662660097156178,0
0.357475400387601,0.7272391403880573,0
-0.8243199017793146,-0.21527731942614622,0
0.7948642205987085,1.356609397317713,1
0.6407002045475801,1.061451758044297,1
1.493424094516339,-0.41462439568591336,0
-0.6384606484717273,-0.3289300208101823,0
-0.6608164638364317,-0.46902751734675024,0
0.40908940158286966,-0.16410321740579983,0
0.6120479359467403,0.06326021477973254,0
1.0241366908870995,1.4654418076622122,0
-0.4217611123287507,2.847628745141035,1
0.5749008804506903,-0.40659378324233764,0
-0.7439193653337816,-0.7898128093448883,0
-0.08911691380802028,0.2542348297958175,0
-0.1554019454589356,1.0500303943993303,1
1.8021233775951777,-1.5080299125953471,0
-0.3367027392947982,1.289086148767056,0
-1.8898240691028243,-8.23533516423244,0
-0.8516888046804687,0.04483718791004882,0
-0.9170433318750061,0.859280656608045,1
-0.31011914910483357,-0.6393830987000249,0
-0.8606066992139769,-0.9501057159762766,0
-0.19877449939795508,0.09425968714687272,0
-0.14866752433745015,0.5892869687606361,0
-1.0450049871019427,-2.6207667380083066,0
-0.6873769822962349,1.1540602095381358,1
-0.7439288027001173,-0.47324738042233017,0
0.9886490108018864,0.16623102938941253,1
0.12246986473913159,0.8935881766770891,1
1.0499423510661767,0.9570340449331924,1
1.8627276473157799,-0.5024791101200365,0
0.27199625892667983,-1.689235959360385,0
-0.5669097332081324,-0.5536722453494548,0
-0.8848340306803488,0.47752273660703815,0
-0.04906666617019948,1.727146861435351,1
0.11736015711742688,0.253243960504714,1
-0.8646564916971888,0.41647247575428437,1
0.5371352036126481,0.9282704964538632,1
1.4021649199384019,0.29781596514105235,1
0.6350213377904063,0.6034914565755439,1
-0.6912507220850703,-0.22541511131851072,0
-0.5584400697742582,2.0903290571400976,1
-0.8084588735202874,-0.17195651565770376,0
4.118286575107553,1.494118884447171,1
-0.8861896372944023,-1.202129969654283,0
-0.11818061519953978,-0.09100745316709645,0
1.0851097572964632,0.6355688785859336,0
3.060362999011947,-0.9601737729566168,0
-0.5721880251531114,1.718886174491365,0
-0.3986747095650414,0.7795383709151852,1
-0.40932786790554493,-0.24802114453377905,0
0.7832889478221587,0.1195790440145589,0
-0.8050207726419506,-0.3703836009599018,0
1.0093199770087102,-0.39249129618172446,0
0.3845702906117332,-0.29041581514014597,0
-0.8416454039329752,0.11488597705633924,0
-0.940477324472736,-0.8670016366313832,0
-0.8300737795883338,0.2065436341807475,0
0.47205198120366487,0.4115235827297435,1
-0.1322941505968869,0.8659363821925525,0
-0.8506963135081398,-1.478662834723317,0
-0.30300317779167585,-0.7040521046485018,0
-0.6512985014969535,-0.5655672501041026,0
1.8079688267093117,-1.2100461241949232,0
-1.0255684880683695,-3.020889581501319,0
-0.7576290898237376,-0.5605998259742613,0
-0.5538387389203188,0.045527512296929744,0
-0.8486324563587114,0.7310210034330353,1
0.6724748900419573,0.31071347986739106,0
1.618396571538084,-0.38283583113220354,1
-0.420998355265642,-0.351995282959929,0
-0.6888278582453774,-0.04766205197821163,0
-0.39996181602633385,-1.0314876973627702,0
1.3861951221255244,2.247356790572855,1
1.0956982790141434,-0.2740023941592797,1
-0.7072908048397929,-0.44589081743904496,0
-0.8808183230162712,-0.005855869784790612,0
8.614471000890864,-0.627692928698882,0
-0.9495571395736682,0.8615719103433955,1
-0.8262568197072803,-0.6850408487854613,0
-0.75179697720321,0.017687356828465464,0
1.0835120665183793,-0.2602385885996255,0
-0.8928103091144646,-1.3870782217631559,0
-0.8950749988994364,-1.143362919549481,0
-0.6769276718110606,-0.14524887353100924,0
-0.5342485533217036,0.23365452780128368,0
-0.644892911078971,-1.4030104832963524,0
1.42857551185672,0.03506771288498142,0
-0.7451002316707942,-0.14235641510319574,1
-0.7585353763570732,1.1125400743032068,1
-0.48891882018176225,2.5733130407162674,1
-0.8922439928570942,-0.5984933591207425,0
-0.3493305878513957,0.08274289247780965,0
-0.5775671288837255,1.117888622569849,0
-0.944568323296945,-1.8435833057059108,0
2.057684764951579,0.015933339120802185,1
-0.9765958988855332,-1.7659665915560754,0
2.5806546638056655,-0.772688287590242,0
-0.7713839371715451,-0.7969503324854863,0
-0.024398290825232198,-0.4111113161658769,0
0.24951696342239954,0.06872816499378913,0
-0.5631141434100277,0.22285117585051384,0
-0.8890547995534861,-0.8691117956582778,0
0.6516873234544087,-0.2503964923048919,0
-0.5458866370663434,-0.9028597176055245,0
-0.7154179839604428,0.45351509283424285,1
2.355268722729383,0.09289473772451491,0
0.2942934461327591,0.9042167533874743,1
0.5632496722781732,-0.5698480081902768,0
-0.778458569948725,-0.5122477486730503,0
-0.16993628107834127,-0.11804695236368246,0
-0.6390747727237817,1.0312380579114766,1
-0.8210703992838757,2.349875739580213,1
-0.9455511785631605,-0.8185182727391901,0
-1.0014488411266858,0.5996133011791972,0
-0.37276719664845365,-1.4033743159750107,0
-0.1809187738622051,-0.30917346288826286,0
0.33274069177433546,0.29136226910550106,0
0.4905658455756024,0.3721517029880202,1
-0.8275662004193355,-0.6820663700782186,0
-0.09682138662891729,0.9501793069257903,0
-0.25141425274738466,0.05750158502827152,0
-0.09809601703215855,0.6729429466965208,1
1.2111393840595366,-0.09813438363117771,0
0.9683395614761482,-0.045762354905501075,0
-0.8572189235435422,0.6056347229015765,0
-0.8249119337608359,1.662745597478593,1
-0.5529196800193857,-0.4478780242874075,0
-0.7187521505074016,-1.3415246487931634,0
-0.7788814214486114,0.16875490681482855,0
0.2241451567503468,-0.2265039042718332,0
-0.02377238029370051,0.9638870766137798,1
-0.8323929853496095,2.3790455337287657,1
0.39665597604671043,0.4289018238792515,0
0.7372344153774837,-0.24825215717289403,0
-0.7263890865513372,-2.0449953470241327,0
-0.8187510993124472,-0.13020148206960508,0
-0.5618027350056716,-0.21226276011656212,0
0.31887162175656064,-0.4080145366615175,0
0.5282351053621716,-0.01267593904190339,0
-0.7743674996311933,0.001036385998319596,0
1.9140715895806952,-0.1288640167369381,0
-0.4962612555644449,-0.0833759997179398,0
-0.3053764015315282,0.29255321687440794,0
1.1969293159700134,-0.41555689431165665,0
-1.1213549286759614,-1.6549283972511863,0
-0.5475331328920224,0.46391545371338666,0
-0.48884075839644586,-0.8057900734508506,0
-0.25296371146212665,0.872085134219982,1
1.887929259626165,0.7985527124810956,1
1.5551952267536713,0.29163587277114555,0
0.8339981150876152,0.028680321221432135,0
0.40898063440167703,-0.03430835435706607,0
-0.4241670362321861,-0.5544786710364581,0
-0.5894223118191922,-0.18998460418222043,0
-0.5693512811223447,0.15506820135508606,0
2.929675615025665,0.35329992532310844,1
0.006068217046143591,0.3275661691736682,0
-0.7052278136669021,-0.20655226544318905,0
-0.81131002445867,-0.3352930874792036,0
-0.791754416191044,-0.08831210271581262,1
-0.06097092819573956,-0.6781293808258111,0
-0.7462193066152226,-0.26463612202104186,0
4.323330436672763,1.6368348324515067,1
-0.6195232944679175,-0.7455947605522207,0
-0.22934032132610815,-0.006959608988319399,0
0.2645025180561004,-0.36700363340702896,0
-0.5876224434408792,-0.23963376171894918,0
-0.8634872113623778,0.4458637550532796,0
-0.8232112600931693,1.095519419986518,0
1.4371939982055615,0.26150801663460027,1
1.8612700726061815,-1.5791320412955605,0
2.937594245658614,0.985062088217662,1
-0.7137376742768743,1.0364162211282748,1
0.33110846407141453,0.3403599128626817,1
-0.30770852608817756,0.3915615376022095,0
-0.8213242358786974,-0.3355535039121976,0
-0.7971549455373577,-0.698821934141794,0
0.9046296530464,-0.34522143940239336,0
-0.2003121425918313,0.3129353887668002,0
-0.1316255853394937,-0.6634162276219323,0
-0.8797330164965504,-0.17708448980265515,0
-0.6067735617904859,-0.1782906238183718,0
-0.20666384615018252,-0.06273755828238696,0
0.3404633646552672,-0.7826879519787766,0
-0.6081157230910104,0.05424191565418831,1
0.026179028262375337,2.300252579948065,1
-0.31439061971313,-0.012800312121079557,0
-0.7701910515865037,0.2989236192858935,1
-0.22341552389591354,-0.2413433760923952,0
1.921628106587164,0.3641956778466445,1
-0.5450216228734354,-0.599355596613701,0
-0.17375646700110828,1.1805572555979793,0
-0.11004904239467064,0.9629356018783766,1
-0.33389497911820587,-1.0060368069442212,0
1.2724393497280093,0.6246605462963364,0
-0.35352242088623276,-0.057856991942874414,0
-0.5578225967870787,1.2806931074834353,1
-0.7812049422818275,-0.08360156679877502,0
1.845108273815078,0.3795082621736018,0
2.7700338372578677,0.26486855575531226,1
-0.45077166366966637,-0.23298613746122926,0
1.7118605486395302,1.5826420290360959,1
-0.9159446145039389,0.3448828023121505,0
1.8276967880690649,1.563059449122746,1
-0.6884468902734928,-0.2966668541706536,0
-0.36344966915168686,-0.3781875004855493,0
0.008339995689177556,0.08083770045114648,0
-0.7990737379790771,-0.9701428435765389,0
0.5042377756544003,-0.02112580389432181,0
-0.3914677214065542,0.35374329214817085,0
-0.5051194468206431,0.23624039637998775,0
-0.6973777649351965,0.18542453825657063,0
1.169176696477318,-1.1951278018177063,0
9.50285967424256,0.13218075580977345,1
0.11959518189827674,0.03399835529683719,0
4.261089789248743,2.891441540445731,1
0.5095437820568407,-0.7496220924866329,0
0.5040517453468509,-0.21048707468744993,0
-0.669689784996456,-0.6936341880093573,0
-0.8483810724535147,0.08211682166660694,0
1.021547347009301,-0.6914860321090102,0
0.035013798218407506,1.3917334417274119,1
-0.19644237081751648,0.08155492387278175,0
-0.9727459344978455,-1.7616881779512312,0
-0.6923436916353908,-0.4001663079331672,0
-0.19096703205057985,-0.08014483461545362,0
-0.7022049398305176,0.5151039215639768,0
-0.5482322523914074,0.9307342735976832,1
0.29113051314001526,0.13054343638678867,0
0.7387238959542911,1.3552974530635373,1
-0.790404216691545,1.2283512362111704,1
-0.8805433628454686,1.0812363835072523,0
0.6546812345962053,-0.3562273689182804,0
-0.22430207349588435,3.4230320365048437,1
-0.5920183372317313,0.648075185758819,1
-0.610452783868117,-0.217994111070775,0
0.07867640785944428,0.6886367819919694,1
-0.8641949206224071,0.08305696799930315,0
1.134009734684035,0.23145216024115173,1
-0.881093192355545,-0.20484866015746822,0
-0.7584054370317436,0.5792957871741664,0
-1.0048266401242119,-3.523513638028692,0
-0.6189816515643997,-1.2622304835468567,0
-0.7062428642098579,-2.134490082706352,0
0.04702341612641684,-0.11445489865587627,0
0.711739741354862,0.040224368061381056,0
0.45774591951448235,0.8783555958297997,1
-0.040919392045150334,-0.6269822407647903,1
0.3619231773599693,-0.24352533048057345,0
1.2983216465113039,1.2059986337338096,1
1.5529191696926454,0.24261018174039098,0
-0.6175265781822503,-0.9071982509529329,0
-0.21265646805625052,1.6659277487313262,0
-0.5230081716927238,0.251332299044648,0
-0.2110112876525275,-0.2088510213641885,0
0.20835772921413706,0.566185640675066,0
-0.3138607272158355,-0.31304213881493925,0
-0.5754347360433921,-0.15256847197481468,0
-0.5161788730993551,-1.0473031599839895,0
0.8425954519371283,0.6177157327112518,0
6.442723244848405,-0.21640726081419176,1
0.5331526218420013,-0.27131969885611046,0
-0.8166711388758027,-0.4670828818650155,0
1.0566639310553334,-0.6214122482486868,0
-0.46710935168353085,0.4419963353752308,0
4.226570124759552,-0.5521289884955,0
-0.8902238569513545,1.133251066308112,0
-0.6387767946023902,0.24410662012606055,0
-0.7769131265960993,-0.11952064018828322,0
-0.258536107481144,0.15868463568829838,0
-0.6499101547761058,-0.26839937788457074,0
2.164992359683271,0.36573482095317256,0
-0.8582215943522542,0.34986424795381205,0
1.4042168507010595,-0.08593911430913469,0
-0.3074495197764294,0.1077312465929333,1
-0.8794325120779138,-2.168843052269443,0
-0.8321990143472627,0.06561325927884244,0
-0.09090262099466025,-0.42857594873495364,0
-0.4153792571797516,0.7939568285346391,0
-0.5966401083469296,0.21217811365254347,1
0.01998170647461821,-0.32619072799267423,0
-0.7032769271765165,-0.48136795323770604,0
-0.8955514192394249,0.4626153585183187,1
-0.8212389998236164,1.8538120456437934,1
0.45266084117913774,0.4661814663087153,1
-0.0773778159556372,-0.9897723572793676,0
1.0888458492118933,-0.7665838517905302,0
-0.49566166264368455,-1.4224827694505944,0
-0.3239268733425644,1.096873062788655,1
-0.8949908612348824,1.552619485179112,0
-0.483842085249101,0.1334609351483443,0
-0.24142419243790386,0.40285923387751515,1
3.815465669609832,-0.7875956398060021,0
-0.8649385437487545,0.5313889319602122,0
-0.6654511950134323,0.35465637293214114,0
-0.745655811162567,-2.0324081809321197,0
-0.9293048939644049,-0.6608555929502888,0
0.3492733831090775,0.036832228161853546,0
0.5501480347717937,-0.7223180064600595,0
-0.4301439801098539,-0.09489904759877786,0
-0.2994006602954456,-0.5423126724582402,0
-0.8088573800984346,-0.3123749370328167,0
-0.7952931549117287,-0.8600929205520403,0
-0.9491334666283685,-0.0641377756428235,0
-0.38258195003218987,-0.45347390306171625,0
-0.4014299134335976,0.039382694749894115,0
1.2466739787596322,-0.34444450032332835,0
0.482895635061843,-0.16078303550471867,0
-0.5042891688935097,-0.17448702260738935,0
-0.8818962356567994,1.3696164683077285,1
-0.9271677457231452,-1.93412354517907,0
-0.8290966676383701,-0.23334696081557343,0
-1.0979156655462277,-3.0359056157528523,0
-0.7467545114403381,-0.48705709172363215,0
0.3822150208510656,-0.28427114118368885,0
-0.46124044821970567,-0.5605476732247976,0
-0.5682777843100014,0.29012671363002324,0
-0.19372343438171205,-0.7648208571605415,0
-0.5971123273694147,-0.8451770948438301,0
-0.6098923584456067,1.294449315498868,0
-0.04038281663240011,0.13801317390009796,0
3.3267638993829496,-0.15746211507864893,0
-0.8714301359941647,1.32218833005808,1
-0.8463347559132324,-0.21435477996756241,0
-1.2810036253634383,-3.19633916393877,0
-0.5626687279898587,-1.2164255483638355,0
-0.13010596854737824,0.1697309727974646,0
-0.06320192511337121,0.12225067033538158,0
-0.998338288785287,-1.680053517422772,0
-0.9082887726392296,0.40468798079449103,0
0.5098935631546889,0.07889081806514546,0
-0.30224524682899967,0.04295294216599928,0
2.9101761328980547,-0.31234520952082606,0
0.01957282250593222,0.4040535454833092,0
-0.7727833043579099,1.8463290664383023,1
-0.9089964657937837,0.06524872283723446,0
-0.41225663205407637,0.06448868435062427,1
-1.1362750975072795,-1.828740088892113,0
-0.8040429617412664,-0.06611078617332276,0
-0.7775317315302733,0.00906871381574566,0
-0.7769765690012467,-0.042488057975370454,0
0.0865004665228499,0.058810203589777024,0
-0.4418462008594483,0.16447561694228985,0
-0.09082489532892275,1.7964681017247215,1
-0.8422733200333565,1.5316102243219547,1
-0.21104970415855934,-0.08988033889701257,0
0.19028267600099025,0.7204061763001739,0
-0.1518612590472382,1.082814197449131,0
-1.066404392148937,-0.07917621918500707,0
-0.4250638454460903,-0.4124071239299731,0
0.26659786139638153,0.04612493169362462,0
0.49353501092989627,-0.23588917630991296,1
-0.21966192174725788,0.33557451754785333,1
-0.6601920667658563,1.889026756899623,1
-0.4815146289408919,-0.013798968873334342,1
-0.35865103897622863,-0.7929532380877673,0
0.39823218921126563,0.08106152090555573,0
2.252770814637578,-0.33410195046452934,0
-0.44610271572411814,2.524300063148488,1
-0.5675726656960003,-0.6569715599405449,0
-0.10859238290359652,0.055649788209599635,0
-0.7465587575142704,-0.6028793913598329,0
-0.6225315594084928,0.3023364636600915,1
0.005672633981562277,0.09841396329203014,1
-0.769581459688877,0.5189418009025621,1
1.7354589672587282,0.05311228011672447,0
-0.37802359750411374,0.6577054235669516,1
0.22402760473053515,0.13375827802283694,0
-0.17693147143346577,1.897886967200822,1
-0.5119618935830326,-0.12498526197901406,0
-0.6975806460765765,-0.9434657073239359,0
-0.30554829775378295,0.2521392850681885,0
-0.5888252175706163,0.7692536553798892,0
3.088554575981117,-0.45137591705641894,0
0.21461396777442313,-0.7076122697048776,0
0.601959933574693,-0.13542910972313724,0
-0.6954791189488362,-2.9489292186818545,0
-1.1931088236771155,-3.6924774926812174,0
-0.12181808018750234,-0.01899058096768996,0
1.349364410341517,-0.2795840023431833,0
-0.7222996191843014,0.004332482281831121,0
-0.6993052543396426,0.00426647656125432,0
-0.0031028324439719,-0.7035209848294004,0
2.379309030761267,3.1938150633362885,1
-0.32231791961456113,-0.5250788515692961,0
-0.6450417628962256,-0.3066342896012994,0
-0.8498616726255893,1.3744432980426817,1
-0.7920904462720251,-0.06777196736782072,1
0.45132540614610267,0.016760835574008023,1
-0.765885922860986,-0.029435155668478957,0
-0.6557257529299212,0.19428928494452127,1
0.11594818964011189,-0.7820236005695566,0
-0.7627720101454619,0.7397262636305539,1
-0.7480922154725579,0.5440934335590617,0
-0.5233864414010251,-0.08739145782355145,0
-0.7409916238070381,4.7147420235442405,1
-0.7458542768285757,-0.769354820835531,0
0.32916202951634915,-0.16934899971504053,0
2.2635185184835995,0.37279868179408177,0
0.1072163119754101,-0.12891465319740833,0
-0.21210877782515808,0.179902249276359,0
-0.5863387698004259,0.44117847512189645,1
-0.706124741687551,-0.003454552827504165,0
-0.8477655918780531,0.21629669494799433,0
-0.899480470761608,-0.423341570291988,0
-0.7914367291803204,1.2769815238937725,1
1.2621546312017051,-0.6425884856805701,0
-0.6886466347041671,0.6654133885620737,0
-0.6714003818564238,0.5702062254601298,0
-0.5335596083102936,0.7577026706440222,0
-0.5531042490376414,-0.20057854113392434,0
-0.5574859954004175,0.1814120208885567,0
-0.9269690728584314,-0.42871902852907423,0
-0.37398333153978747,0.5565064335120038,0
-0.816613305051645,-1.0459941473678673,0
-0.7619609044757667,0.24776814379285367,0
-0.21727925819193847,0.43566840033885473,0
0.01068757235136559,1.6966794741782363,1
-0.9059988718431684,-0.4020305723263993,0
-0.7255890085258277,-0.36251146114863475,1
-0.23076845904458165,-0.14004215043920745,0
-0.8874833280579943,-0.1562005544605858,0
-0.713544923293341,-0.7119461438653784,0
-0.7714262744106073,-0.1653585421524782,0
0.5919177063258935,0.517259934686549,1
-0.2086158231801026,1.0481136993227775,1
-0.062341119524355594,0.7455434456331389,1
3.7762684583862716,-0.3138128667367722,0
-0.13395075892228278,1.1755538471817137,0
-0.7262489304593451,-1.1628783274504293,0
-1.5707951590460276,-6.8662504296337294,0
-0.5308843187377716,-1.7879865495633707,0
0.9092435365507566,0.04104372604949797,0
-0.821749244155116,0.42627293661225624,0
-0.34631321218780614,-1.1409318957644958,0
2.362868017031271,-0.23131284841082392,0
1.9321789820414212,-0.2950958101006848,0
-0.38341930171243466,-0.18867986051033206,0
-0.6203753549074937,-0.0024131870877980867,0
-0.4304916141729741,0.24029910262598989,0
0.49547309041687615,1.803563104294292,0
-0.8651932809764024,-0.0346522312195851,0
-0.5280326099532101,1.8321746565241492,0
-0.8640865603888787,0.21122724804829549,0
-0.8804110736158333,-0.04873294732419556,1
-0.8066456092012186,0.4134502052068797,0
-0.7809131779320274,-0.6564079244502595,0
-0.8001916055254956,0.4226852414574965,0
-0.3288785780656389,-0.6799060279727454,0
-0.8105981844922252,0.3827551181178654,0
-0.7094679031977905,0.45483890975610797,1
-0.6736718230643248,-0.2909621521157208,0
-0.7854573505118508,0.3245678436020612,0
3.846877120206533,0.04698690006987906,0
2.0881398023978672,-0.04321950887718021,0
0.31146961342328106,0.037887509720384495,0
3.476751335609514,-0.5530261626335468,0
-0.6747574217855229,-1.3520436163096867,0
-0.6203731997356485,0.8919386613022963,0
0.5007028445018101,-0.04899799901094726,0
2.655139306377074,-0.20346796461335312,0
-0.747747495914345,-0.1916643432170135,0
-0.8771224723047468,2.7225954117067004,1
8.091594130890423,-0.9064527395175046,1
-0.35422007793803234,-0.2046625281052785,0
-0.8193011006582017,-0.3527043305864995,0
0.33064119265337494,0.34842877603107447,0
-0.40230388895139596,1.1172031906022089,1
-0.876048216123847,-0.34563555923252715,0
2.2067805039033015,-0.11972214563261155,1
-0.5569986772052076,-1.0463069712648596,0
-0.761284738351414,-0.0028774194204624617,0
-0.47554182046460824,1.7465898664116952,1
-0.3959302902037202,0.9476383782301007,1
0.032306105562492325,0.08782630639622899,1
0.8709300845977086,0.04377764484272588,0
-0.814598480796652,-0.839192176024553,0
-0.6938537155104545,-0.25377255251696546,0
0.02106927671306525,-1.208761752960347,0
-0.7173478904456482,0.6817537215823354,0
-0.8181150003639317,0.3741948300757639,0
0.5890197650538683,-0.4611368695108729,0
-0.17196038558164387,-0.5264297427508763,0
-0.4037009492641965,-0.624676070870373,0
2.508400594503761,0.8171401105423353,1
-0.7164171973009725,-0.42369893074859005,0
-0.8571601762285642,0.8375107640029864,1
0.006357481869321535,3.020642653747601,1
0.021872004140220846,0.9812792814723285,1
-0.7056938615750088,-0.676893056093967,0
-0.8680976947443597,-0.8335773309661327,0
-0.981837547026183,-6.23984924796001,0
-0.8282363724535924,-0.41273437822225073,0
0.38186954595290795,-1.2439574681102639,0
-0.7212231495305435,-0.15066504512614043,0
-0.10539168200223634,0.020957461103952853,0
-0.3196874100189276,0.2592243650994699,0
0.7863238871614215,-0.17044683496440888,0
5.704827592458167,0.5251952304051849,1
-0.8953710373118134,-0.2279617061853406,0
-0.8188476144793609,-0.7813448849852893,0
-0.5133821202509752,-0.7406214149467715,0
-0.764391355760352,0.11499774465373604,0
0.016510257842532072,-1.191021275756156,0
-0.7971538830088329,0.6583620266517632,1
0.35953369394387374,-0.3026568275368576,0
1.5436899606473284,2.7927190014929946,1
-0.6871846166538694,-0.07133304477360938,0
-0.7113704626744377,0.1892128188219318,0
-0.7133734656824343,-0.6458578217828506,0
0.26395629993762043,0.7491832257608521,0
-0.7706905732269663,-0.3048950513782713,0
-0.49514450106740826,1.0437147313621538,1
-0.6236650273252095,0.23215147763180632,0
-0.991688991215757,0.5764063419044774,0
-0.610729485298725,0.23612408024818218,0
-0.7996719539992521,-0.089110124358238,0
-0.7524986102653218,-1.112866217004429,0
-0.8863976926226343,0.7355400777729412,0
2.3431119748632727,1.090687280930281,1
-0.4957978414716061,-0.14355349131481382,0
-0.6691733686746268,0.7597185468597832,1
-0.11647919868298597,-0.6761868830698704,0
0.488198238060098,-0.08237262815700175,0
-0.8020946405307683,0.19261614079467504,0
-0.5765881790044167,-2.2748486278830264,0
0.22466253299869518,0.7860762020078962,0
-0.24906069452803564,1.142445193512603,1
2.306058307359531,-0.2869683065304159,1
2.392528803292223,0.07137995473239339,1
-0.6135586652120718,-0.49676037377756055,0
-0.7254936786046057,0.32522552263439675,0
1.5654646728859256,0.46959665937425127,1
-0.4067812765175335,0.7468189784052862,0
-0.8617474549085953,-0.8712668691304469,0
4.481761916684048,-0.4376144282074497,0
-0.7699277218894266,-0.2739300320363089,0
-0.46357164440628484,0.2757128694724541,0
-0.6134664822498528,1.0386417902748184,1
-0.7181811350668013,3.7230314180797834,1
4.693395536259871,-0.6144465402551399,0
-0.858835160574291,-0.11479116228409247,0
-0.8036080761651132,0.6408697206974066,1
1.2116848317544633,-0.04597632443340137,0
-1.4250614091068439,-3.96855399803625,0
-0.441941290447906,-0.23946299433209287,0
-0.7207814303863795,-0.18235505069079727,0
-0.8419156084598274,0.04883248538418024,0
-0.47468204593792457,0.15557107729563072,0
0.45684102190902415,0.4903576795294487,0
-0.8374161995415342,-1.5622248692552594,0
-0.8591605523565603,-0.25783204727651826,0
-0.9021720110291663,0.2737714342859244,0
-0.6653953850643537,-0.018626704654071805,0
-0.8753822756647123,-0.9233881602679499,0
-0.5915903667184775,-0.49511498674667476,0
-0.04372788850522413,-0.223364860813013,0
0.9543443075299873,-0.34523440550092244,0
-0.8471230643226046,0.0998540054052741,0
-1.0778116199673278,-1.396308065636283,0
-0.8428136015658289,-0.6607331822931538,0
-0.2627494033174274,1.5212735138194446,0
0.6014562836313634,0.21959581326662692,1
-0.6127457069876492,0.24463883257567945,0
-0.7993987447478542,-0.4892218054812128,0
10.043270638436086,-0.7072337143339484,0
-0.3696417618060851,0.023510107349837474,0
-0.40576067650752834,0.028459249730046987,0
-0.4873124569912112,-0.32330578359293627,0
-0.7713048394519199,0.6703430463796404,0
-0.2928529733854733,-0.43530585666846594,0
-0.5046205523785952,0.6899782957172031,0
0.36950723017769477,0.028723506756405934,1
-0.5427501828746681,0.6241725627808827,1
0.1171012687253992,0.6013130507914421,0
-0.7981624126281978,0.14279182168380278,0
-0.5218110593725708,1.263908593176863,1
-0.817593539778977,0.3109393245251665,0
0.14040791493984237,-0.29966162431180476,0
0.4470969574676257,-0.44607350188031614,0
-0.9374736089603328,-1.004609183155574,0
0.05963676878569208,1.0125992573585958,1
-0.5138138106843262,-0.1261823105659147,0
-0.621276821418494,0.2487303420856177,0
-0.798651291514851,0.24801495216446803,0
-0.023468026607032375,0.41081718219872937,1
-0.07740232583797801,-0.5508424061467999,0
-0.7195006853219619,-0.18309679953115135,0
-0.7052287353327443,1.6163253482118771,0
-0.7825771212896842,0.31948028896598574,0
0.8805388116671139,-0.746061279608864,0
-0.6245908809420763,-0.13273465515299232,0
-0.5375216821398604,2.6446576548914593,1
-0.5792162287018578,0.45389595136953764,0
-0.7661076470206275,0.24414869671848632,0
0.02029913653431953,-0.7710854207905975,0
-0.3937953606006953,0.0469646761664762,0
-0.7102603498702157,-1.3962921538354323,0
0.23954270180852544,-1.0796336288721504,0
-0.9336568897706686,-1.234916274394801,0
-0.49365498341471564,1.3068569949086308,0
-0.9234965620211754,0.06420056833919884,0
0.2707421688025974,1.2899389485667112,1
-0.1678997797737071,-0.8701331305172554,0
-0.8761668380148758,0.4805863157711685,0
-0.8788701475022658,-0.46412189531665327,0
-0.7219741766026563,-0.4127954725257956,0
-0.3561376625434569,-0.4978865656197695,1
1.0382765877313762,0.9060756970570878,1
-0.8126144682203295,0.0331769013525704,0
-0.81968708090483,-0.7379309329444584,0
-0.8857391647935714,0.043181637635047204,0
-0.806620335046777,-0.2535500661910687,0
-0.8659089429262179,-0.1554583154856331,0
0.014532699328612637,-1.5450670454253228,0
-0.38838789278836133,-0.38753655649234037,0
0.0383847185070145,-0.9524630168933721,0
-0.6471526121280291,1.6349653974502494,1
-0.6260026005517403,-0.35203052460908857,0
-0.3237905270966659,0.0628811923258068,0
0.3542927764244757,-1.1650293731703254,0
0.9590855446908689,-0.4418874883605786,1
-0.7483661069253269,-0.37491629304839424,0
-0.5256235047511087,0.9532913616219463,1
-0.2861214642642816,-0.3445543958942262,0
-0.10953362897705467,-0.009687998590406728,0
-0.7401103729807322,-0.24343535375832687,0
-0.36458761892036956,-0.04285255540590321,1
-0.9164272978434853,0.19273893745965373,0
-0.8811382457426935,0.7552054937004095,0
-0.4338131876961456,0.689682020483619,1
-0.8634276374152511,-0.25640714131340514,0
-0.08254935578304318,0.7724209996868057,0
1.663110992195457,0.5078463527075553,0
0.24641175237022198,1.22952523250728,1
-0.6995784771174383,-0.08616278102850597,0
-0.9377337271369623,-0.9397159209931552,0
3.5690449201485483,-3.1176679931063536,0
-0.8160631989343894,-0.801508914241638,0
-0.6989318947785073,0.17663129652711743,0
-0.7966332684628867,0.3088420829977778,1
0.11945375295307448,0.26006849333832843,0
-0.6779940630886876,0.2189500603566125,0
0.9242768390918495,-0.17128456799479497,0
1.050573646031768,0.08392581176889706,1
-0.8954561184363191,-0.7513507146586519,0
-0.7543200035018242,1.056170203012187,0
1.4649193311658413,0.6959809315447454,1
-0.3203795203587877,0.6146139280235775,0
-0.8789114583853885,-0.061031248861281286,0
1.0194791520355597,1.133418420781839,1
0.302130000776783,0.03269789895038682,0
1.282913174150822,0.18495031784446864,0
4.028364323192477,-0.9001146722985406,0
-0.6213946513776529,-1.1638018849923866,0
-1.1297589722575185,-2.2143118327404285,0
0.19360755978362842,-0.553654674893304,0
-0.5036748049773835,0.4642820997943425,0
-0.06710185975899245,-0.5750077013583597,0
-0.6741128122176747,0.5592373003448227,0
-0.3665438386599632,0.9267637407454783,0
-0.6438157676876296,-0.23149361302614474,0
-0.23689922611767855,0.20360880150611604,1
-0.6709183530001704,-0.25644747358678055,0
-0.4811301101051523,-0.07475694101429578,0
-0.5774124673568141,-0.18582403296776967,0
-0.8104433918780239,-0.3408289764416208,0
-0.8502581258346209,-1.039230736785812,0
-0.40591461536862994,1.5417446971879127,1
0.39361939095983434,-0.36003817257231285,0
-0.7143574412384492,0.6028646183724521,0
-0.5370403162117964,-0.044791465981100585,0
-0.7079165108580777,0.3286934780110422,0
0.22151560690710578,1.3458645209415157,1
-0.8322837287817025,1.2923936092318313,1
-0.6876662905853862,-0.4055213266452996,0
-0.20431985565240934,-0.40207377485009166,0
2.369542317688628,4.24661074356031,1
0.016429991862206658,-0.30908299980551274,0
0.327129878725219,0.8501134137443076,1
-0.5742389021994142,1.165021791168355,1
0.06212699054203729,0.917031626043693,1
-0.7818818253550812,-0.6793244209163429,0
0.7650572855012904,0.4248808329895765,0
0.701247121965096,1.4615647940481271,0
0.5254342032955183,0.3398766957494461,0
0.3875642171146962,-0.5206183037178915,0
-0.2667604070503342,-0.2651248025120861,0
-0.2601661173092005,-1.2051223159418283,0
-0.9112328561583067,0.03699079947005568,0
1.761385007141364,3.8605469220274666,1
0.06303069142017272,-0.2855501768712203,0
-0.5215179364814823,-1.209339838081873,1
-0.7891155944604048,-0.5232009900158585,0
0.6796301893085878,-0.5972056193531036,0
-0.3589062137037566,0.027996070115012227,0
0.008784891875578243,0.33881901879843535,0
0.13863067519150465,-0.47455518156037074,0
0.10432817427343162,-0.14154453159128957,0
-0.3495547584139635,-1.0764673583709148,0
2.445145557413421,-0.03450398345385451,0
-0.7229263477280755,-0.3976712902455546,0
0.7848493311202575,-0.4646624140576784,0
-0.3374835825409816,-0.08056198062520854,0
-0.7128092340111738,0.827260949155769,0
-0.6354074482200596,-2.5090981128148258,0
-0.20665711936226033,0.1778816178022685,0
0.7414450785840176,0.715426579321573,1
-0.80376450814437,-0.3512333675799344,0
-0.9264823903394543,0.6523033391359706,0
4.133959535810126,-0.5374683495360654,1
0.8474928608650014,1.292382482410147,1
1.052652370617342,0.354214307483798,0
4.3834034690926655,-0.17294062097531251,1
-0.6705515701684589,-0.6075645941493486,0
0.426364667684018,0.4928128966901812,0
-0.7369332126958359,0.31234767931658863,0
-0.8843589238306018,-0.5401255306237781,0
0.014069351312051824,-0.996037407238042,0
-0.4978003598701486,0.5858014040567803,1
-0.14844181204132334,-0.31221010090312457,0
-0.6049903497791083,-0.5107509624823279,0
-0.7640386310555959,-0.10826953404163103,0
-0.430793771675168,1.6224056268708207,1
-0.4092538022344478,0.08112277774886414,0
-0.48870921232995157,0.5536562230231201,0
8.100992085290345,-1.1512234881938304,0
-0.7784421216285267,-0.1252646869469366,0
-0.8044510134357415,1.1563715530611347,0
-0.022838179188970412,0.5077134116027562,0
-0.7889603755506105,-1.454168176163662,0
-0.03228629531160099,1.328684919745173,1
-0.6292197761624485,-0.1364400264031838,0
-0.5297109642203681,0.14183999670484884,0
2.0241264935882928,2.640416907457782,1
-0.44265963854477186,-0.43410074414629474,0
-0.8606517696229958,-0.7725421768259719,0
-0.328046478132278,0.07498654865239843,0
0.42481543277677075,-2.523769174353462,0
-0.10498611313372677,0.5174091086704146,1
-0.7617382591728498,-0.7915360785366337,0
-0.7098554789077134,0.038262691276405476,0
-0.7908100165436871,0.5596037960818878,0
-0.45696450194015953,-0.20792524447689348,0
-0.8562314176902446,0.16110507437208163,0
9.23639069173362,-1.6267870396250652,1
0.5866898803673496,-0.1858573612147288,0
-0.8122110533512558,-0.6486725619336242,0
-0.4727614977907546,-0.42015915647552665,0
6.066283797826346,-0.6480652230776552,0
-0.05874648504470448,0.008777339923093506,0
-0.772515721289435,0.21456116053765883,0
-0.16061630402770105,-0.8345726706495074,0
-0.45272589697859034,-0.3472331959883943,0
0.9906284585486455,-0.027493710727098296,0
-0.8316583563212735,0.42398792665971,0
2.8043087593636247,-0.06087461515189004,1
2.4839937035379522,0.015374493439865838,1
-0.9457059005705174,-1.2655970219880288,0
-0.16738760920972,-0.28812641561123975,0
-0.24461288983202178,-0.37446381753914254,0
-0.5752721517824253,0.6362335135389343,1
-0.4897470883631678,1.2872025755699472,0
-0.4522669422485001,-0.13805364090648542,0
-1.2372835433797282,-3.0268198364271783,0
-0.8472972012807848,-0.21601072538959,0
-0.8458376660353235,-0.44790390337743397,0
-0.9021894362691875,-0.7917275415044803,0
0.12986575989363036,-0.8716790130366282,0
5.5529261480741905,-0.13204202197993176,0
-0.819708302541356,0.9379409147888075,0
-0.7250004510324181,-0.004961052429734913,0
-0.2853517459011379,-0.2172206341054693,0
-0.8538223876863582,-0.29305751411497005,0
1.8089367367103548,-0.6255474287139983,0
-0.8772136948479445,1.8063396993731657,1
1.8199660571110974,0.7375573643856363,1
0.017923815873374997,-0.5517664010217787,0
0.9870590592360585,0.007991429292735941,0
0.5107077289582965,0.5966141978875376,1
0.4863565171115361,0.6189532707383083,1
-0.5110143239751899,-0.9734238864829076,0
0.4725365837709762,-0.21399098759159238,0
2.3746726442095643,0.38087644431654677,0
-0.07054982150034292,-0.19983167520713818,0
-0.8697359794179061,-0.24276718297052055,0
-0.8406603942525552,0.8224553217699024,0
0.33273433303797967,-0.46477266085041125,0
-0.8544464634309277,2.165503243556815,1
-0.8650811893194033,1.9000271244073461,1
1.471452112748114,-0.1268372479074979,0
-0.9522267464100129,1.3258689666213177,1
1.3157596916110994,-0.5132049437915578,1
-0.4905012316482893,-0.08929380623898323,0
-0.37564505779716323,2.5897722512601,1
-0.8132514807457384,0.4016743119009821,0
-0.5973951035179285,-0.38426304997876876,0
-0.3419101354414341,0.49862481315431045,1
-0.7833040534680445,0.9349656210256969,0
0.13556585316184036,0.31068422305188814,0
-0.21201330348103722,0.4860225020543984,0
0.0144009829513037,-0.07601886501308358,0
-0.7813409690179846,0.37778206356314886,0
4.018626395519529,-1.2193476483928098,0
-0.42335311640162343,-0.12584580248141616,0
-0.8469545559198863,0.1737120631201304,0
-0.7659096767910113,0.24213293749280385,0
-0.9988888010316603,0.34403711853045,0
-0.7766913199523608,-0.3476733337949429,0
1.973954089353838,0.505496075567025,1
0.46413538513564323,-0.40467204734981216,0
0.682039283622278,0.49491948407516073,0
0.8614818707996674,0.5540940319291361,0
-0.8729599894388018,-0.6058334490769053,0
-1.097579264808808,-3.5248359032310814,0
-0.6526363140115795,-0.6466984829104837,0
-0.8341889065354187,0.24848095845836693,0
-0.7708943657242738,-0.5131773529774035,0
-0.7425633793191814,-0.631072543285589,0
-0.6679204446426379,0.27019088026202,0
-0.12072056568936894,-0.5803273927957174,0
-0.8505600098053938,-0.5140555627054291,0
0.767240782341055,1.4441675171108181,1
2.4230617642654626,0.4805476460151006,0
-0.3202518229213644,1.1847380614843694,1
-0.7734654418273308,0.006270761489857762,0
-0.03703102486893041,0.21543110156353895,0
-1.0271902924251293,-2.3613812719714375,0
-0.987926087778206,-1.0068153875790342,0
1.3372497579534073,-0.14403241426234067,0
0.5292140379672435,-0.1597377063177632,0
-1.081488424055821,-1.9000504038671775,0
-0.6377425499197196,-0.4804894828438749,1
2.2616088562663226,-0.3232477115644919,0
-0.667192996083299,-0.3378322056772623,0
-0.7467238765707112,0.38970232054367154,0
-0.6357740393342314,0.07731441679850919,0
1.1644319550469275,-0.13990330546245808,0
-0.9560809734979293,-0.8135395461009307,0
0.93522813807798,-0.07450311037318257,0
-0.4782328052927666,-0.32952846869673613,0
-0.3107374974433771,1.0952795639584871,0
-0.8129021734750475,0.0016413267711384663,0
-0.9447694844671036,-0.945659768437782,0
1.5002754662556292,-0.7692447221824107,0
-0.7486467574309769,0.8844648034993848,1
-0.5582083534140189,1.1243923568806247,1
0.28885611159110336,0.17721025988128905,1
-0.8343342667120069,0.2243640589909388,0
1.7830167159706223,0.1276387373443213,0
2.355871900286383,-0.6379648762203743,0
-0.4596890090924555,-0.3305809829426646,0
0.915445902531758,-0.1701511823789112,0
-0.8061721400208485,1.746301427905273,1
2.6264162620657925,0.1960707670276569,1
2.055283616582079,0.016585233779296885,1
-0.5612742926719778,-0.35877581478606035,0
0.5235590556073014,0.20352000104939474,1
-0.4443860233174475,0.8400861512327652,1
-0.3377517122105918,0.1516435213021791,0
-0.7332183427207246,-0.3042319027323,0
-0.9412276320808435,-1.614698376548857,1
-0.5119875232594205,0.8776348292369656,1
-0.7436677550906445,-0.78725710812553,0
-0.4726295982137251,-0.09495831275742372,0
0.2375430226683239,-0.8039685030133634,0
-0.5707928714676905,0.7300791081609908,0
-0.839747924708437,-1.0231861239317583,0
-0.6641786823079922,0.44846337157115146,0
2.6521327349369206,0.10370066820247331,0
-0.8526463313442593,-0.8297160845225393,1
-0.350396005043941,-0.8201798425808287,0
0.1862963530649855,-0.5830691992752095,0
-0.6877310498088969,1.8740458306249628,1
-0.42021881541480444,-0.33963218949812296,0
-0.9218779747222423,0.9406495678249257,1
-0.9081995757980916,-0.5828079013255089,0
-0.43410812865000153,0.4101738575144016,0
5.729286785102561,-0.37817619318102463,0
-0.2557626455070702,0.6207322675269864,0
0.42875344869220416,0.07094002443318179,0
-0.8857114467918958,0.19356456168682667,0
1.1510108636638459,0.5675465676035594,0
1.2339767784734348,0.3879141351520273,1
0.44332161896423555,0.5145730040763838,0
-0.4678321574175419,0.1570296936030858,0
-0.8704998582362029,0.28357531597152036,0
-0.4049996367321762,-0.3521770380701634,0
-0.21583988690842212,0.18282936909011438,0
-0.5674617573049268,-0.13427134090860066,0
-0.6765923132981952,0.1484974077339595,0
-0.7959911749625864,-1.0583391980911754,0
-0.7277583325734193,0.13316330533103707,0
1.063494993682416,-0.6742892471987919,0
-0.3069020603980989,1.0857659697847597,1
0.33009671018267445,-0.201073097512245,0
-0.8856100372891936,7.188847161695045e-05,0
-0.4778788490217949,-0.30579836071540945,0
-0.8718068377602961,-0.7246211465336097,0
-0.7224245502450259,-0.45321392052478215,0
-0.5614317730683906,-0.010576966346430279,0
-0.6019199483426109,-0.007923139897456601,0
0.6961611730666629,0.2830595702811192,0
0.34373588096237306,-0.35108312112062967,0
0.26219117884897064,1.50463244512616,1
-0.10358706534036927,0.24978892083756582,0
0.5729857820234159,3.8425787486234606,1
-0.10549893274771399,0.48302879180327885,1
-0.19269912665359124,1.5641258092781034,1
-0.41502006507899925,-0.38625654681313415,0
-0.8501386261119029,-0.5490463434171192,0
-0.21679292936677627,0.10911285351676583,0
0.06969317524021869,0.2642626449113336,1
-0.28412299143620295,0.7332876130843843,0
0.36230423332074235,0.42823048176161466,0
-0.21665232536885728,3.084133086049325,1
-1.0576658579644465,-1.125140549797168,0
-0.6023429315876117,0.09317357500009947,0
-0.5051333425613954,0.07943874353780868,0
-0.7637209158415074,-0.40606125616319155,0
-0.7708195417260391,-0.20124838095311734,0
0.9140642146032657,1.2744041312714136,1
-0.6910781102640651,2.256765893610853,0
0.439906561005245,-0.5191499912455113,0
-0.5779332974718692,0.34608135707040383,0
-0.8553094955591445,-1.8780387692864424,0
-0.2194098385999929,0.570617782588617,0
-0.4546785785019046,-0.35012672384877275,0
6.044368603954438,-1.1322668981287072,1
-0.49504116096920175,-0.6211811430665242,0
-0.442562711087364,-0.5946712831469104,0
-0.8184250265589743,-0.4966119116723208,0
-0.770862665656188,-0.0030248907226219034,0
0.0361504731954318,-0.40485970773922497,0
-0.7691479196939244,-0.35573748825113427,0
-0.36462492306861466,1.281907199967415,1
-0.702543442742174,-0.9549115915128447,0
-0.6876574777939002,-1.5309565939152476,0
-0.6875466192806644,-0.9992875189750008,0
-0.7207391718978712,-0.22932788982580354,0
0.6026338786969777,0.2097395320165127,0
1.725175128523846,0.38845896601894436,1
0.05841353862954345,-1.211561013877221,0
0.4846010381302325,0.01904299847357624,0
0.3966372986108725,1.3814478015884037,1
-0.8592938100825804,0.8014910032462005,0
0.18882200139800107,0.4828264068385332,0
3.807688075027601,0.13159342422386772,0
0.5313081397767352,-0.22035489300056058,0
-0.8164842660887702,0.6336408605962714,1
-0.7790645189667187,0.24364674332495734,0
0.2620154375512773,-0.9709303108398427,0
-0.33914936775117716,0.18403803074678032,0
-1.1656013676196715,-3.0943649066979195,0
-0.6575131742907248,0.2997973220502511,0
-0.7528955183610102,0.5387679160467826,0
-0.535493239797612,-0.3210122324079574,0
0.47742839681991206,-0.07946433751268107,0
1.6493083466814449,0.8167190179237451,1
-0.07837558326701116,0.9391000057098235,0
-0.5840441753201062,-0.04441371966375747,0
4.2330769500760566,1.2098376081680213,1
-0.7477175103512143,1.1445773454081194,1
-0.01871295105813555,0.03171640288697422,0
-0.8899779518894757,1.4016903357943846,1
-0.14063975878257418,-0.7261153522604025,0
0.15719711877431694,-1.249596537156771,0
8.174590566275201,-0.5520233669723255,0
-0.5647307910870478,0.023684932156386226,0
0.18152601006782987,0.3677284270673899,0
3.703185331761457,0.041433320363295695,1
-0.6247002544737685,-0.24590845496406194,0
-0.5270504340377635,-0.08706562730465767,0
1.3644109128353294,-0.7720149569209689,0
-0.1890252876766693,0.6933508880669864,0
-0.6140083918723457,1.9112050818267614,1
-0.17764020750438528,-0.18635553973435942,0
-0.6216470191688668,0.3943344582051203,0
0.7955023087102664,1.1809985747128335,1
-0.34787652902815097,-0.019064449192064056,0
-0.1876701869387689,0.06898133008968285,1
-0.5351780810539929,-0.5271991987832382,0
0.9289011767447989,-0.08788183349353915,0
-0.5824481748045794,0.10172094224291256,0
-0.7950315027687201,-0.1867868327863264,0
-0.42162111975607225,-0.5329712251646074,0
-0.5891224152694867,0.32090276258924144,1
0.3051965491249147,-0.003389190246619428,0
-0.4943728983395258,0.16485961605984337,1
-0.03737408998789845,-0.5696965903051541,0
0.10200270463369368,0.7376878149609853,0
-0.9218048133088174,0.3940714757200793,1
-0.5737573215925799,-0.7497209590843739,0
0.14381558032633648,0.030871101662494203,0
-0.790184846273568,-0.31843440007320023,0
-0.27915636529415333,1.9772451499696562,1
0.9220037530594385,-0.14190775106651876,1
1.8706831952906968,-1.2219964697677823,0
-0.7888084539892504,1.3360529684037126,0
-0.9218718052604707,-0.6891704537043387,0
0.13799900347895122,2.5343534843216555,1
-0.428764320369766,1.317849273509508,0
-0.9074926978856536,-0.2940326511266346,0
0.9936213392719414,0.5649661524439464,1
-0.8733140708640806,0.6101219280506353,0
-0.04945223808006422,-0.14663530915362993,0
-0.8772169021973915,-0.491872657596839,0
-0.9586289731770347,3.874945215073434,1
-0.6265918378436682,-0.3909990992801779,0
-0.34788417048092163,0.4962567381602359,0
-0.8904872249207177,-0.05154048978152059,0
-0.5198692879685677,0.41775066847024644,0
3.4572592915172597,-0.2511138242086565,0
0.5782496252169563,1.4361922595027599,1
-0.49672478623929145,0.28420622230133313,0
-0.13116774050451913,0.6269031063352634,0
-0.8702283146662588,0.18286385175025888,0
0.020137811918466277,-0.7273250934926793,0
-0.8183700386736572,-0.0553772275367985,0
-0.8321466509913256,0.17204511629761707,0
-0.7771736907085646,0.11005210164385339,1
-0.39822537287522314,0.7547931006860178,1
-0.6220746671550458,1.3629296913174564,1
3.3146186906891772,-0.16106039898529498,1
-0.8309510436704995,-0.7789995317706503,0
-0.8255668010600975,0.05349001894983395,0
0.23765841619788847,1.2374713606239867,1
-0.7206292246890226,-0.622352232494536,0
-0.7665537476348754,-0.6989741115287372,0
3.088648698743901,-0.3786187198983077,0
-0.44535919923144474,1.1903053941399429,1
0.33098628411179276,0.6835693572971976,0
-0.5864743087896879,0.37442265097342525,0
0.7193903817759023,1.0249576581568896,0
-0.6079340385704654,1.1715620334635344,1
-0.6020282339327624,-0.4369994956336405,0
0.4233009686089494,1.458504914314019,1
0.07913686178480472,0.5148824050376835,1
0.6578399219889695,-0.2697951644629001,0
0.6313346414680646,-0.9747047575053437,1
-1.1180621594499818,-1.3970810126025768,0
-0.34902273200668127,-0.5305150185318823,0
0.011519211086332222,1.2791282953079623,1
-0.5821656413491346,-0.14781646727888167,0
-0.6153784128604823,0.5891794601638752,0
-0.1397274345567202,0.060462387160493736,0
-0.8647539339453865,-0.47189094723218267,0
0.4826557231374119,-0.5403475222785056,0
-0.3459263331250677,-0.2199569832955103,0
-0.3213622247627693,1.2031801484982438,0
1.0392666629635898,-0.10483515919102283,0
-0.3523113528514577,0.6439743700860052,0
2.152756809137313,0.8558931027607272,1
-0.8007285818091368,0.07000576317609683,0
0.44952804081726444,0.6983411833487767,1
-0.8137020116392784,0.24173859671943812,0
-0.1250551010864615,0.671872207712445,0
-0.8401206806052711,3.010187366337693,1
-0.7501015918550102,-0.31177125617568235,0
2.3335327933291587,0.345409396895743,1
0.383708843859008,-0.1418635732710669,0
0.3698530498892572,2.3039465386547144,1
1.607453631888748,0.7076480266911841,0
-0.7454476528554298,-0.30844434066622917,0
6.649031595242443,0.6670896085656213,1
0.5692262468559792,0.24025407714054847,0
-0.5922469196426731,0.6076659359895061,0
-0.7768306196818012,-0.06433837846451282,1
0.7192932243785423,-0.1542322344908365,0
0.28213241288478735,-0.6186694173916467,0
-0.4506463957754249,-0.38143519025579375,0
0.3883903944661093,-0.7918655001856582,1
1.2476569115424523,-0.6640660904627841,1
-0.846198155753632,-0.4499276809695168,0
-0.6927168649774098,-0.15474782332446424,0
-0.8033186332077085,0.5266229202323056,0
0.32834113055697567,0.026014370836217108,0
-0.3387843805681378,-0.29147364442767043,0
-0.7723464127521745,0.12264642954613483,0
-0.2348851621917264,-0.31130642007637765,0
-0.612637151543901,0.4272420210747214,0
-0.4607154095596497,-0.23123657917316243,0
0.33123938970594696,1.5483322829345023,1
-0.3989618927948619,0.44216499858770225,0
-0.057632326888561465,0.06671835090753249,0
-0.8661969664654486,0.12079285313590488,0
0.8423520500593589,0.3636904106461587,0
-0.41019825485584155,-0.17077862386677245,0
0.07599149535691468,0.12288470790980939,0
-0.40459466380974096,0.20423588630351616,0
-0.658352709960958,-0.17665560874974465,0
0.024858845057027956,0.9026961540653838,1
-0.7304371893959145,-0.8125135702155418,0
-0.8187247572582201,-0.025268271442521056,0
-0.008152433746976192,0.0865933154146734,0
-0.11278163620799818,1.100543295280226,1
-0.24578798112341488,1.6518658321101167,1
0.5079334837224336,0.1623610302556235,0
0.007829725099334548,-0.2357209562398766,1
-0.8165821315143743,-0.6004433981373664,0
1.3067819011306914,2.281709018821021,1
1.1826184338192138,0.09606459648479655,0
-0.453491422858323,0.07382340961147964,0
0.17441848977328822,-0.11742059187300997,0
-0.6995359844034541,-1.3966097986182788,0
-0.17075138538978435,-0.1504292254283606,0
0.04504686784274188,-1.3963213651931201,0
-0.7867238866356633,-0.12133443654696856,0
5.05035777811837,0.5111020790668512,1
-0.7553711070544873,0.14675420958672006,1
-0.6302113975011607,-0.5522684919800512,0
-0.8886307455617491,0.9068967206122377,1
-0.8513968076298113,3.2177481897027103,1
1.695256411065271,0.40307258292736864,1
-0.24012383508281623,0.5298139107177008,0
-1.0014891161029782,0.06723652350241635,1
-0.78725556489398,0.8667725484252001,0
0.13359450165398432,1.1296429053485195,1
-0.1979470243362869,0.1451056328073474,0
-0.6829010500638538,1.9133182120631915,1
-0.04240944653822321,1.5289479605752143,0
-0.7369240205843681,0.2762587918361371,1
-0.7336346025416235,-0.20553740361560144,0
-0.7858875554887752,0.2194730267742593,0
-0.7442689704014904,0.025978596225156598,0
4.667455205808245,0.24097352780211048,1
-0.7302323901364709,-1.3961384232056402,0
-0.5797551776978693,0.40712439598511824,1
-0.7075836478159686,0.06389006708234457,0
-0.7961688956218732,-0.25852898906631555,0
0.19614024740289573,1.1162275781455748,0
-0.23362898711112107,0.6001315546943667,0
-0.1851896527515025,0.1359082426091066,0
3.221648873894206,0.0504178262695474,1
-0.8287558795101317,-0.516470201644078,0
-0.6122550608295837,1.0535185701482865,1
-0.5016358007712267,0.46328317602459723,1
2.39675422615259,-0.2535748343273712,1
-0.7055822405717197,-1.112472571287507,0
-0.8571402749592644,-0.5139897847131216,0
-0.9584671264195769,0.45273091526824155,1
2.927386450071627,-0.24074907816222124,0
0.3767007886284711,2.4903744957837723,1
-1.0329701106647937,-1.1030658692519706,0
-1.0656928130963215,-2.5097487618765304,0
-0.8548271280547453,0.574105820998704,1
-0.5755724401419282,-0.34037633235509007,0
-0.4135376630051149,-0.018177058697082984,1
-0.6650226101967833,-1.2978606832967423,0
-0.8349023242750594,2.0052717018401416,1
-0.9014061435437787,-0.5964100166680947,0
-0.5386401304566405,4.206484261096451,1
1.0793853589911897,-0.23981363085507595,0
-0.20228595639136654,1.9255818122254316,1
-0.34929041920646037,0.7881771991117109,1
-0.839894454938273,0.27907104962585255,1
-0.036740196172560705,0.10430603612734551,0
-0.7238009161993433,-0.08061310223149755,0
-0.8933477607414642,-0.543297889056583,0
-0.3775448584637599,-1.1241293102970311,0
0.7394678208449084,-0.1817761521599212,0
1.0906646077947355,-0.012844955504070332,0
-0.8894943992669953,-0.5587853345377602,0
-0.8525495853898362,-0.8296753308560455,1
0.014374360761126475,0.7687776953370262,0
-0.6924570746185634,0.06848954962431719,0
-0.7713400612631726,-0.5403664012227812,0
-0.7612191943288025,-0.1398577089083847,0
-0.8359799336173377,-0.3579617487995255,0
-0.10618390365837403,-1.805389761206102,0
-0.2766434489633421,-0.3226876910933314,0
-0.6429266279542359,-1.2859809268834428,0
-0.9120914673880942,-0.8344806216453573,1
1.797587205137507,-0.3056607529182118,0
-0.7488011593016092,0.12709830480493753,0
-0.8012905623860485,0.6222202092280585,1
-0.7611193532796025,0.7960929091487299,1
-0.5439252384631094,-0.013158245418143477,0
-0.60533866252265,0.7848680846090068,1
5.827450239528012,-0.05923098912987833,0
-0.8401041588564105,-0.13779363177429055,0
-0.6796695763606496,-0.5923398177152265,0
-0.8569151989765861,1.3054495089941094,1
-0.7610542122518685,-1.0184528211972732,0
-0.5103034797284975,-0.0750723892510669,0
-0.2599287784504806,-0.14340967451086659,0
-0.4890129232469191,0.20002687234464384,0
-0.6872845175871709,0.40855783582828137,0
0.5777104518537786,-0.4191807528314446,0
-0.4980728080204443,-2.645903161899225,0
-0.8404990389401241,1.6039024127232402,1
0.16651635851691501,0.6999885151888885,1
-0.1380241490354945,0.525043447998084,1
-0.275000353050351,0.009953614465373465,0
-0.3636167144027344,-2.023958725591396,0
-0.9835208876455358,-2.885181038151116,0
1.6233919592626762,-0.2536772456087675,0
-0.24896021977983002,0.7411695594534939,0
0.03948997052168617,-0.19461527606108972,0
-0.6404603708362148,-0.03970204707969365,0
-0.6497955725116216,0.13954997547087308,0
0.1329319531139745,2.1905761358830693,1
0.2577273336884302,0.20321503102660826,0
1.1809585121737483,0.8891317647568994,1
-0.8702731061696328,0.8059879374166076,0
6.10318928145765,-1.4071477439903983,0
-1.0981509463117114,-1.7985611947205096,0
-0.9809772681890485,-0.66987327285818,1
-0.4902534890559639,0.31966733014593257,0
0.037144246411074444,-0.4597774486753862,0
-0.27930769388742305,0.34543385816300526,0
-0.48670092272592536,1.3131641081246432,1
-0.4787845478442748,0.2794009921788923,0
-0.6008050668537781,-0.19405534920014197,1
0.27903339498358154,0.19201460335185713,0
-0.16526655048441427,0.3579254319515757,0
-0.6595857586349868,0.2107411861661993,0
-1.0613885275885457,-3.6455463400576256,0
-0.7135651882743106,-0.6942244495557462,0
0.40847588378816835,0.89656490502807,1
-0.8360279696101776,1.2046420786892063,0
-0.7895339961294421,-0.7121875852666042,0
-0.6778972635204145,1.2135656763750093,0
0.38082159323339343,-0.6121855187774521,0
2.8190779221941598,-0.10483273174981085,1
-1.2479172775456113,-2.372139956498683,1
-0.5693802362690421,-0.7345350217036971,0
-0.45425481651923516,-0.11142218771651947,0
-0.5436114811340839,-0.25677467930258485,0
2.3816425541018194,-0.7898751693087575,1
-0.7267376621656666,2.6502582234500958,1
-0.6017917332011843,0.38094244736529753,0
-0.5780713925417517,1.874269595915534,0
-0.5721744264366204,-0.17646112089228744,0
-1.4089465319659351,-4.140302137392969,0
-0.5293699966525491,-0.41604391574701355,0
-0.5893759311149973,-0.007121962485439533,0
0.6971257904619506,-0.10494833832102868,0
-0.36067914003871016,0.391725573892803,1
0.07672445693006819,-0.14005366012872378,0
-0.9431943327873936,-0.8921395309458261,0
3.5577847746045554,0.12900326354858352,1
-0.8133969125067685,0.15861705301902415,1
-1.2298103020445397,-2.7465985044402,1
1.6017281757891106,-0.37278560321219495,0
-0.83271202272199,0.025296493276794414,0
-0.8879639025609561,-0.07616821090419891,1
-0.6261633845075816,0.46583739886550046,1
-0.793569558760634,-1.3319497385662424,0
-0.6516201768655303,-0.24978968958046052,0
0.5813563399660452,-0.9731506795525452,0
-0.6161591398981913,-0.060458671154047544,0
-0.6970168050007965,0.2872799834809521,1
2.1609257495399574,-0.12231632095339343,0
-0.0827863780463408,1.1976068078570519,1
-0.040494416050971635,0.5916033641204597,0
0.8974667938368115,0.053186494214460533,0
-0.6756166793874002,-0.0665428953114702,0
2.9799962729034513,-0.8271807698432242,0
1.4325004919920932,-0.9610317543909054,0
-0.5189735311581914,1.3704635029533447,1
1.2403991783188257,1.5751574880788295,1
-0.32693771124239823,-0.7124988490020465,0
0.42556406125586005,0.1407343085014991,0
-0.1136442427030867,1.017955371285716,0
0.3184457790544531,0.09829851828274705,0
-0.823483739297448,1.798097430688613,1
0.0954913307198629,0.39168876925413587,0
2.275102037468226,0.35677966570282427,0
-0.7552975362269491,0.12287837980234867,0
0.2910948859418699,0.19685524667521473,0
0.05880335797742955,0.0078864204466505,0
-0.9196057364154722,-0.8086232601444884,0
-0.6563561435574539,0.07971310636551297,0
-0.5417303175930676,-1.9018056741717146,0
-0.567867445723905,-0.9613390526192452,0
0.042003671392178504,0.1120768677108055,1
-0.8501644608198116,-0.15326136193560655,0
-0.16331820614488224,-0.4111522554853697,0
0.5345995259063275,-0.4559739006056277,0
-0.21918485302102872,0.7096821600268313,1
-0.7532318949749134,-0.04582858825518814,0
-0.6647675221781615,-0.5609229202051771,0
0.003458913767667456,0.0035860153154094175,0
0.01006203531144821,-0.08472105259862478,0
-0.6448161539878938,-0.1203791997091008,0
-0.5408468490040438,0.45927577590386376,0
-0.6897749984713225,0.07479853605239417,0
-0.8718215452329547,-1.0998984788284445,0
-0.6750269568037536,-0.653604126001768,0
-0.7525515016262154,0.3938076479812452,1
-0.730220610839958,0.031153287807930332,0
-0.4588353908998461,-0.0050077060550611195,0
-0.418159050353498,-0.34624800519739035,0
1.2763018957141123,-1.1451833805152205,0
0.2117509846439022,-0.37761049475521685,0
4.566557484828809,0.3974654169408922,1
0.9437547248978017,-0.38860857983583924,0
1.2613479260089022,0.15252760620274042,0
-0.557134647370473,-0.21222533348137398,0
-0.8275281279285092,-0.002599918255785391,0
-0.5716358810386686,1.183080421469714,1
-0.1535551228091135,-0.13583925807725056,0
-0.1611672754799776,0.00504584922189463,0
-0.06681722719963117,-0.01187082772216445,0
-0.5213813177685183,-0.2043097615408094,0
-0.02648724984411423,0.31404027685365715,0
-0.4495475757295737,-0.35097280928825386,0
-0.1705222292162439,-0.2361551236289869,0
-0.807273642257092,-1.0844439046529362,0
-0.5075046073501004,0.1768175262284445,0
-0.8076202252319472,0.2937402335709993,1
-0.8193249438438488,0.9973605549838768,0
0.721647453345663,1.9788874552898148,1
0.13070169324467681,-0.3743467114085314,0
0.6827129789982856,-0.04072936685966012,0
0.03564481348056812,0.2575895605181431,0
0.29086234387734844,-0.15083095760301193,0
-0.18327568443308523,0.700543887026524,1
-0.4695244846604236,1.05317040849992,1
3.4525408473632107,-0.6812578260652862,1
-0.3182984667706746,-2.5903231344162534,0
-0.3557840482817952,1.2895572927506949,0
-0.7468526962293265,0.4074819781262337,1
-0.16741267225072212,0.24569972628247141,0
4.580360216066161,-0.5961577571378799,0
-0.7964093923890709,0.12089122508333183,0
-0.7998169155836294,0.6852519476073107,0
-0.3890237808337341,0.9356659028549853,1
-0.8189045662452269,0.14097246141421965,0
-0.3133151687754152,-0.3680115937552877,0
1.4680593076943858,0.6450015466483625,1
-0.49208609314838714,0.1813712023405531,0
0.2759960772818976,-0.21465495993301664,0
3.0779921858628634,-0.4997349955969613,1
-0.7476815577398565,-1.0660036445237118,0
0.03625124363263806,-0.11672553922105411,0
-0.4985178508163293,0.8485890823288664,1
-0.024817659781664426,0.6020631362630984,1
-0.516027856233941,-2.628652116141013,0
0.12623054006466944,0.0019534974678356134,0
-0.11447773650411833,0.34411883019843176,0
0.9529779124306206,-1.1253996039009635,0
0.050149772650843846,3.8662984246848056,1
-0.8625238633936219,-0.32178657167483604,0
0.8776746467089271,0.21028345029383447,0
-0.5257128311164848,0.6312705126364621,0
-0.7249432474303679,0.3600979646669834,1
0.8737240316375172,0.060472039722412683,0
-0.7379044231322545,0.45349620424007636,0
0.05496542954014449,1.7999875591354564,1
-0.5467749129159212,0.9286311040794749,0
-0.8600473258584124,-0.8158343641542491,0
0.9110360770521034,-0.25431752245098443,0
-0.851942690640405,0.4253758271751032,0
0.13216719429848456,-0.6888915280027259,0
-0.28292888704507396,0.36751174217712246,0
-0.7906972588011527,0.1235606342370291,0
0.8005195062546918,0.5943516347979652,1
0.11179006193943604,-0.2951007856529858,0
0.7852605121843697,5.281695222540926,1
-0.8030142012905291,0.368312763700792,0
-0.7943750308702765,0.3821996223422434,0
-0.8491403063836337,-0.21582954770788632,0
-0.9173783822610705,0.3108574780193557,0
0.0319299676992334,-0.14561676141682908,0
-0.8095246106985063,-0.5241087100386012,0
-0.14212117310765024,0.0807697333044805,0
0.18745089515187716,1.3509127418823057,1
-0.7337624493983653,0.34080701264836305,0
-0.6596437013189923,-0.26252559984992657,0
0.16932328196312257,-0.198855168836654,0
-0.6362608749878595,1.8728169865587834,1
-0.06807342918899957,0.4886150870381326,0
-0.02686414424447433,-0.46569763339094905,0
-0.8766763211986244,-0.4075257880906929,0
0.0064740039698445145,-0.19538188745651075,0
0.6980357355186326,-0.88498718812347,0
-0.9525246855949786,-0.8312542840706133,0
-0.7730837398631973,-1.4928132571838515,0
-0.9189669226502158,-0.49759972760380305,0
-0.8573035042626453,-0.0112555960181231,0
0.5152745754688131,-0.5726014157654723,0
-0.7638430520462713,-0.8351387929381056,0
-0.8462249153449719,1.0583285288836135,1
-0.8920513395076934,0.9649884097142049,1
-0.8967031195704472,0.32256101752213,0
1.6309548920725823,-0.07641836852517353,0
-0.8896759547884157,-1.5444187246149967,0
-0.273773970591624,4.43988687302705,1
2.025753745927125,-1.239877269997419,0
-0.009123064177209756,4.2844658154675255,1
-0.7522846656837552,1.8647753715926028,1
-0.3495770458917442,-0.09806487819183848,0
0.3153738977851994,-0.05570090489296197,1
-0.6041614224776711,-0.625372732358827,0
-0.8818246201129015,-0.48163619352020337,0
-0.4579430979953685,-0.419935986765428,1
0.2409463156141849,0.6675028928109557,1
-0.7303797757903582,-0.5110620607289593,0
-0.5401494866543273,2.443092839503063,1
-0.7383663414310192,-0.07062598048357949,0
-0.7025853439931854,-0.881740386247663,0
0.484838453769862,0.04384915877797357,0
-0.3470706707238416,-2.379580665088428,0
-0.8880994324182523,-0.36420319637015763,0
0.02067931171141588,0.2568491354178782,0
-0.7435824087797183,0.33675250833564985,0
-0.7763824695047362,0.4612460020734273,1
0.9517079084874507,-0.4846970683593485,0
0.26771464331941264,-1.7476911628439278,0
-0.708520487089104,0.3081805299739204,1
-0.6469128928305825,0.016834152966981614,0
1.0656122407270376,-0.36975168478733855,0
-0.918099173473676,0.3730385923106243,1
-0.5449882339834072,-0.07347025180922478,0
-0.6635279058177944,-0.054576673797775414,0
-0.9333949365063626,-0.7615320412967864,0
-1.0066717181197806,-2.098596428846185,0
1.6066681083185281,0.3067697100771341,0
0.5604521256671475,-0.6015690987760948,0
0.44991813664828056,2.9014846823331393,1
-0.8455271754098281,-0.3355052106009638,0
-0.780036415349633,-0.015783960610778518,0
-0.6868243644750446,-0.5974442119024456,0
-0.7736915361553176,0.19181374466472437,0
1.3136352301511685,-0.30818589968117494,0
0.1351802262722212,-0.44203797538440903,0
-0.6420953463504138,-0.9982115074979645,0
-0.8405365200620745,1.1733706041375063,1
-0.342816947195143,-0.018953881145205465,0
0.5977168359207582,1.0242256205084268,1
-0.6041043905860827,-0.4477838925106667,0
0.27374579191636944,-0.7196336440973606,0
-0.5680308011967232,0.14566042387686082,0
1.482917006738979,0.14093166697027174,0
-0.8474688515263747,0.1695247260304342,0
-0.7461567856380985,-0.07416134388764785,0
-0.35034012902459377,0.9818180299830759,0
-0.4581658154504003,0.40922305002080833,0
-0.3304272614560251,-0.00023879250978044525,0
-0.2241678032123592,-1.2196401935850019,1
2.2624316278638776,-0.47522048057441196,0
3.8941380387610534,-0.8365246085734123,0
-0.5063504879372783,-0.2335289598559822,0
0.6102845309610462,0.5189652693796443,0
1.8794709243546124,-1.167933874868208,0
1.1811706275265412,-0.07235799120977505,0
-0.06673209193292921,-0.11604806734760875,0
-0.7684498481778799,0.8070541505977744,0
-0.7546004306192853,-0.11946858093951149,0
-0.5183186531269837,0.24163103553423276,0
0.7639912698578337,0.10217575279801731,0
1.400948399915895,1.6986850185935387,1
-0.7084104562185192,-0.944783302445429,0
-0.7537523078266185,0.6862973021372788,1
-0.0005789547563302779,-0.23532802579451395,0
2.107113926960254,-0.09834765481275069,0
1.171273343159914,-0.002884879334470996,1
0.04758539276679657,0.4689533743549595,1
0.7357082035614746,-0.31042180410425796,0
-0.08197035098969298,1.094059926443937,1
0.39453062061507727,3.1758241447189177,1
-0.5577381365251751,0.34277015572154484,0
-0.6778163345067109,0.015046615647746604,1
-0.5466847754919213,0.46983734757292894,0
-0.44024894742106724,-0.46025971077381295,0
-0.7182116917601643,0.20570437581580406,0
0.06983248357613366,0.10693131255300044,0
-0.6571179470480093,-0.19159940013491075,0
-1.1664898592465864,-2.9257642414703207,0
1.3043632575681623,-0.9717266418142719,0
-0.05093624370096068,1.5150518219423383,1
0.9892762164602383,0.061602006057084324,0
-0.39746384334035983,0.09056033650242083,0
-0.8991151194717066,2.459035466110251,1
-0.6239789324384921,0.23743689365725043,1
-0.847586724912783,-0.3587362487595719,0
-0.834970996643264,-3.1645210273000948,0
-0.6618444464753445,2.9208801958615727,1
-0.616309761304721,-1.750911665360298,0
-0.6390910791383052,-0.09663303787380408,1
-0.3596235485472959,0.05077483966271622,0
-0.6765913477180834,-0.40668933082118813,0
-0.5436413569584124,0.12811450751733353,0
-0.8727489534952451,0.24094385079835648,0
-0.5768999826338622,-0.033653750294398134,0
-0.7437203184828913,0.6511660649001465,0
-0.17414906098571803,-0.4640917073955043,0
-0.8960335892516761,-0.3059185087739873,0
3.0307837157415216,-0.6222820021815375,1
0.472173974042816,1.1808651127524459,1
0.042132859890931636,-0.6289271121488827,0
-0.7927126579861071,2.498508169656869,1
-0.7624269203343482,-0.5403686998972789,1
-0.4061995895031389,-0.004603686796650903,0
-0.44419783745345587,-0.2896175867689552,0
-0.7414562930025488,-0.883358755205527,0
-0.6547331307731468,-1.6607132545629584,1
-0.9035802355136163,-3.1618460274593536,0
-0.09340572594272425,0.06891256088344085,0
1.1879155425763939,0.2628147310301488,0
-0.3168759647029955,-0.4371864442993919,1
-0.6854988907650761,-0.7275396203418353,0
-0.3216029416891319,0.2691806725893428,0
4.63674773288613,-0.933288328789124,0
-0.824308610252939,-0.263950357260722,0
-0.749293659584468,-0.29516028683076173,0
0.06300928748852047,0.9088664202751687,0
-0.010188516587781462,1.6226754380377095,1
-0.1885913102118028,1.2672922742492192,1
-0.05784604759156514,-0.6424712137742754,0
2.5097842749870427,0.19906404628594604,1
-0.6626697371584517,-0.03626488416938269,0
-0.8852373084992146,0.222312776518582,1
-0.9581671335206794,-0.2666632094461933,0
0.22091445256013967,0.8156851715501625,1
-0.8523046213472305,1.435027704736063,1
-0.6945089686725209,-0.3607901334262469,0
-0.396769989833663,-0.4840671686151405,0
-0.30955988617366476,1.5233858383144478,1
0.3928933738852602,1.5632443229073663,1
-0.7707015816167421,-0.4089926016236292,0
-0.4550373332232739,0.2549895233012381,0
-0.3646755372058945,0.31610454786422787,0
-0.8026982295681245,0.5576300306508835,0
0.6585925455309327,0.457628306431051,0
1.310622153814863,-0.6360339484253471,0
0.7938724371671122,0.8874502429193616,1
-0.6590165094036664,-0.863776680093794,0
0.05344808638518837,-0.32295813157478,0
-0.8916231755805147,-0.39564710166232026,0
0.9689338996651121,-0.44128719182986725,0
-0.5863376338416344,1.517801020629222,0
-0.8486765832701485,0.08020884210329343,0
-0.8588961972175644,0.275755732699337,0
1.3796343935825164,-0.6777977495018755,0
-0.2847145811984426,0.4982339808856181,0
-0.4053530869397231,-0.18298383583003475,0
0.34918557773815484,0.2205842938819794,0
-0.627167863825141,0.4555845100117752,1
-0.7504169033210436,0.7270276107101301,1
-0.7512691083812852,0.13282436903077977,0
-0.783509973914468,3.037490993281646,1
-0.13924316619271235,0.304672321598063,0
-1.2783645482403236,-0.28172798571820756,1
-0.12798974438869395,0.5659657402752905,0
-0.14940332675644544,0.8150764228948609,0
0.4423169308951234,0.22565322944594254,0
1.055653792856557,-1.3699426287963734,1
0.558285734595239,0.2558807095653058,1
-0.1677930503308206,0.13992393452183105,0
-0.44089312698279964,0.6767197225396887,1
-0.4292148920820949,1.9366162140722183,1
-0.8422632177397136,2.5995556616850997,1
0.2678744747003835,0.3361325500286749,0
-0.619434935582327,1.118629452816102,1
1.3458339324024253,1.0313504808006388,1
-0.3215056025465576,0.5280674390792842,1
-1.0553411227532752,-2.5754269651322583,0
-0.5397167105434466,0.7154238895711075,0
0.0838204764182481,-0.6403518738601433,0
-0.38607923359072666,-0.5965387827671029,0
-0.8981591532387022,-0.012558345882805418,1
-0.6681199088770027,-0.7477039446513838,0
-0.41082963185590743,0.5626077630927132,0
-0.7895631400872007,0.5136213756533196,1
-0.7983132387781987,0.5281062749623544,0
1.1736411610335,-1.1731275957777207,0
-0.6137285853222545,1.0999458382833944,1
0.3017776973139514,0.48027149786061246,0
-0.8124796160049288,2.5482450633470544,1
-0.7375313968904766,0.6852656950006378,0
1.5046664852592768,-0.1476339249964868,0
-0.8009649442575704,-0.5799961879658027,0
3.062478973522187,-0.7733128460359582,1
-0.937809100026896,-0.5474298152944727,0
-0.843693565065887,-0.5817962580881619,0
1.1737009274047916,-0.4059600930464164,0
-0.7192797058976587,-0.34761077064720286,0
-0.21158130971454797,2.1489113029159617,1
-0.7625528181126071,-1.2436317717111118,0
-0.5586099212086466,0.16922122402066384,0
1.1436862234829395,-0.3215722429560836,0
-0.81181618161655,-0.5517405688446958,0
0.39725365918954686,0.03542948519396762,0
-0.5648151649116342,1.474042381040371,0
-0.18911710931909098,-0.3342981785126068,0
-0.6940120622149726,-2.690333410691143,0
0.17791698552205235,-0.2430421020269328,0
-0.7157084464394016,-0.8417258921812302,1
-0.6537255099090354,0.7952791185750426,1
-0.3895332671377943,-1.086419914583496,0
-0.16904585788499857,-1.1278988341838956,0
-0.6092437688954536,1.2182089131051983,1
-0.757729820250919,-0.6855668844789449,0
0.31520393937723207,-0.4368549111776291,0
1.5877342151768115,0.0114068090726776,0
2.8290410432434556,-0.08330662307504495,0
-0.969502493216446,-1.7712845453405983,0
0.1740809088524886,-0.059361010168780544,1
-0.03728843231826103,-0.2592672918647498,0
-1.0154149192778734,-1.6609546315101842,0
-0.8137803620058055,-0.14869417650703587,0
-0.28887914240254986,0.9604694263498857,1
-0.5068628093153507,1.001088999255107,1
0.2512942863942747,-0.1023552199739258,0
-0.8967868753018333,1.1718109151467964,1
-0.9788599647890265,-0.4518795663806081,0
-0.5929537116180434,-0.277416420356924,1
-1.8684631656557733,-7.756718933644897,0
-0.312960105549967,1.921396566916253,1
-0.6341405560291443,-0.2765733834210234,0
-0.24792593242829988,0.0288081637058309,0
-0.8561486392641601,0.4964006242965801,1
-0.08137933009254761,-0.5379600471766034,0
-0.834762090895982,-0.22004055535954475,0
0.8287309607860783,-1.1921412295945943,1
-0.8501429696788962,0.9403717046001528,1
-0.9361645363795255,-1.0080451237696264,0
-0.40668424751299836,-0.04012002578517641,0
1.067294639916434,-0.6401502692631079,0
-0.3818910372492505,-0.2918392531383875,0
-0.7812026488114152,-0.37933495731005096,0
-0.5356507563151279,-0.3925234988494711,0
-0.5982339866986813,-0.6492355924103003,1
-0.8832227286825062,0.053599707928479894,0
-0.8326553908172115,0.3116335783850043,0
-0.762461535929004,-0.08089278948543308,0
0.1492433513857279,0.8367103815859689,0
-0.9822249592240606,-1.8794811284224149,0
-0.6067806034118113,-0.12923550144452772,0
0.4042004795252899,-0.45143037132508335,0
-0.6978484395032264,-0.7871645642661813,0
-0.8096162687401814,2.9807076202303784,0
0.9404627814986651,-0.025561050943695166,1
-0.8839774399665972,-1.4550965162361031,0
-0.9151380593297591,-0.4878902310822683,0
0.127827544812442,0.08729961423621507,0
-0.7253767351497944,-0.8882163587345353,0
1.1842932264418842,0.2588346853604226,1
-0.7805588798553291,-0.16762554203897911,0
0.4695407716736235,-0.9666666547072401,0
-0.6375632536463318,-0.06485264668231605,0
-0.7669041207224736,-0.22609860161430703,0
-0.8959407286099189,0.18470216470848394,0
0.7875179304160118,0.2659564525394045,0
-0.7792119311711854,0.45792464817425954,0
-0.8497743797773146,-0.08140645342387584,0
-0.5303912710277248,0.737604968947154,1
-1.05560038481003,-1.7293159069173636,1
0.4806000049408178,2.3605717614872526,1
-0.7775838031831258,-0.08280320567429647,0
1.0656978800894652,-0.14880706795329016,0
1.0812273463307442,0.06846477544084333,0
-0.8882422383174242,-0.05607235934114246,1
-0.28565733169096014,-0.44459026455378337,0
-0.7992053302966271,-1.2404426075372612,0
-1.0140399458818161,-1.5638298421050758,0
0.9635780054944391,-0.19156718109275564,0
-0.48243931395055895,1.1791480884158794,1
0.16924034281452704,-0.0855700995652573,0
-0.3329127593256343,-0.1786418664885953,0
1.43990324882925,0.5254533416173557,1
0.8312239002508315,-0.30291764700052726,0
1.9450761148049478,-0.1629285724980641,0
0.6749980194292711,0.5746053134487412,1
-0.8355258007120965,-0.6285472713611815,0
-0.7992479822923071,-0.6003020489023159,0
-0.22225843220328426,-0.8131956527514973,0
-0.9287791733715025,-1.6312056595535631,0
-0.8888235492034998,1.8229240753809237,1
-0.32946059375165876,0.046551818547122516,0
-0.6725432319922067,-0.20016956864184787,0
-0.6120797751654052,-0.24282548731855905,0
-1.0669416316441127,0.21797801467024605,1
1.1499443721372162,-0.44493351030454287,0
0.09381812980436229,0.1636306213709724,0
-0.8225161904388748,1.1972178946821896,1
1.027590771739302,-0.12839375206476109,0
0.2166869587593982,-0.26993972858025117,0
0.21968442796204393,-0.13120676364874717,0
-0.23583686677576587,0.10065327610933543,0
-0.5734245379996123,-0.14328478656851798,0
-0.12693408634437786,0.8173054467963756,0
-0.5622813789122845,-0.5291695000262788,0
0.8838935316622111,1.4790333741731887,1
-0.6230356244985091,-1.7016058721487812,0
-0.3465000688501951,0.13081349836211384,1
0.6867142951996948,-1.081341171478367,0
-0.48335833182876,-1.4941640276111543,0
-0.8909508142223425,-1.3427496491969928,0
-0.9147400937098491,0.6413568901608115,0
0.44897474785616165,1.2098824561968726,1
-0.7355173733932576,0.1415589831496011,0
-0.8244299710645933,-0.39043380603350014,0
0.7440094042527774,-0.2590182458419288,0
-0.6853153241594084,-0.6956935924882683,0
0.3293798936216637,2.0994277136914063,1
-0.2646588483167944,0.276344756937133,1
-0.2981077205548214,0.43895122219956323,0
1.5814094015455664,-0.07450950017927108,0
-0.2475091546899699,-0.5620315323660479,0
-0.7563885150374051,0.22731232130499354,0
5.535293211374493,0.0324412370529815,1
-0.6880663445600046,0.3969751408709735,0
-0.2540824079147405,-2.6417063669437257,0
1.5822829136289303,-0.09440216852724385,0
-0.7607281479311416,0.2993798848131297,1
-0.41528649914456384,-0.4843378259418421,0
-0.5712815688890873,0.18648118005552086,0
-0.8171600799827925,-0.8005767939296291,0
-1.0089541311843597,1.1895403299405627,1
-0.7727655706835429,-0.16649040318653846,0
-0.8917538581920388,0.7348343306982945,1
0.012469055975681655,0.8132111509576834,1
0.781682945500792,1.97231482248584,1
-0.6689674251615149,0.8414819557404181,0
0.8649762667634052,1.221563093232269,0
-0.509721397472446,0.6012826465344336,1
2.3244922157209094,-0.41779453456949517,0
-0.8000558440188477,-0.28649003665959377,0
9.085583200851525,-0.7349011883245733,1
-0.4741982261498187,1.2800750430661232,1
-0.8238452076083553,0.1373511488829668,0
-0.5691447424032375,-0.2268217472961032,0
1.6579400083397473,1.0173915474136899,1
-0.5992125254946339,1.2152761747164578,0
-0.7934213561646595,-0.04809432008958356,0
-0.4833960363806941,-0.17948630193820075,0
-0.5895268247741103,-0.9758489719076292,0
0.656668998008419,-0.2924058563756882,0
-0.7615167616097361,1.07385318544226,0
0.05884356072315881,1.5258402014152206,0
1.0718980505549245,-0.043773280919192345,1
0.5592933544274901,1.0355556572888505,1
0.3942425262472146,0.6659512473528587,1
-0.7158180095047928,-0.3154638900796986,0
-0.8498824871628069,0.28827031782192725,0
-0.6523045789323985,1.4959173423082808,1
-0.7746864281617741,-0.512802115828107,0
-0.7844650603206059,0.4224229620076984,1
-0.7997448087237496,-0.3458834140752662,0
-0.6515832417215877,-0.2734159931623854,0
-0.8545864824704829,0.7175236830752411,1
-0.8289342262122608,-0.4958243642949626,0
-0.6751373730709272,0.0822377453325449,0
-0.8520347043452331,0.788138315514576,0
-0.8505819978051165,0.5323229240227288,0
-0.8071478866554757,-0.2491042798688699,0
-0.6771067164475537,1.2509976970778907,0
-0.9460102749836804,2.549089626397487,1
-0.7279646994313917,-0.17509273754673965,0
-0.28165336935661994,-0.403822092280538,0
0.25501074397044027,0.4175177622853348,1
-0.5265088106567153,0.3532263620399014,0
-0.44961697987895444,-0.4010444359257284,0
-0.7237341551901956,0.5520209473137866,0
0.0031076176464747965,0.6664161129654459,1
-0.6145962768401295,0.5409521034057598,0
1.098674689378357,-0.1679371948105434,0
-0.3236417409248292,0.34188545337722864,1
-0.7656027765867224,0.11476260641371187,0
0.4801495164879419,0.6037760918606373,0
-0.12128625152337932,0.26131417760399467,0
-0.21388702125324957,-0.3472485832096028,0
-0.5389063735715702,-0.200897534870682,0
-0.43160257925415524,-0.3596807900703402,0
-0.7265627950818567,-0.4449512130643722,0
0.965355631413921,0.5108484659237729,1
-0.08302227585035234,-0.7729764978572666,0
-0.8694107819101391,0.989539282436856,0
-0.5541467043380828,1.5757427441781644,0
-0.5677413008071222,0.29029816142339954,0
-0.44097283460249725,-0.2186940825092209,0
0.5839560801322602,0.2340638132382621,1
-0.8915485237877246,0.1253779981092427,1
0.2747349926761896,-0.07777889664280176,0
-0.6254996191344571,0.36468611010653085,0
-0.5198577441882177,-0.1911625520434666,0
-0.812042627189835,0.30439442559647883,0
-0.1265262033688058,-0.38220230468932126,0
-0.811581512643331,-3.8141998905955736,0
4.752483460165062,-1.7150463670086364,0
1.9156009244350871,-0.7973028064093166,0
-1.0073629947767972,-2.8434490087352935,0
-0.5917818561830888,-0.9568919311105933,0
-0.5181189772560044,0.024340822384850264,0
-0.13175966970181743,-0.3919467189034739,0
-0.4810243116710297,0.4944184004293498,1
1.1019084522322276,-0.6294982251953145,0
-0.8168325334509374,-0.38537192685703575,0
-0.5394435381172694,-0.12773909137891273,0
0.022811988143408037,0.8704856328314619,1
-0.753744083602069,-0.45399787238665495,0
-0.7761485939163273,-0.19211447661964473,1
0.2864732133061345,-0.8141329305214409,0
1.8757006958947353,-0.4681939217692217,0
-0.7731491312827794,0.04998449156563008,0
-0.8454853067517862,1.5973791570223237,1
-0.314447887909829,-0.0785109682109626,0
-0.881615090982983,-0.23244285083698715,0
-0.7093236477380123,-0.6537187770692299,0
0.03140527976972708,-0.512556470022491,0
0.4659270034565316,0.18114279089483354,1
-0.35133302083827683,0.035042541240821984,0
-0.42957532770770784,-0.28849229725789394,0
-0.3774911671029427,4.126506587847179,1
-0.3805142532053133,-0.7206718456628376,0
2.4166434132991528,0.6977233091927703,1
0.5094808574168478,-0.11464034521982085,0
-0.07288853923861754,-0.28262245372463424,0
-0.7975217556417219,-0.07011573879944114,0
1.526404627332361,-0.19287716266579744,1
3.789671025952115,-0.4640117043496065,1
0.22571653803105676,-0.1625671807427208,0
-0.8937787280263775,0.4705758533751576,1
0.23329373950318683,-0.5640254391088385,0
-0.07182914039934396,0.5291386420535426,0
-0.7268674538955503,0.4026098968600161,0
0.8370346125598251,-0.0717048049603171,0
2.006976553003037,-0.3749287278140423,0
-1.220668115268251,-2.9240575502315274,1
-0.575960065311821,0.15459498868786423,0
-0.911668642145186,0.15465780871250018,0
-0.6874751771226393,-0.13860891004836354,0
-0.6249701019486809,-0.4328439677719261,0
-0.5697898886301198,0.6309367481727824,1
-0.8254231046967186,0.31083250422510084,0
-0.0953226281939476,-0.1345779577165668,0
-0.745762001924071,-0.6450028392045597,0
-0.3203295229732426,1.0088916871709124,0
1.3574938387267266,1.0724668276660712,1
-0.556320262731645,0.03176135493838166,1
1.2820207644317332,0.2845779654618223,1
-0.3446005705433451,-0.2748684542450648,0
-0.8488435833835936,-0.46425647528839287,0
-0.4643350037819912,3.9885312443242786,1
3.8822180703651314,-0.9347326668075638,0
0.8569076856318907,-0.13880304595120307,0
-0.037729974038806166,-0.1262702749382616,0
1.0480127543662794,0.3246526455716464,0
-0.705972543236148,1.9575536760101988,1
-0.5872218799017825,-0.13642315657892684,0
0.49399423162109446,-0.649851994621255,0
0.6401114169700702,-1.0353346345756387,0
-0.5384286683170666,0.5477043159240371,0
-0.941413784149378,-0.3293872569671302,1
-0.8648175620431573,0.2298826894175504,0
-0.9491347509149037,-2.95245672676251,0
-0.7405633886263628,-0.23661452895578694,0
-1.0235844233124067,-1.913631165131274,0
-0.8415071838293194,-2.566258043445364,0
-0.5539592250971597,0.9644317916557718,0
-0.10020805451368549,0.19768554679294809,1
-0.2618527554832277,1.8617155419604448,0
-0.18666770739630406,0.20013714179071793,0
0.07015878517723585,-0.10689819488648576,0
-0.8855063493216347,0.07506397046107532,0
0.47189078490022124,0.11906071347270107,0
-0.16127042398783734,-0.4870339391334706,0
-0.8321922257667007,1.5600415719521918,0
-0.6600179905412965,-0.30646531409159444,0
1.3500260313335106,0.09408873386910023,1
0.918178077843584,-0.2686953545757013,0
-0.8368595732750005,-0.1811759375463536,0
-0.3842128904042551,0.17495323982584002,0
-0.8420988339885697,1.4978047226741469,1
-0.7349799172136585,0.46373361054256035,0
-0.8831902123651247,0.007932571424330799,0
0.828484435710549,-1.036592286345611,0
-0.8579838156290893,0.11351082462001522,0
-0.8577732004803184,-0.1559703710943466,0
-0.8121672825939333,0.2950195753342432,0
-0.819880954025667,-0.6895268979720813,0
-0.7276753776103653,0.3533324677919774,0
-0.09601951300274589,-0.8291276083274388,0
0.5906716445249351,-0.4315644994601719,0
-0.5943059212763563,-0.2351464605513306,0
-0.9009270747233593,-1.3430604482203239,0
0.17372754634076112,0.21224946769679562,0
-0.621644946184617,-0.7296207833218218,0
0.31029123456689534,-0.30134864870917183,0
-0.4607260990491871,-0.3501110562772228,0
-0.0022518005816703083,0.4546253203305157,1
-0.5990500305359033,0.49969593336171486,0
0.21429694423297682,-0.21101644562443028,0
-0.8068124065424686,-0.8920308935306804,0
-0.4190519610505869,-0.04559830741244277,0
-0.7796551309680321,-0.4789042275823134,0
0.6197642946983246,1.4009080149024165,0
0.6485994630159224,0.295748981054399,0
-0.8287858447630277,-0.280949449397989,0
-0.9793656601769253,-1.4200026472387293,0
-0.8863507617482258,-1.121512363416536,0
0.17606930633955484,-0.2789768765733876,0
-0.8140376181236388,-0.2884259947198216,0
1.145405768414996,0.5694532496660277,1
-0.5332873525036753,0.44720300200697166,0
-0.6021791260984832,-0.36570292594960163,0
-0.7625895398615622,-0.49446476113700927,0
-0.5947895536334935,0.5425170641836506,0
0.0727815591966141,-0.35853274538599345,0
-0.31385727549597586,-0.6857199411030631,0
-0.7493852950542481,0.4631483697212743,0
1.9124334664613691,-0.1421972198775285,0
0.15255033984778787,-0.11388420866338966,0
-0.8580121872128198,-0.7510282108079994,0
-0.7804482511847445,0.0958647921371755,0
1.2025490498747444,-0.042890149506470535,0
-0.2153981866663515,-0.03440452613357467,1
-0.737965342927565,-0.6453807315466412,0
-0.619108029217349,-0.9854573821155757,0
-0.885119363673719,-0.9340811089910327,0
-0.7943260795718565,-0.6787664896231799,0
-0.5076743822217659,0.9249158073466569,1
-0.2874812034214325,0.5025003448585842,0
1.0610399826484265,-0.4571638786505655,0
1.7191738161773265,0.5567946696565814,1
-0.9628337743113335,-1.518840906940563,0
-0.8025889239879244,0.9157344388000762,0
-0.6313527380120881,-0.4369910696261134,0
-0.4093278931703374,0.06973530644758018,0
-0.15018945147536894,0.410931342090979,0
-0.8589414468467372,-0.03385625135721972,0
-0.6160576490073645,0.34084962124977375,0
-0.40659711793171793,0.21461352848174106,0
-0.7609748865714788,-0.9617747252086526,0
-0.7207255807736438,-0.1730682135810163,0
-0.4334984109111563,-1.541347993717946,0
0.7702423880718016,0.15825313152836729,1
1.0018848589554914,1.3043735390791955,0
-0.850110856955155,0.18986668830080997,0
-0.5053274661679793,-0.1077333665652507,0
0.512920949497995,-0.040039514975807114,0
0.3239069796984059,-0.3799273259212175,0
-0.6769742629910466,0.023076045154940005,1
-0.2986570131987634,0.5979017172021549,1
1.2977470454372815,-0.35457903308952815,0
-0.45794112568827355,0.9671707942166499,0
-0.8491974788550394,2.2863120353474407,1
-0.7245638240607141,0.04996674330342835,0
-0.16232792392175205,-0.49070319755047254,0
-1.2463600003213788,-3.7942278525165074,0
-0.920834918016755,-0.5417114501893204,0
2.894556086176529,-0.016920838476532377,1
0.05484942560892407,0.5134732135753601,1
-0.6509021851350905,0.024116902214224117,0
0.7354942845435335,1.251134512604846,1
0.26448508807740323,-0.5333268258505056,0
2.0293985047960037,-0.3835000693505852,0
2.397082254133472,0.6387226832606645,1
-0.4243174411177399,-0.487340619998532,0
-0.21565011680736332,-0.8139601844533296,0
0.9714168502731662,1.227051561563074,0
0.2773614395715364,2.122444086249098,1
-0.9736723128672847,-0.85105738746915,1
-0.5385040077971643,-0.2918434953276018,0
-0.9135954360351908,0.8885409611008465,1
0.3522760210272455,-0.4691635275100382,0
0.3506415281265503,0.49370288607423307,0
-0.27393927178211086,-0.12342530309133572,0
-0.6572226973952799,-0.3427446928752572,0
4.428070518914444,1.3057035513508237,1
-0.4630012064972792,2.093877025101989,1
-0.8229717110398901,-0.5685080225432482,0
-0.8001977692770439,0.8277863909450068,0
-0.8763844295057277,-0.23881341553187457,0
-0.815410606332722,2.273351487905459,1
-0.441760145030828,-0.4239157883805421,0
-0.2618264311660772,0.4760277632021108,1
1.3667053299145977,-0.30853755160779334,0
5.382229998454259,-0.8548778722229053,0
-0.3865095665121655,0.07857654402327256,1
-0.46915741738995603,0.1204596635761592,0
-0.6594042472767523,-0.026472507937015145,0
-0.04286379473233206,0.29690956935819574,0
-0.8810799498667882,-2.201564008864245,0
-0.47415218637055145,0.40246736632864716,0
-0.8106121013840589,-0.3045835320429625,0
1.276272442420115,-0.031793065209255046,1
0.21948939633752224,0.736975450811621,0
6.417423977579073,-0.666205401802473,1
1.8630322183291048,0.8767619384889338,0
-0.08591017439364045,-0.4672093993479147,0
-0.8351058691284432,-0.7474962766029272,0
1.7610096648648372,-0.29369336080747965,0
-0.16110534967024756,0.795724226089902,1
-0.5035280787300626,0.25355621610336004,0
0.1616831316078091,0.34612146592402293,1
0.23200720370842046,0.7652463727181446,1
-0.7527676977569981,0.18934322068539627,0
0.30802507046051947,0.12039519501869414,1
1.158453672924028,-0.15578875324208086,0
-0.9154697110368131,0.08097455730818622,0
-0.5258421102360974,-0.11659141760175785,0
0.04999164619955832,0.9120291200929627,1
4.418567841394618,-0.06595105496003238,1
-0.7935640761588986,-1.4249738918200168,0
-0.22904234235418616,-0.13430303082721542,0
0.9123225955766605,-0.11356285033340781,0
-0.6208115152742043,0.21806725077130576,0
-0.5810151940649633,-0.37701663211945985,0
0.04968493135634592,0.1175606729952822,0
2.6385469368480035,0.6251104093079822,1
2.576909036904131,0.8214145274497245,1
-0.8296786320222193,-0.004521288523700598,0
-0.7731405941368349,-0.11585415168327534,0
0.6907743488858108,0.31428012513746084,0
-0.842932215157438,-1.1401780011246898,0
-0.7272729598871852,2.1352941512445374,1
-0.8098164158968563,-0.182944328347421,0
-0.6118872055427877,-2.994970364581755,0
-0.7987026141822046,-0.36905389649571413,0
-0.3874844513949162,0.4328795378056221,0
-0.8737039740583451,0.8333801252551245,1
-0.6732164982067281,-0.2428607476489452,0
0.495712072407129,1.1729414013708173,1
-0.9063632907118032,-0.38369092625255735,1
-0.6424329281069792,0.12916054657136744,0
-0.931523634061033,1.3924168592082193,1
-0.7744638888311087,0.1702097341570035,0
-0.25254987238945775,0.3319179452506354,0
-0.9105133731917102,-0.3837634483316117,0
-0.8618040795129788,0.5255900282295001,0
0.3917714880861044,0.5100104219466284,0
-0.1617801099621339,-0.29392508144000745,0
7.6667717876080905,-0.7123524234393284,0
-1.221426726066572,-3.50322024114651,1
-0.8270057690609819,0.17764076286478503,0
-0.3021221849850867,1.4687419744974355,0
0.3379821851734572,-1.3045936175895965,0
0.5708180620993296,0.997870337690126,1
1.1948604775059966,-1.228842084026923,0
0.4859235695076414,1.6505597578227789,1
-0.6904363813435122,1.4986928353358482,1
-0.8617025465918116,-0.20613239523101573,0
-0.690376024308004,2.112816530411417,1
1.459277879913808,0.5805293325194435,1
-0.8876100772188403,0.3252257890078269,0
-0.8066735618575128,0.6866655773933024,0
-0.22629110536961847,-0.16927007579879222,0
0.42722430751975726,0.413978247142213,1
-0.7630392364265217,0.07517121864700634,0
1.4951342727862822,1.3812935018526304,1
-0.8161918088694047,-0.4383597906968271,0
0.28321230734698916,-0.404820622263216,0
-0.16351125976513806,-0.19736862142831504,1
-0.647254706598631,0.27576601742328044,0
-0.7764791693807241,-0.3537685110902997,0
-0.6409990714311983,-0.5653189704946123,1
0.15301518273541392,0.35862692850889244,0
-0.5274600391483192,-0.6792398329498097,0
-0.3218302752681868,1.1882258411349946,0
-0.2852479170717909,0.9419131271038123,1
0.08916942927045181,-0.24309236702873346,0
-0.42757613482749435,0.6148725418761416,0
-0.6579697503905196,0.36688670267679685,0
-0.8744321270311375,0.08332150669466344,0
2.159867407428715,0.23533776181508176,1
-0.6463337586162551,0.1407615178011968,0
-0.8766591744698263,0.8884519880546425,1
1.2250140127067535,3.186752519841325,1
-0.9039983733902272,0.021500885711811062,0
-0.26720027248909484,0.49932549637106427,0
1.0922580762183516,1.0219274008232988,1
1.2730560949331606,0.3198234070625968,1
-0.7997609046024772,0.41208096190602866,0
2.009810162639764,0.07377814603980506,0
-0.8646275998072019,-0.09212126157535029,0
-0.6683010328286852,0.7594584089097783,0
-0.43394619363384557,-0.03659137802581036,0
-0.2203033818592004,-0.2509788470825621,0
-0.05677619699079143,0.07847957662172139,0
1.8015232178155092,-0.6272125161013847,1
-0.8551090063720148,1.1187600956175254,0
-0.830669912463161,-0.6974587792723873,0
-1.0280028021805108,-1.3344407963176297,0
-0.5878879486815589,-0.030320798234179613,0
-0.1529805825647289,0.03895642304765032,0
-0.7879064975873628,-0.03640740233747679,0
-0.439628447787121,-0.3656867960624544,0
-0.6689606019202035,1.0139119115610185,0
-0.913127276347107,0.1641202679740169,0
-0.7511044450759045,1.0913455791556115,0
-0.8931815771660551,0.6338053065767868,0
-0.7984506931464931,0.1501773176004061,0
-0.7679715220740713,-0.4625609747991227,0
-0.6097695561015655,2.171812518487057,1
0.8788228956677264,-0.4059242077682226,0
8.514843183067223,-1.4224915841326862,0
-0.45688104552468717,0.06847097653350075,0
0.1260513013965058,-0.057591530969561607,0
-0.7995240119396035,-2.1877266967617492,0
-0.7474717447800778,0.008059193553414947,0
-0.6947575812776337,-0.5788169042826519,0
0.45227072134442464,0.740692015742378,0
-0.7378755759466865,-0.42760056185064954,0
-0.023134193603116533,0.5586726628449649,0
-0.5033582900163408,0.26087420152999213,0
-0.6225660758000517,0.2918937472677027,1
-0.1947143779697004,0.302792666763032,0
-0.44518611991593404,0.32217312199749504,0
0.06947651847940799,1.2413145223655981,0
-0.4585381439358458,0.6307553684776297,0
-0.3844397904674008,0.03733154107035781,0
23.858317590268154,-2.0486451219993507,0
1.163377786754814,-0.5268439797245907,0
0.22596175865564244,0.27811975567924274,0
0.8096514090443957,0.11635761764095778,0
1.0392705096563901,-0.34716201357760657,0
-0.5631684924798727,-0.2252762001144066,0
0.3366605292278249,0.361344792729077,1
-0.8549355971219763,0.7340378947897556,0
-0.16436400617133246,0.8853165649419451,1
-0.12535840026607975,-0.3922946019378275,1
-0.20683863908094144,-0.20890430042647484,0
0.9691410721289878,-0.15447948937220932,0
-0.1321384102730156,-0.16367821497999824,0
0.3164348177472388,-0.19381828679343305,0
0.41866922778381294,0.8273120110223957,0
1.792910173941422,0.020996438778518454,0
-0.15305880109116177,0.48047258609842086,1
-0.8595845587596226,1.3910253334499134,1
-1.5189768537512287,-5.746942785918196,0
-0.3149225838047032,0.3505345138356756,0
-0.14221871921390894,-0.672879572250089,0
-0.4050228194527497,0.5053442023357074,0
-0.6147651764690001,1.146452901765004,1
-0.8711203751959312,-0.21658335601238388,0
-0.2744757059763901,0.7810506508925132,0
-0.907024022621007,-1.1849470251908283,0
5.409184734970562,-0.3685172716584547,0
1.6894329769971232,-0.40867070233606606,0
-0.35365192334998496,0.39697273983086906,0
1.3356941695269666,0.056621548249850134,0
2.2975027400412027,-0.051788779940425245,0
1.8044745580879848,-0.1670955757839073,0
-0.6676523754503663,0.9272173032849801,0
-0.5823618605365612,0.3480316630924559,1
-0.1109999498228748,0.7621212722212116,0
-0.28650926185693437,1.3621157340452357,1
1.362885633082277,0.003937639069990185,0
-0.6417858618134024,0.022628873544239612,0
-0.8712103260606919,0.49649677081243315,0
0.9828554468598032,-0.2023587927933958,0
0.6900639666195789,0.4683458076581863,1
1.5541923579548336,-0.46886840268115687,0
-0.7814268778135756,-0.20182604321132136,0
-0.1730409111988621,0.02274230515685225,1
-0.8486135395399251,0.3041893821169069,0
-0.7077527778308671,0.37874405455977694,0
-0.4945365826685003,-0.07024699203486773,0
-0.7400056107772668,-0.3679121187058544,0
-0.5496044162334356,4.691398750729703,1
-0.29938166426972684,0.2693950195374084,0
0.02895056154825755,4.637358219920363,1
-0.6530987075896639,-0.38135860835991925,0
-0.5368896866780992,-0.2293838166182459,0
-0.7846745156839622,-0.8334863320913342,0
-0.8327927698565564,1.2695532826683362,1
-0.8810142033719665,0.32534677903609627,1
0.41305466414912173,0.2379979940418338,0
-0.9356655177275184,-0.9377344754602046,0
-0.6875043923016224,-0.4716291023722503,0
-0.3051925648433173,0.02919519794815607,1
-0.7719139281679877,0.9458291121056066,1
-0.7726173871021823,0.35551138842011343,1
1.0630773973524925,-0.06983052640408871,0
-0.6617872631937001,-0.15044656921261712,0
-0.7238842787411932,-0.6804706420403697,0
-0.8428420645028992,-0.04480522818065072,0
2.043788543370397,-0.3185000399832666,0
-0.41999744834151126,0.18079684360496973,0
-0.10736278113284525,0.41243175572692287,0
-0.7138424796002446,0.33748741716722014,0
-0.2809413920450966,1.888661084970024,1
-0.6315134732598816,0.9166802479405337,1
-0.4567018956317993,0.0839555505724726,0
-0.8088535352618126,-0.29361479127418944,0
0.4413127178029944,-0.5374045076789007,0
-0.7817553601244027,0.12149834725105119,1
-0.5337955982170213,0.004992539751983472,0
-0.8728755455850429,-0.42736182397884903,0
2.565859805653571,0.8022944886649628,1
0.06046826789574885,-0.17753794799409583,0
-0.6304076598525047,0.2923280903311418,0
0.3987847666243127,-0.6331128449618304,0
-0.7614511428074519,0.4178334634543424,0
-0.6851928033916572,-0.030872250827796967,0
-0.11864844086247234,0.24399503789428406,0
-0.5812458722588124,-1.673480809347906,0
-0.003970048993047127,0.13325719984372572,0
1.3762980868781067,0.3479342306761203,1
-0.39196679474628304,1.1618118669907658,1
-0.8168933275880774,0.8010377536656745,1
-0.8736303544546304,0.04298969217744922,0
0.22354696224747617,-1.2836905483656107,0
-0.27852628540275176,0.9149646927267382,1
-0.7397314213978476,0.4013491560053717,1
-0.8126859873778306,0.18107837601517593,1
1.198831970128128,1.738651329031014,0
-0.7190108522215015,-0.5701222132421558,0
2.5101286085535244,0.6191484344518706,1
-0.5630642654244015,-0.8552186810545543,0
-0.7304665253031365,1.2512345224318429,1
-0.8673486734702843,-0.31972168121919464,0
0.3290561623148059,0.5041009671766612,1
-0.19953528629325223,-0.179601052866716,0
-1.18617404326481,-1.7556651228643232,1
1.391686261700963,2.1510076507673137,1
0.40263517052678033,0.007895644590399308,0
-0.5507560899284606,-0.32065323284464503,0
-0.7152093195803223,0.0823161342168472,0
-0.406462276943247,0.3117650426202633,0
-0.512913269148938,-0.08351031879872318,0
0.8170576758274637,-0.37363153881950567,0
-0.7492819580407932,0.8045585443870696,1
-0.5564320558989833,-0.27141165294766517,0
0.0034282631972711018,-0.30662153110807644,0
-0.8454201505156895,0.32170801134616495,0
1.5772234457625058,0.5209708447423888,0
-0.357505395625358,-1.846698211932123,1
1.1147337566786573,2.4819631175533496,1
-0.7937354862815935,1.0056801921679355,1
1.3724807467044877,-0.10018941097019662,0
1.8955833940198223,0.841972012017972,0
0.9931335121237713,-0.27864874170542725,0
-0.6731155267002087,0.25174591893910414,0
-0.42496687306387687,0.46196816379520567,0
-0.8100733839103089,0.08698440153562788,0
-0.5034470232107591,-0.41216711387850263,0
-0.852857248301162,-0.24092005488797127,0
-0.25965760657635567,-0.38597187026869895,0
0.40836474181385485,-0.30518969014054353,0
0.17931581853588718,1.2012850373003072,1
-0.4034476228769558,0.1806069300009074,0
-0.6576097679064974,3.2475681836799017,1
-0.8894246230519254,0.052944069355701194,0
-0.5623071399169941,0.7899036587922402,0
0.4699921976403233,-1.1405825606946052,0
-0.14294198381350326,-0.12385218781252945,0
-0.8761589012674903,-0.6004231776264753,0
-0.6798718554062885,-3.908454290648705,0
1.8380938219855154,-0.1796636467113906,0
2.8031346024415478,0.1488762893067977,0
-0.8522298241574953,0.5559977427339625,0
-0.6622000093590004,-0.7645022562475148,0
-0.6951326465926305,-0.09356851364854214,0
-0.649139954087534,-0.41012159621518507,0
-0.2933306952997505,0.5629426897769731,1
-0.95352585821977,-0.7011528310794628,0
-0.8403307237819596,0.728226150756411,1
-0.6579042574221824,-0.9159080321981012,0
-0.8549319575661319,-0.1841964666801916,0
-0.6736723366900719,0.08441400965568788,0
0.09846941008848137,0.41745005529044377,1
-0.37980125209433835,2.6116265099057103,1
-0.8877314505522224,-0.2400259653276075,0
-0.509019433031182,0.8587785492299659,1
1.748164133106969,-0.6189886545660462,1
-0.7051739214719193,0.4194265882239577,0
-0.7728127924175856,0.2714207041355623,0
-0.0353852913098757,-0.14897521644641307,0
4.390579979357075,0.17292058024614868,0
-0.309642119895251,-0.7200781308133849,1
1.37243087392629,0.646772585091445,1
0.1639802710704304,0.5398513313670028,0
-0.1464350205075106,0.127396409625486,0
3.0388062141281837,-0.436450099974562,0
-0.5580183116893157,1.2406431445679764,0
-0.8629378973728166,-0.4031049143246828,0
-0.44153895312005204,-0.5198757060547113,0
-0.722046842550226,3.0737610636290222,1
0.5532523261833591,1.186112435746963,1
0.7919295833575576,-0.23751726641730797,0
-0.7407697331141744,1.0865277496866146,1
-0.7572271020266101,-0.2382844069857971,0
-0.692225502925472,-0.46193907648054766,0
0.39007131257321676,-0.4373489401337522,0
-0.7244733385086547,-0.7720168490289211,0
-0.7919950338809869,-0.16461572938726135,0
-0.8915499676002193,-0.6635376250881955,0
-0.833912097578338,-1.4879961684798202,0
-0.1648106501419745,-0.23878975695343455,0
-0.6811177674943247,-1.0498302461550817,0
0.0012911038231321074,0.5386634253979551,0
-0.025545422016789155,0.2535890409737193,0
-0.9669458734610176,-0.36278803830789585,0
0.13555645375324113,0.21343956146468795,0
-0.5212326299413786,-0.077636788746388,0
6.710447952232378,-0.6685513844862548,0
-0.41716940685849196,-0.34524964831245325,0
-0.6607824457727346,-0.3536573216406324,0
-0.8236302021218628,-0.15956536620024142,0
0.22275478751089267,0.5245940723339105,1
-0.8745321204265325,-0.24842681261801794,0
-0.7832064486695797,-0.41321631568578737,0
-0.7222954218340784,-0.8014901931903038,0
-0.021976951882433204,0.35875973351552165,0
5.0176886714655895,-0.43447454722228146,0
-0.3594031307196747,-0.4077711305768854,0
-0.07331851528539883,-0.30963641582134266,0
-0.8282392414953582,-0.28878302739118644,0
0.3460182153023939,-0.14475757382008367,0
-0.6917213132511454,0.6391818004963408,0
-0.6268945486807216,-0.002755250281278283,1
-0.7475829942532634,0.3995220546214102,0
-0.27495833805009995,-0.18860034859763622,0
-0.6700632274635262,2.659928807461255,1
0.17922653920744178,0.45575661759835956,1
-0.6438259802422303,-0.03626060612006248,0
0.0003173114502966232,-0.03538844361150397,0
-0.2549822522415553,0.5712958144479627,1
-0.7737390208493788,0.09622435992348269,0
-0.08249909560238614,1.359481934242124,1
-0.7161681368046742,-0.010910010527607367,0
0.3123109532037624,-0.16538527133303843,0
-0.5310951294369707,-0.398658696627071,0
-0.2592972445401965,0.8052459578058223,1
7.652215675304967,-1.9268578194287762,1
0.7049551695483924,1.0772351066969155,1
-0.3690750034138332,-0.1738044582229098,0
-0.5550157083181372,-0.36951214826661405,0
-0.04069063068960292,1.1099481144336416,1
-0.6878831892655933,3.3779115591047044,1
1.3375585870809092,-0.728102345239212,0
0.8900989710183511,0.2135047790828446,1
-0.37239581821561196,-1.476891830000726,0
-0.4855192295957641,-0.22093530032047487,0
0.5521611387544636,-0.15329182834151597,0
0.2959107665315194,1.3364379510569946,1
-0.14087096402127253,0.24770923406439677,1
4.657127633049089,-0.6441602165404586,0
-0.4645051126657596,0.07268078516756304,0
0.4640777658121299,-0.539704372254158,0
0.05807627491817154,-0.6332589473812056,0
-0.7214147757334891,0.2190372442720578,0
-0.8713156145611433,-0.6290418914411284,1
1.209017246035914,0.7965812559086425,1
-0.3513012836208883,0.7744533351150295,0
-0.8520835592825939,-0.22456863111353043,0
-0.8144073494876606,0.5613593387446021,0
0.3489561436551847,2.6487293610366325,1
-0.29033987024380176,0.3126436516601005,0
-0.822731581003375,-0.24876894910183087,0
0.9019132808608067,0.2810059876175258,0
0.19323650291006716,-0.6669846854156676,0
-0.8663242839642712,0.29948871266873484,0
-0.03341554901233152,-0.4187862734627717,0
-0.390113080399915,-0.27429359238603956,0
-0.19123697099876122,-0.4574450189432663,0
1.9559932553261485,1.6600475992039252,1
-0.6520529736476376,-1.9549846219093505,0
0.44728922900833656,-0.025928496653757235,0
2.2263167116255955,0.38461774248371566,1
-1.185664901515118,-2.7229328386854688,0
-0.8383298831352928,-0.9957330963432433,0
-0.8535066503012918,-0.39522633507492416,0
-0.8057174303968292,-0.2624690913996901,0
-0.41864795378807185,0.3638219502083211,0
0.4744022890628707,1.485201509852515,1
0.25561959876363705,1.2349154616159,1
-0.41219037215834115,0.06362430942210934,0
-0.06510936648306019,-0.20684144167591045,0
-0.07415575358971914,0.2710339680513354,0
0.034554435826432806,-0.3631740856856898,0
-0.8466950023346137,-0.05435494494465088,1
-0.08409306633339303,0.28877841711362084,0
-0.1764615256149375,2.213496634239266,1
-0.023404417872335954,2.7204208418034908,1
3.549100208960002,-1.0770909710852867,1
0.31372840818846226,2.4282247817624794,1
-0.858530108639974,0.4913474232093468,0
2.173408808125232,-0.036307942987348504,0
-0.7857192788495542,0.11786702486286521,0
6.886829133035424,-0.4278218345908271,1
-0.715518498078006,-0.45002406204705186,0
-0.17142744513395877,-0.6100988373584034,0
-0.732678756682713,-0.543452504914074,0
1.3392480812026122,0.498048064933853,0
-0.6600524467266249,0.8874405028127571,1
-0.8554202333668075,0.21806271235005217,0
-0.9822328182032516,-0.33040785378847165,1
0.644219706027879,1.1306470484312279,0
0.008037729500842842,0.38636564970654674,1
-0.8100205012580782,1.1023002389208718,0
-0.6938091245434056,0.1057960093904966,0
-0.8246373804324489,0.021494837134893172,0
-0.3095184642279104,0.9081223601368207,0
-0.8812311091255761,-0.3675801785142696,0
-0.10384838780670941,-0.6668672005468237,0
-0.2569108639126963,-0.2145311419884486,0
0.2822585770389031,-0.6432405716544087,0
-0.30283938215340267,-0.2592404739684554,0
-0.6188914176669267,0.06550603019223379,0
-0.17237922962800173,-0.5332691467795796,0
-0.46454320372430763,-0.4926260403018882,0
-0.5826619114020136,-0.2344852582504439,0
0.19237994989311022,-0.1073612705391431,0
-0.7768970132405224,-0.3675834091519748,0
-0.8000494919534152,-0.1224886923877777,0
-0.837956838372401,-0.06703969171274449,0
-0.8694518392432554,0.7225625811625644,0
-0.8427676925902604,-0.44590240041260554,0
-0.35030611815434215,-0.3062344143239002,0
-0.7240164613123022,2.1236652202754103,1
-0.8167095363506754,0.6939480332332455,1
-0.6447738198740464,-0.19493724638317647,0
1.346940544136988,-2.139893779909792,0
-0.7221406234726673,-0.41175638334479875,0
2.438512191657215,-0.04295196283874493,1
-0.5757695698089846,0.5235587803390078,0
0.40190685858819214,-0.42040258213745557,0
0.357095047088076,-0.4930028012310484,0
-0.5860796220096683,2.0572053819109644,1
0.9342521771864827,-0.3966931521231566,1
0.15352780408024264,0.25593951034710566,0
1.0972530924080426,-0.306475210917624,1
-0.8973078473116287,0.36735394088909,0
-0.8292468405625182,-0.166783542116416,0
-0.4683564111057317,-0.1015593763763381,0
-0.9224065068091495,-0.9467132015585586,0
0.46550573468166656,-1.0701131036836105,0
0.9593301207345292,0.2725160070398874,0
-0.471285399270593,-0.30618281125928015,0
1.699575655123619,0.8466173344655248,0
-0.13247891830202024,0.532214263405808,0
-0.8715271584685753,0.2631988924947362,1
-0.14780477542020817,-0.4063165585121627,0
0.41246008902484277,-0.6937999328526891,0
-0.05104360967013631,1.2286717503510947,0
-0.2075741565460712,0.25750726182805217,0
-0.824779714888382,1.982818738193367,1
0.3106127549019129,0.3505762777494458,0
-0.030852263851866842,0.016807456773412298,0
0.507626314575964,0.09772906258892215,1
-0.262476673363793,-0.2620878454421564,0
-0.532187599035851,0.34303452913549437,0
0.3026307826863054,2.789541776379314,1
0.09015075433395102,-0.5789878685942204,0
0.11283452847539793,-0.6620591246569093,0
-0.0455731104853562,0.1825458736810738,0
-0.5371910316185056,-0.6831602174934722,0
0.6251784935409028,0.011526236303616377,0
1.3601757493962552,1.1105692775145624,1
-0.6407208373263581,-1.7533241312278947,0
-0.6571797939636278,-0.6879548440385951,0
2.542969494861695,0.7280644269880131,1
-0.5692506595964897,-0.2789149875660831,0
3.106814513252377,-0.5948650743591096,0
0.08171601389046249,-0.057811359016895436,0
1.3615085063630794,-0.3578979442489486,0
-0.6827695504477101,-1.0834041034724888,0
0.8812106582755278,0.05118919150541629,0
-0.9469505214356189,-0.4599252900187492,1
1.3268255609433048,0.19830371469127578,0
1.3986837195567363,-0.9039511985490332,0
-0.8450156037297429,0.42532209651165265,0
0.002597305915895339,0.2002365319515291,0
-0.8804882143535574,0.6230619923048,0
-0.42745750914497543,0.6643825185856963,1
-0.7366629883293614,-0.5430177212937454,0
-0.5801832813675926,0.290653286619867,0
-0.2971011194511938,0.7488651857383276,1
-0.750145659430167,1.5604882626301992,1
-0.9371224471660515,-1.57843508117424,0
-0.9099013035991131,-0.678438680066192,0
-0.794772241831076,0.4371392796586349,0
-0.8700160246678375,0.6491397855491803,0
-0.2225362112230766,-0.1504976131043951,0
13.159202447810326,-1.0472410896628603,1
0.2798848946806162,0.0602010619395901,1
2.1315459804331773,0.007380302084139986,0
-0.1521368285799441,-0.05213196058009608,0
-0.516036322433198,0.6164319406319756,1
1.0634082498635076,-0.2897150639322641,0
15.582865835247631,-1.088730457404666,0
1.3170208132272234,-0.27172317854265,0
-0.17234908828789042,-0.3060847047655036,0
0.019512462160854727,-0.825198197341024,0
-0.6536962748285239,-0.030813384679726993,0
-0.671316896080566,0.6280819353509128,1
-1.3047624717060893,-3.904668143716153,0
-0.2500520351970705,0.3010723837843308,0
-0.49567203160054474,-0.346493319968028,0
1.2674486951996213,-0.6659243578692069,0
-0.9895384275292674,-1.2545136543950657,0
-0.9736117439545938,-1.2917931065125636,0
-0.6944336252883967,0.901359892459922,0
4.98878332632646,0.8786445397323001,1
1.2186346901649876,0.14326065106237149,0
-0.13418300329980745,-0.0771838183788622,0
-0.7863689673101051,0.4089934964788668,0
-0.5284112974757622,-0.5867257832580829,0
-0.8297470295107187,0.20715562035748103,0
0.6605052112435045,0.7117985003140715,0
-0.325873351966835,1.2392162008231595,1
0.7838585221266269,0.782461201494376,1
-0.7011725147782074,1.3539486035804673,1
-0.011414083114949557,0.532397999799317,0
-0.3344860943616053,-0.13226382060654082,0
0.14797221844089634,-0.4135437131251908,0
-0.6470447310636445,-0.2576234638261807,0
0.3093621358028435,-0.18853904989816353,0
-0.9301216202364341,0.17851114542490182,1
-0.3329209122145538,0.4724189754606878,0
-0.2944374966049644,0.13861951777683668,0
-0.6351176253941507,-0.3471994436110057,0
-0.11348339750082123,0.28888321730842037,0
-0.5499332074838864,-0.3451808626022256,0
-0.4299084205552352,-0.9885851193871595,0
0.1600394462116061,0.9970576028938233,1
-0.9991808692902188,-1.5601594461095267,0
-0.7187714355243675,0.1339076651039964,0
-0.3731805903255529,-0.11064109999566298,0
-0.5070901353984372,0.698112877892235,1
1.1291373904020892,-0.18674867354436628,0
0.35712207345435565,0.4037201385980304,0
-0.7016448090437798,-0.2216011613252575,0
-0.2687386553027687,-0.15651949038182214,0
-0.6388922443477628,1.7537844084237226,0
0.27595795196900474,0.04937433995070224,0
2.457013591687421,0.39783055171303755,0
0.04182478692542003,-2.763265669477669,0
0.493468709400037,-0.13423244116494523,0
1.8714890158784616,-0.09816149214502172,1
-0.7706811753422499,-0.7474008711005565,0
-0.5202664499101973,0.19045389670623153,1
0.22684597929979872,-0.1668783719747156,0
0.706069709259999,-0.9260840896459386,0
0.42862836043920927,0.24833750470019877,0
-0.8944775950740438,0.18632147786025793,0
-0.5087487599244392,0.23445202508596297,0
0.7712295716724126,-0.07722262029716034,0
-0.8840385050959204,1.1901652408516321,1
0.5115029837259266,-0.45154986191788554,0
-0.3621411051443018,0.41314255491442453,0
-0.6672961334487245,-0.08368591792625538,1
12.273478188358165,0.4565970586415532,1
-0.7987003095448861,-0.10176724325011635,0
-0.47859966956605277,0.8233319779838773,0
-0.8720747237750403,-0.02419147495861416,0
0.3044617437560898,-0.4573649730456679,0
-0.8761072204628425,1.4132731427436036,1
-0.8623569586609007,-1.2800637402232125,0
-0.7734785228695743,-1.212995783839517,0
-0.7228606833468108,0.2224139510207506,0
-0.7775217665878141,1.9405462201784374,0
-0.5993893389105813,0.029484939267268993,0
-0.8591497464871368,-1.0764720401533256,0
0.16683393963426138,-0.011401951993453232,0
0.9141334649084979,0.10167841444701466,0
-0.42311937946365313,-0.1549492017099524,0
-0.6306481853263904,-0.5247632576188788,0
-0.2009925294846689,0.418816721502435,1
1.3041996898820785,1.0529953810475805,1
-0.44539373666539506,-0.27404668166570006,0
-0.8530341416201928,-0.7063583455281928,0
-0.5147840188122621,-0.16665591673442165,0
-0.5953980829836649,-0.7598626745553871,0
1.229788804574617,-0.10396831965098395,0
-0.7655807016259815,0.9954740296008683,1
-0.7958881471844617,0.5148621600870512,1
-0.5684365147110433,0.6318445862534033,0
-0.8580846996608503,0.24795018704763253,0
0.35300929963979166,0.7421843882515907,1
-0.8010929014467576,-0.24307990157836915,0
-0.7957219944818276,1.5172963466594735,1
1.4079177196348398,-0.2409677825132977,0
-0.2167042020454088,0.09075622738877966,1
-0.6575704238566227,-0.6764612299249847,0
0.2250018077720015,-0.7076972714169519,0
1.8819399961897996,-0.16717660565093398,0
-1.126308698587911,-1.4133239479786535,1
-0.7853743855394413,0.5017278468035525,1
0.539608500745924,-0.09991356806436916,0
-0.7455058462526832,-0.11200457798045167,0
-0.7819008725911967,-0.4828005633459426,0
-0.467271606930775,0.32005416985010354,0
0.20049454117118504,1.7526595409919088,1
-0.8598570565787832,-0.7065250931388982,0
-0.7431981546613645,0.17147064756630567,0
-0.5123418094031126,-0.08079569810611702,0
-0.19156123217557303,-0.7768416686077604,0
-0.7306672787273296,0.15239905091225295,0
-0.6706111090876945,0.16291834591932364,0
0.025747824749449384,0.09848545743161209,0
-0.834754558679686,-1.1272547753889504,0
-0.8568829424518654,0.04912326908771136,0
-0.7998077442976272,-0.22190179545041866,0
-0.28412195307025523,-0.07517183412975595,0
0.9004651471264045,0.044427781732453715,0
-0.29488611910151447,0.8577737349179696,0
0.2151351797220958,0.7043116953369479,1
-0.8671925585978241,1.0331759987781228,0
-0.8717352923383557,2.105051602466862,1
-0.898222083516787,-1.2185464718758048,1
-0.5659810192672864,-0.09188218113028743,0
0.4865468834218405,-0.3477583136483653,0
-0.5215630113523538,-0.1638009722635351,0
-0.4484306828855384,-0.265504633162684,0
-0.9622401903524707,-0.823864309776,0
-0.47897584998462733,-0.09816898890962522,0
-0.5487045497685319,-0.38654359177313863,1
-0.8160687702510045,0.1834105374266272,1
-0.5575538861133975,-0.8569040341818938,0
-0.8196322854330519,-1.1872127427751107,0
0.4797577891282692,-0.3818195137548835,0
0.3128074471115016,-0.6026805993841334,0
1.4992458507966393,1.0416095264815015,1
-0.49165589966549983,-0.191699257941225,0
-0.7724824086413509,0.8766014104873471,1
-0.8559149739771524,0.3523078706510391,0
-0.7896573859560952,0.3908839225872085,0
1.0925654509416,-0.0004345901043229229,1
1.0750985715353627,-0.23132480518340845,0
0.3780379381589538,2.740337053758925,1
-0.4242228898132936,-0.04441089895591138,0
-0.742580985396684,0.8663777327842881,0
-0.8256573454086179,-0.6663463226995339,0
-0.1607579014053908,0.7086584384541671,1
2.4850730864747135,0.18382206872167958,0
-0.5279876415482341,-0.5863314280455079,0
-0.2768707591660596,-0.24615869363847462,0
-0.10487257153989649,-0.6058038582980064,0
-0.36210984159671056,0.2961180025697919,0
-0.6090272487588665,0.09141240215565274,0
-0.7552053850651352,-0.6443644452616862,0
-0.8187498298342163,-0.3296747231134899,0
0.5878784639023552,0.8492351540603363,1
1.8200964742490175,-0.5655873491414056,0
-0.9169336336385299,-0.29815098576466886,1
0.32379977570026053,-0.45325953776218625,0
-0.847721147432317,1.5331384809396036,1
-0.4544875916073037,0.03474048450199558,0
-0.8436560506402813,-0.3390422219616667,0
0.6343436717069773,0.18602274107048047,1
-0.8896211716472857,-0.041716349640323336,0
-0.8261405991792781,-0.6268886908015581,0
0.6246992867018326,0.06569604170158304,0
-0.4340951274415963,0.12153045332812812,1
-0.44748817038718325,-1.7904116958039469,0
-0.45705110092821594,-0.030625296515185,0
-0.7855395866563172,-0.626548969945949,0
1.0112246323235268,1.2456383455223836,1
1.3044441217210954,-0.6958157038377965,0
-0.7584617867331611,0.6638640712317607,0
0.29129920938210585,-0.739486309189533,0
-0.43972080822521376,-0.5485869954155277,0
0.3479781554372732,-0.6549795926177218,0
-0.8317666607494459,-0.6385804983710089,0
0.16804498393305495,0.194511402961041,1
-0.16418079416376666,0.7815139099092614,1
-0.6911974530397206,0.7580020989311658,1
1.2922220003059126,-0.2208585308666841,0
-0.9014475521132052,2.9491228372524407,0
1.0184573917575659,0.22400059569710573,1
-0.8326518341416382,-2.87154414646584,0
-0.8987222085590579,-0.8819037631144464,0
0.30922221585033255,-0.2434800449606299,0
-0.8225738805337649,0.036224075126323266,0
-0.7217341287729171,-0.13412551507848475,0
2.6569498406472265,0.8045988523904681,1
-0.8358076263879313,-0.15377121727246468,0
-0.9051487594049875,0.30482894259663745,0
-0.7809395390685229,-0.2136079958203808,0
-0.7784418537997425,-0.1308040761385975,0
-0.2222716604995534,-0.40305021417657316,0
4.485630044215073,0.08046118115503172,1
0.2036325114115294,-0.13957530406801702,0
0.07701323808790614,-0.4307703969355111,0
-0.6226833294900298,-0.27568388730950827,0
6.586086062622146,0.21924764762890586,1
-0.5074670703829112,-0.07171289371471326,0
-0.05665974695975673,0.1945887348955294,1
0.927644235348728,-0.19694561315358047,0
0.8284784258908502,-0.9807042173310339,0
-0.3644974017492747,0.12348327374580167,0
-0.6481372711211053,-0.025001351927877027,0
1.7078711581919455,-0.43909378504246055,0
0.18698192133437394,1.0247191650047027,1
-0.6804723247335679,-0.5346963085603853,0
-0.4218368396152023,-0.0197980484396762,0
-0.8466845855690684,-0.34355451937851456,0
-0.7973837010342179,1.1615430346042686,1
-1.049005296030852,-4.066544455403371,0
-0.7974633250997295,0.5055875251579159,0
-0.8686550811883109,0.1624484603824065,0
-0.19629131139552886,-2.0984988013414143,0
1.430237274374509,-0.26175973412582715,0
0.9943053727992169,-0.6642068349944504,0
-0.4731940884985961,0.935095269297524,1
-0.6263434651102071,-0.09472542400291693,0
-0.8682304636527308,0.13589840534493483,0
1.3599467122982862,-0.1529802107426437,0
3.119867819775821,-0.07508469591806058,0
0.21007853227363135,-0.48264545842441814,0
-0.7874968679306165,-0.2290480926166545,0
0.24676643118037603,0.4237102013728196,1
-0.3912359028925716,-0.20154904158480175,0
-0.6079421724056616,0.036759606924703495,0
1.789752650669309,2.3148101594397006,1
-0.5204296216553932,0.19967130404151567,1
-0.009356547011518525,0.6791680135280105,0
4.972254178817065,0.07986241443512891,1
-0.09825394332527583,0.142367655320269,1
-0.3276946546548772,-0.35461000442301155,0
-0.49792129294385506,1.0491637333410557,1
3.690259369195874,-0.027594987347304766,0
0.2339133409404751,-0.1722320470173679,0
-0.5455443551621385,0.10768177218188443,0
-0.8267159209726358,0.3177815533903699,1
1.6290059257270337,-0.10951108542976527,0
-0.8450608871056059,-0.11638181865441134,0
4.353650508902042,-1.481486644634856,1
0.005567933883794158,0.4307818652110407,0
0.158600265967631,1.3040687434355265,1
-0.13431466018227597,0.6628281916071994,0
-0.7590703999324557,-0.6351125388655307,0
-0.8226039103894529,-0.31498250747245043,0
-0.16298801983785235,-0.3583242702377793,0
-0.6343283996070949,-0.9985368533037525,0
0.22415507140080365,-0.8536262788778974,0
-0.873233680356856,-0.2940204526880999,0
-0.8513212454520799,4.063117159974625,1
-0.5475569597291534,0.9931447969723011,1
0.12541155478405533,-0.11547446203681076,0
1.35132377347807,-0.35847312104278317,0
-0.5066475351349048,-0.31452494048533,0
-1.0352744302803747,-0.4817912565294756,0
0.37383110291841626,-0.42045645567050216,0
1.4252334923885932,1.7303928999206781,1
1.3101698954469003,0.4555643863343614,0
-0.7390095966584699,-0.7299365787362546,0
-0.5142474996120221,-1.5851787480923683,0
-0.7254894870882929,0.9604976065993355,0
-0.4814508505727096,0.23133077659758194,0
-0.8452541570372504,0.7510311338264206,0
-0.2891420333428438,0.0527877660377415,0
-0.13525010746566385,0.8223234842138659,0
-0.516968776869213,0.07335916854222485,0
-0.704723140808241,0.48795806271732656,0
0.6229547183664441,-0.21589705894712397,0
-0.76259248347562,0.32837003034493173,0
0.896572541428496,0.7381310880046671,1
4.182103905364826,1.1808445681992925,1
-0.9459291596780334,0.27187727976296394,0
-0.3483421625479841,0.3746038670510401,0
-0.5490820390311005,0.7246961743264515,1
0.39467334584903746,-1.9313457875736084,0
-0.801380919882257,-0.614860755624507,0
0.5191469312530045,0.3437189903398126,0
0.11631791203211625,2.1671852211400116,1
-0.3023218924951819,-1.0533312411967466,0
-0.8965339952464652,-0.6253121036380839,0
-0.8021874321926467,0.3858313505909285,0
-0.6278220538387062,1.9655393199105604,1
-0.6864489468642776,0.06458786956840347,0
-0.7170990472677801,0.15231819325941817,0
-0.754804534133374,0.29850313000536066,0
0.46804730762603897,-0.07068006822738013,0
-0.6333014831878798,1.9724686177835966,0
-0.84714715914101,-0.18657310537167518,0
-0.7382616137554421,0.5358564747427592,1
-0.8906553316963798,-0.8013769762212878,0
0.506382537823752,-0.03875689725854472,1
-0.43408240076381216,-0.6395865131970117,0
-0.6499121444514143,-0.32453511573512095,0
-0.5696457600843218,3.1516638112387145,1
0.002436420554867965,-0.13186345838624003,0
0.802850334250815,-0.17092360666660236,0
-0.932908821955319,-1.4676764729779654,0
-0.8981966968029563,-0.2739372691847991,0
2.1356806425283654,0.08659872047081095,0
0.4327950401852854,0.5418731674195159,0
1.0572831342982973,0.48232911030398196,0
-0.8016695443718596,-0.2625478769689616,0
-0.41041221476372064,0.3944684292097258,0
-0.6177186593340883,-0.7021303292080457,0
-0.4116937866490365,0.37388648693154847,0
-0.7269074316647617,-0.6705480226967231,0
-0.8199387905619462,-0.30191506062213874,0
-0.8341388630254545,-0.417154600382509,0
-0.8859217210696927,-0.5923607013362342,0
0.0956113697404248,-0.7232733587836605,0
-0.4076392495452783,0.08896455695279282,0
1.965938070779245,-0.04512693781101796,0
-0.8066761840891933,-0.6795223502193063,0
-0.925280617838119,-0.38766737682651936,0
-0.27869506716405096,-0.14007258704982697,0
-0.6853250849014452,0.9164364469680261,1
-0.6885606600769569,-1.194838392038184,0
0.5541413160672686,0.13512545312049523,0
0.16571037992508753,0.864095697013336,0
-0.78958682879728,0.540994403922273,0
-0.8481176540788313,-0.6819349472816187,0
-0.6409153701709176,-0.44559593291074423,0
-0.7712254202038286,0.6051891336632884,0
-0.4901991262243195,0.15497404823006883,0
-0.4679145135765998,-0.30902282757642097,0
-0.8336820946633817,-0.3152020016112899,0
-0.2216505353385164,0.318425356881047,0
-0.8533684760738781,0.16066344943831332,1
-0.8521239222867221,-0.290205367809253,0
-0.7127510145152961,-0.004838381937791824,0
-0.23288702249681167,-0.5068324673116045,0
-0.26769729954350613,0.6026742259665608,1
-0.40277196566961054,-0.5960670882279925,0
2.8841220884012198,-0.39406022812352814,0
-0.853263373398509,-0.17041089286859049,0
-0.7898000086822266,-0.2716443772436388,0
0.7311699339368977,-0.7567884313375167,0
-0.7736837002472471,1.6879744330439548,0
-0.8437833320481122,0.08758282777465684,0
0.3606622689438105,-0.8416268188576388,0
-0.5559626333416104,-1.4983008950413366,0
-0.362884644475425,-0.12420568731816585,0
1.3052009697733937,-0.5466247908061955,0
-0.6765283791079991,-0.6563856043095837,0
-0.7281617783931393,-0.742537847147611,0
-0.43240797906641537,0.31941181135073643,0
-0.7051093883954337,-0.43668208742252196,0
-0.8803737470063937,-0.40252094245141784,0
3.912688387182572,-0.379171932767121,0
-0.28093343448132335,-0.10799777423691849,0
3.454524604198296,0.13423909156816305,0
-0.7362028278156542,-0.9091290333175852,1
-0.1482267294024949,0.4567100941059174,0
0.11331787314639416,-0.23968538080216326,0
5.9282966267943635,-1.0893000469981629,1
-0.8158141817139863,-0.11858971582457856,0
0.26117677062961664,1.4304875184650214,1
-0.31216090597100393,0.15749372897436534,0
0.09012843228860026,0.3827740232300955,0
-0.47449114634133954,-0.42695800786201415,0
-0.7358081455005304,0.5208540366123171,0
0.18412729390012894,0.968752526843206,0
-0.5851198167939136,1.5025436611220242,1
-0.8002876217507823,-1.2139148485806224,0
-0.42047253881016833,0.07854741741950197,0
0.23597636254767662,0.8549201571309754,0
0.5560527142915751,-0.2535909046834768,0
-0.8161513183380997,-0.14930834925372993,0
-0.8448300509881569,0.6672747512929431,0
-0.42756481544607833,0.7282293965681724,0
1.585407855857816,0.7112026520145946,1
7.963592821771099,0.5859629592079412,1
-0.7979556239042587,0.5366656908000619,0
-0.5842196494519287,0.5553177587830055,0
0.7308075601291537,-0.47298726340122565,0
-0.4768092960832388,0.21648634517294482,0
-0.16930711045708274,0.627258271176497,0
-0.8202067451127654,-0.21227879455272125,0
-0.7257740597353376,-0.0540966805711955,0
-0.6993020730509347,0.6966675118919031,0
-0.6973783375319124,0.526201786113649,1
-0.832995556590518,0.3183763356328258,0
0.5263279425123446,-0.5270284400943704,0
-0.2504431593284709,-0.029594549591084013,0
-0.4029106200684081,-0.2752212289002905,0
-0.45239293567876326,2.691739476559138,1
-0.7226677545318434,-0.5095283172521764,0
1.533410727501678,-0.5021731695979599,0
1.4812614765731158,-0.4221589025458824,0
-0.2088517810473508,-0.42506504160843095,0
0.14474768930929224,-0.2662176552428662,0
0.882070270694227,-2.920935881463013,0
0.0673051018564559,1.0736654251235005,1
2.540111481058907,-0.9934263919295073,0
-0.6427049408467452,-0.6408836714568442,0
0.07921784755683507,-0.011081592719333738,0
-0.5088193627160208,0.1689059046987464,0
0.9065825855500645,-0.21883598853022596,0
0.9394226224568164,0.1272117996087761,0
-0.4351880701214404,1.1815526286180245,1
-0.55156920629672,0.9896442807002701,1
0.07985235316995436,-0.6629875250055186,0
0.535235333068685,0.8704052753223023,0
-0.9264777029884643,-0.49090431673168505,0
-0.16796411276693446,-0.4039898164991007,0
-0.6198421018027197,0.03562595977830969,0
-0.7122665011412902,2.7074418458752545,1
-0.5836832180965075,1.6347145159068244,1
0.3591369325527024,-0.23510013296647803,0
-0.8040228055471277,1.0659257090009242,1
2.873689766208323,-0.8726960744112889,0
0.21256505417913618,0.7544518070561881,0
-0.5110615138467179,-0.35983811382649067,0
2.983068104561253,1.2671872571095635,1
0.6772582519286452,0.9448137270011018,0
-0.025329014140789814,0.5545531365891011,0
-0.9137473789052881,2.1456597190253324,1
-0.8248353472102223,0.8137660847899315,1
-0.6655094586233894,1.4534576345618488,0
-0.1471253840822069,0.9596751885359307,0
-0.22707957654007666,-1.1558231157628864,0
-0.4640982459040802,0.14237033895322254,0
-0.6785707632812765,0.07270712144976471,0
-0.2402020899144766,-0.3905021410845131,1
-0.27969613914524305,0.11792422313349395,0
0.6914609767372487,0.040703014747167046,0
-0.19855096748123216,0.1232446508339815,0
0.5063277345037491,-0.028623061818824798,0
0.8271796402885976,0.19757877528153797,1
-0.10128212994974638,-0.1853208829617575,0
-0.4635604192675986,0.28042661867048585,0
-0.38926860041934735,-0.1872722277260421,0
-0.8299652368439945,1.1375639651420957,1
-0.5185418074364686,-1.2058817791017027,0
0.9533820241667443,-0.05744235721713289,0
-0.49698213458184204,-0.8255453630027995,0
1.2838075903861983,-0.41236535036239025,0
-1.035765665899165,1.2506535383997865,1
-0.3514775818321022,0.6409839700498714,1
-0.7347361924951553,-0.2053789510938239,0
-0.9340735355793454,0.3174265478314907,1
-0.4085576638343744,-0.1897418953431185,0
-0.6866259357264559,-0.5346407746718546,0
-0.7394276934899779,-0.8280538723697859,0
-0.8450088089859373,-1.5547552806677856,0
-0.8098083528998171,0.07999571495628734,0
-0.02471929983800633,0.09576143974666693,0
-0.8431951283089416,-1.1783854269492169,0
0.5760183478058316,0.09322071181163404,0
0.5243231271537927,0.28873714610017304,1
1.7887019560586346,0.12424329571440561,1
1.99685068302033,-0.6490076117099395,0
-0.07321242510484434,0.9559921055777733,1
-0.1972431300114423,0.4864443730876112,0
-0.9252847918233129,-1.1691064502493136,0
-0.27265526222946707,0.27770637630823625,1
-0.35217039380584986,-0.07121874323676397,0
-0.9275099110485285,-0.7020121447231263,0
0.8284209078428333,-0.34765024486306517,0
0.585483702067625,2.931258689387852,1
6.567802521232107,-0.7504645136170685,0
-0.5985696129926681,0.8611284752241137,1
1.0028006877206177,0.982591909581571,1
-0.21004583585272857,-0.28720292518607976,0
-0.5801435970067278,0.2392389842675682,0
0.9018648150501285,-0.15398721679438748,1
-0.7222295949983586,-0.538819051055989,0
-1.0715297317045185,-2.1089135341193566,0
2.113174434161945,-0.48567025757154353,0
-0.7930928246890533,1.445540882136269,1
-0.811657742372969,-0.5861000540256778,0
1.6395469330462635,2.6478270857792037,1
-0.575447403401877,-0.46671094993783685,0
-0.948121452366632,-0.9153384638767836,0
8.502396863101568,-0.9238481696376524,0
-0.4240976058237338,0.3789450707400507,0
0.2775582122411392,-1.524211800984846,0
-0.7415997825643296,0.07140244516615343,1
0.8334924530879757,0.9784117751607343,1
-0.022250214617826582,1.6106005433150983,1
-0.8112929159191404,0.14666658511262123,0
-0.423689533148794,0.06348056879720868,0
-1.0526729304230755,-1.5468816826482235,0
0.661234768911098,-0.95153804935261,0
5.439844504797108,-0.4083203636137211,1
-0.6865222532437771,1.807967174743068,1
-0.8432413147598665,-0.36034516404238964,0
0.2410571684480362,0.4844740819068022,1
-0.7149443320341419,0.5011016608426486,1
-0.024880196433683513,0.20914761112378644,1
0.9615840112531931,0.2602625435014124,0
-0.7878316977998127,0.7693230486111614,0
-0.7353462244625826,0.33085009282401273,1
1.4334932699349756,0.2761351431655198,1
-0.6684826486929212,0.2378356794324316,0
-0.3221311732891549,-1.3076872186037285,0
2.1606273728445773,-0.4916502867861447,0
-0.4736196857293994,-0.25639657240180574,0
-0.7090829047727841,0.34345405766419396,0
-0.8179799259264522,0.04329165661736972,0
-0.8158146475411768,-0.07879469588312542,0
-0.6922440267754016,-0.5330745586658073,0
0.11157210388713425,1.0183925801478761,1
-0.757609750680522,-0.1328790714165554,0
-0.8742871354060464,2.6539670128045465,1
-0.11284744721254664,0.9718036377205918,0
-0.35971248333464856,-0.42443225601569967,0
-0.7549131995317669,-0.581095179782119,0
2.075537097004379,-1.5577587705426086,0
1.3127150323182455,0.5097078493295902,0
-0.5465615906953276,1.0764506767393949,0
0.1892308406885902,0.01390943363033071,0
-0.33414565976417265,1.0229022870671087,0
-0.12162648005921439,0.39393193497275303,0
-0.8050553328125144,0.5425520878958524,1
0.6998863781310934,0.49758350622237074,1
3.9211985425389924,0.3507470655676488,1
0.957134236361944,0.8552576905905862,0
-0.683445292264211,0.10648699493850065,0
-0.1559292650428235,0.9924920522558549,1
-0.8557300980541833,0.2877905034150849,0
-0.7261049868655296,0.8407574215051038,1
-0.5549515618462827,-0.1308503871127233,0
-0.8323219201094693,-0.22906291124228775,1
-0.9185310662944435,-2.2531211671527993,0
0.1702004678144924,-0.5386520359263554,0
-0.658445502503052,2.8058310279745333,1
0.02472743984258354,-0.05867938857734946,1
0.1494919976566499,0.4034156187008567,0
-0.6088038192582206,0.2880437281947619,0
-0.6516684141125828,-0.6860499722542555,1
0.03889831215541103,0.511254422764077,1
-1.008754657321582,-0.9264217717266371,0
4.950776164932071,-0.5695927468060001,0
0.49288525406065403,-0.5619189520005099,0
-0.6241964102174657,-0.14473414842066695,0
-0.8178862917890851,0.17885607038330467,0
-0.7002722104635505,-0.11519113727954376,0
-0.7062452391350684,0.22355976723192447,0
0.22642414529910995,-0.32285778465265025,0
-0.7505381811069625,-0.2698395469012729,0
0.17894390900974078,-0.3217451130737114,0
-0.20751109110894328,1.2033846228054534,0
-0.009363781972385774,3.0275184813042184,1
-0.5300005328499452,-0.2315054059488497,0
-0.7613288824240844,1.0496487518876447,1
0.5818494984853156,0.3239697439280124,0
-0.15296323597390357,0.11443430544134377,0
-0.57767350543988,-0.44540505115956847,0
1.067905095388425,1.581949971020016,0
-0.7908808034375654,-0.7819768880021855,0
-0.5255599139405593,-0.18253805257494132,0
-0.8423286592755205,0.25841598304234364,0
-0.49334951375339814,-0.5680189877412715,0
-0.8485740229096934,-1.1606872178961878,0
-0.20865035819732436,-0.48171746803533066,0
-0.3420448847273619,0.005317635207588598,0
-0.7895886396093644,-0.872636388848114,0
-0.5970852641319644,-1.8763154368382589,0
-0.6135889816022667,0.17119891684276814,0
-0.19333814945134326,0.9775621430216999,1
-0.7671430663955258,-0.08822662189639878,0
2.2779826857648278,0.6985828971013922,1
-0.5979699659959442,1.8120010602508383,0
-0.8692951183021003,0.24962632882799038,1
-0.6819595277338651,-0.3606685399703769,0
-0.8407998610267904,-0.1897154835401423,1
0.07560414259886551,0.3430415769306002,0
-0.7199427407172742,2.6729452067517276,1
-0.6457450435898544,-0.5443888518986407,0
-0.4884590609376721,0.6287313705905715,1
-0.8627744162865574,0.21483717698840385,0
-0.8063969745662862,0.007196840801328603,0
7.091853955490999,-0.5953142738501503,1
-0.5078945832253473,0.4676619434541893,0
0.06005260299204383,-0.2726096360635351,0
-0.1666112551207391,-0.5003330082446714,0
-0.6004492871049497,0.2203085249710826,0
0.5946286794804809,-2.3701961223827164,0
-0.3048445619014626,-0.9050180796651424,0
-0.851077153544787,0.0660947828742717,0
2.757212706924522,0.4727103839886451,0
-0.6388162765748956,0.6877773944041402,1
8.301337531167446,-0.7476888170786303,0
2.177021302525157,0.4023583089077758,1
-0.8266925749280848,-0.8974701695456108,0
-0.2565739500746776,-1.6365844108946987,0
-0.5610791670617096,-0.3768168458468509,0
0.019214899703096512,0.746808596508072,0
1.2497377204826798,-0.24750083174866822,0
-0.11997117201234844,1.1181472384658866,1
-0.7327788594594837,0.08475652155997859,0
-0.5549649238375831,0.2829167167478665,1
-0.8388137250158657,2.6424643450229324,1
0.2403519653509059,-0.1331414131613452,0
-0.6116964577371893,1.1011170598648539,0
-0.9553700933216311,-0.990470707316578,0
1.580422307423443,-0.06967035473325732,0
-0.7462368362033275,0.3804045390925836,1
-0.20400814629590075,0.3536919455893266,0
-0.636479271378017,-0.2698069994938132,0
-0.39603954287570076,0.029564529561126568,0
-0.9379085734096101,-1.1546806362559086,0
-0.6780895484166968,-0.8387100281833458,0
-0.7038125262519176,1.389004440248229,1
-0.007694620660378315,1.537203582999486,1
-0.29783281843845216,-0.43492988098392893,0
-0.537348965722766,1.1842545352901253,0
-0.29851801269886985,-0.29537173498694336,0
-0.741283056403683,-0.378792915909905,1
2.777215838836123,-1.2498919540148947,0
-0.8278252618027198,-1.0130464099628937,0
-0.6770984655092634,-0.16474707274764977,0
-0.9127649151811932,-2.4619705908009326,0
-0.22375494781065594,0.5731315106098201,1
-0.9001913025485745,1.3153222124553703,1
0.7090654111751296,0.20920769361227828,0
-0.7964901155021663,-2.912082884161848,0
-0.46468312553339364,-0.15203851840977065,0
0.31253651744389765,-0.3488846523393593,0
-0.4926645875720586,2.0050492856833926,1
0.9247290729103809,0.5451485017756815,1
-0.7103666757765799,-1.585689083061217,0
0.8805906559534289,-0.09027135667838812,0
1.0166293949850511,4.357338945002134,1
-0.5898259176575358,-0.4346714898716111,1
-0.2517471798598379,1.8080177371158148,1
-0.18570270369620023,1.7545038937209076,1
-0.6993422832506887,-0.7565894895587818,0
0.6132557294478385,0.26912773835802833,0
0.07236923908401996,0.30151788436882454,0
0.059666170567512805,2.2962348801417494,1
-0.36359357588498653,1.2912850842056771,1
-0.3523318662351026,0.01794693962506982,0
-0.3420565498510814,4.620241439108369,1
-0.16153465460397737,-0.4169593818404831,0
-0.35101511782894695,0.554444696136726,1
2.730474588120258,-1.6405876491152076,0
-0.5765944268486433,0.3779733822243326,0
0.012499229839654295,-0.6093260965065478,0
-0.547714514725504,0.015544549929229427,0
-0.8944726622146824,-1.0869716531170264,0
-0.32496672360011775,0.6531048230803492,0
-0.50133947119987,-0.1565198089674164,0
1.2455521971012364,0.2361734687325571,0
-0.963257759689327,-0.4206009916837083,0
-0.5245839721895207,-0.23005333753482532,0
-0.8111531790920362,-0.07268443154951995,0
2.2210455463232854,-0.41350698531131486,0
0.48346053316471854,-0.265907897909086,0
0.5490706138013456,1.6325686574949498,1
-0.7279778888236562,-0.3722297872332303,0
-0.7892917859752954,0.02982727617595114,0
0.6264303203599065,2.681310133884241,1
-0.6978352746790119,-0.02360876612509454,0
-0.8900068067248557,-0.7664976725479995,0
-0.605611895500575,0.7522277712715746,1
-0.4746724615374986,-1.326681592016927,0
0.09586247973577566,-0.741259744145081,0
-0.8560651567530418,-0.0613474840951088,0
-0.4695369173465532,1.392565892434801,1
-0.6565320611537984,0.2860894405054469,0
1.7224273026465033,-0.735081955968406,0
0.17631473556114538,-0.1961386467158411,0
0.5831904404813805,1.0946995329410603,1
-0.7729386730386439,-0.3208622758068465,0
0.3730414469039624,0.2183772632927038,0
-0.6398296222745355,0.5383916030820781,1
1.3127717405922281,-0.1953527652453131,0
0.14768696627632835,0.5804548880243148,1
-0.08459553628675665,0.3624776327105581,0
-0.07795654181067946,2.4954675679479155,1
0.6997924084270971,-0.2391166594611735,0
0.4479811209412337,-0.5105624580622824,0
-0.6812607883479642,-1.0532978291949533,0
-0.37632831443419945,0.011769750526396644,0
-0.20761038322601574,0.7749927425520764,0
-0.9703982193333378,-1.7414976052445328,0
-0.7840546936654709,1.1224856478965006,1
-0.7588339298417668,-1.2832286449832182,1
-0.3767916868809872,0.2828770378980992,0
-0.8630202479902764,0.15444218036676333,0
0.17674520746195893,-0.3370628900558001,0
-0.8344800163928029,-0.22465959927194543,0
0.02649870805704228,0.43730825229546727,1
3.8850394025853148,-0.19282818800557733,1
0.13687278628653518,-0.07569586745817364,0
1.9581308409914984,-0.7191483928346564,0
-0.18628070035600297,-0.4621922402956922,0
-0.979858156534384,-0.7020893384703527,1
-0.5659833085816158,-0.18343150683312845,0
-0.6975026994310682,-0.45098769284248125,0
0.17152981608132942,0.15560749109135444,0
-0.04114555960280654,-0.11908151747801718,0
0.38121932031461087,1.8799620896268814,1
-0.6823003685537957,1.7057596678087528,1
2.641795350266822,-0.45252972975317884,0
-0.7021841309598211,-0.23251284527411517,1
-0.6874281966373229,-0.1789766929591272,0
-1.1950206341048506,-6.51688025621102,1
-0.018860303568078354,0.05556026541724861,0
0.8347597163840154,0.6737382269362899,1
-0.7469382650103525,1.0266956402876075,0
2.130030022037057,-0.22643843460071805,0
0.11843364117926779,-0.08242602792994333,0
-0.530922802678116,0.26216730364879287,0
-0.7282204864499074,0.6700607431712511,1
-0.3503674464753697,0.5237510384312878,0
1.050519240736598,-0.28882313952658445,0
2.5227850735473045,-0.18550344757598555,0
-0.19059004889611397,-0.37529604695448704,0
-0.7732570151979014,1.100273995884227,1
1.7966292026916764,0.3755874108866232,0
0.5184375197652142,-0.4469604769266385,0
-0.6190455268451346,1.421881471831873,0
0.25452934837121255,-0.8118286193490486,0
-0.9377979247057453,-2.9215492153985814,0
0.3651697431658099,-0.9205526690014935,0
0.08396899454119698,-2.5916315170477993,0
-0.2478589178200187,-0.3248676528041413,0
-0.8020751068955927,-0.35379178785489585,0
-0.7304333450248169,0.531107306993588,0
0.6635431285424954,0.8026533941312857,1
-0.892509003384247,-1.176842031146498,0
-0.7122841063958024,-0.8445909045106357,0
-0.9434422398405954,-0.7496258124497253,0
-0.4188143155717942,0.3894084410160973,1
-0.26454653847794174,-0.345085309560623,0
-0.7671350234324343,-0.4407986817554419,0
0.36666248184169037,0.04961160984427554,0
-0.3340636028107129,0.7161289434518672,1
-0.8378898276237433,-0.9290164552899571,0
1.4070983810695885,-0.11101058114994397,0
0.1263824609276962,0.5322478454700589,0
-1.0052137734488178,-0.5022460544735066,0
-0.09598872275461895,-0.558155833808697,0
-0.10915493502512333,-0.4364040339363922,0
-0.226947160862538,0.36582880481325153,1
1.2544102865617146,-0.01063654778009451,0
-0.633643272963418,-1.1418347531960635,0
-0.6623870132307198,2.431926541035079,1
-0.07207349053438124,-2.0239960034692834,1
-0.20856316786671739,1.3419070668268898,0
0.45039404697013924,-1.0065622452567875,0
-0.7985386966870858,-0.8682632257032672,0
-0.856270763580463,1.2358106313937842,0
0.8753245516127949,-0.8306917424964715,0
0.29808704630377675,-0.5406322253687316,0
1.6251933386015254,0.5336894648258526,0
-0.9376902749164796,1.3936593120884233,1
-0.6680453671591869,1.2936504218588396,1
2.5366275688727464,-0.10038601373109542,0
-0.5516743691583965,0.5244070415211344,0
-0.7075260814462061,-0.6391346863300854,0
-0.37798191049479685,-0.2093319317256918,0
0.9003833570280377,0.7069884090849116,1
-0.5765792874237331,0.42806431601843187,0
-0.33490704416601647,-0.14768795421840122,0
-1.0895052422403757,-3.303944416803395,1
-0.7110688274612741,0.6893095645272896,0
0.0063805984505277465,0.523144505411284,0
-0.8755309266904832,-0.656223384442398,0
-0.28148818687432847,0.28468530965571126,0
-0.8086218577558576,-0.10262226347530407,0
1.8026871127032706,0.16561649196976605,0
-0.7511394246814416,0.5593235565330645,1
-0.8168964848052691,0.8231200853681223,1
-0.4476457109618109,1.3483543849196848,1
-0.8532877099660688,-0.30707177290072046,0
1.643813181745871,-0.3026392878889319,0
5.213989684571604,0.5229920402571446,1
-0.8401603291848445,0.31822110331821707,0
2.753948817882764,-0.43981835845173495,0
-0.8238288499194443,0.2907521756422555,0
-0.6968935133338405,1.1286584709450913,1
-0.1233121349386215,0.05934195188260454,0
-0.9015858381985712,1.0969623398943384,1
-0.22334152939210958,-0.4986900429715942,0
-0.7641058051426396,-0.14884898334818264,0
-0.8045761440527541,1.1386668090845127,1
-0.5742154924698586,-4.334194572362424,0
-0.44577593832726087,0.5913831426658323,0
-0.7234558930666838,0.06535359574734995,0
0.8335336974360112,0.9609849457453262,0
1.2610987155031927,-0.14868106213765747,1
-0.5397080108327477,-0.05432352334027166,0
-0.3569307475508222,-0.43942285999328234,0
-0.8838836188647268,0.26148513769598114,1
-0.3877267351140886,0.31705807094712035,0
0.16650378933554608,-0.6965738094068843,0
0.9193067620297303,-0.051580467138871176,0
-0.430659541489723,0.7458743852637134,1
-0.7464540758613515,-0.5169775275069961,0
0.6227767991471101,-0.3231744996348501,0
-0.8717157780610291,0.40225251796050865,1
-0.4139918685209623,0.5698517336339485,0
1.0390933673910006,-0.3649645696906189,0
-0.8416370866951295,0.18853948035390616,0
-0.617906086973335,0.7076834453560327,0
-0.19469088552226416,-1.7386276342327778,0
-0.5117360218399758,0.758159525114326,1
0.164905735405274,-0.3349619341138826,0
-0.5002237485582294,-0.13009309820646703,0
-0.3406887496771258,0.37030933140430267,0
-0.8373098901554187,0.12215499742165055,0
-0.04455887913358102,-0.32160489427758765,0
0.1494115763615373,-0.216484119149677,0
-0.6550140988949346,-0.3549585605315488,0
-0.8281443574854416,0.5365062439019521,0
0.3720580857041265,-0.8014293088491498,0
-0.0002021691519412396,-0.2567863307880034,0
-0.7421168729445342,1.2326861032370346,1
0.38546693067494897,0.18546074781779967,1
0.15501558506993288,-0.27832036327954,0
-0.39431212059707427,0.20757828549296595,0
-0.26880112875737633,0.919138985335369,1
-0.5892360205920092,0.35453123384625485,0
-0.34414140914401686,-0.5593958668613389,0
-0.6613139383083515,0.040562116995133235,0
0.04019286062879909,0.875228048846038,0
-0.07493315321262514,0.6378504668570446,1
-0.8378542118260089,-0.2641860200803852,0
-0.6787781061853064,1.2089367347725868,0
-0.7250562811679622,-0.6582393328574608,0
-0.40297598430813675,-1.134668965571817,0
-0.729379512213967,0.22064705748992217,0
-0.3645549503091383,0.5980653731515944,0
-1.0338638746148365,-2.7165090902696143,0
-0.05116546342928794,0.10997287650093568,0
-0.34861078475534624,0.956993311413622,1
-0.2948874177430298,0.34314631703079107,0
-0.8812883615348466,0.7864795909064116,1
-0.24926220841698177,0.33699693013829835,0
3.7058935403488156,-0.26724431520102543,1
0.20416562610717012,0.006992494364525772,0
0.2893108914879171,0.1029056440719274,0
1.2476375631847614,0.12662631611820424,0
-0.4011780578220072,0.07735148487655402,0
-0.20857080485598964,-4.485007542049551,0
-0.4865593553860304,0.18926931153178025,1
1.3296609460501545,0.07729394556314798,0
-0.8381476842560556,0.2574767952633218,0
-0.1543582138307122,-0.5464544506777543,0
-0.8309576046188022,-2.558779165626055,0
-0.047875865747950386,-0.370283822679705,0
-0.5045937177761898,-1.5757017065925683,0
-0.41164727368038473,0.06161843989558475,0
1.507491153360477,-0.14358183025503168,0
-0.15373969858975187,0.40544987787608605,1
1.3763543784744476,2.393847976950471,1
-0.8526727703220344,-0.36537417117740945,0
-0.6649265509824335,0.3804254858198864,0
-0.5206328590513266,-0.6985823156300737,0
1.2331294944079065,0.7840667508044402,0
-0.20113373554020517,-0.652391404261679,0
1.5027453553108385,0.28549335594790687,0
-0.5667817995820139,-0.688936752144734,0
8.969907122882011,-1.0350653529483425,1
0.34836443809576173,0.4414570319377048,0
-0.14269589649829056,-0.26195667016647306,0
1.7227187994824371,1.2195103071275943,1
-0.08610746255896025,1.4471526367848198,0
-0.08785348828462931,0.0710942255516462,0
0.00865889312539285,1.4288895123711605,1
0.26101130510160836,-0.6874344918492376,0
-0.768683162529112,0.06325970657480612,0
-0.844220058103676,0.5052315329755918,0
-0.8911994323745891,-0.5281145684855031,0
-0.3380907504729179,-0.39975905165668635,0
-0.6960707507920679,-1.9838762219763617,1
-0.7292370398651727,-0.10308332905250508,0
-0.42184587366506243,0.37056958611270063,1
-0.13636165062966815,-1.244002708985469,0
-0.4848038145202841,0.2634511042576797,0
-0.8072662260774526,-0.059953533356249436,0
-0.5261268901095222,-0.42615494836107015,0
0.25083250073370944,-0.03179631236207493,0
8.68127143494422,-0.5512332695598162,1
-0.08328281923149902,-0.6401971388742378,0
-0.7044732255247371,-4.7009015208176885,0
-0.5782054246004208,0.0879899928822304,0
3.008593473565694,0.8004990896335433,1
-0.3705608090996439,4.018148362629558,1
-0.9025727882071796,-0.9237957780234093,0
3.289336254189865,1.16669312891525,1
0.03801217287350655,1.0028952770211832,0
4.27403251408781,-2.6575062334125614,1
0.4800958731244639,1.8198655096921286,1
-0.4395804132278673,0.4581938947439936,0
-0.11070587818465756,0.11559795576207242,0
-0.3267796419585548,-0.19854130244246807,0
-0.7322423212722351,-0.8494728712666347,1
0.05706473495080353,0.4101210315855467,0
-0.8464317996925884,2.6791156511910676,1
-0.14406955392477103,-1.7952186469007663,0
-0.9277347412741741,-0.6227911103282978,0
-0.7506679429438805,-0.005271386901122649,0
-0.9859523290834532,0.6287705261215921,1
-0.5298441692665591,-0.26766144641371803,0
-0.90858861080719,1.130902510616884,1
-0.44872748393790146,-0.4357913814497093,0
1.0944094633908656,0.11284037051175111,1
-0.8452692302957439,0.09470420300265041,1
-0.7790145595119093,-0.18799964949224765,0
-0.9006808778289256,0.57565648368116,0
0.8963292197363428,-0.15039579102940512,0
-0.25767435431260044,-0.5311938867937339,0
-0.355180674072962,-0.22320574546063215,0
0.42574279528749615,-0.1939692169183831,0
-0.7294316126961176,0.38818891383401444,0
1.1444920716732658,-0.06037015456689448,1
-0.6785856411937728,0.9652474589231997,0
-0.12440739119540115,0.018076505062528385,0
-0.6002939802368948,-0.9573800131354855,0
-0.8575577344631976,-0.12001006102274563,0
-0.14581935640794622,0.02638918057201283,0
0.009718884911774594,-1.28841650439466,0
0.3671228795689874,1.3019915993698972,1
-0.35207822896281654,-0.5382644519108929,0
7.346177086551771,-0.6370112156643252,0
-0.14906999855171826,0.4068225211271004,0
-0.5914912586490896,0.12362191757104408,0
0.016413809130058618,1.303726592669238,0
-0.6513315510163685,1.3755169079914558,0
1.7406906519123513,-0.3835438176502415,0
-0.7661682347009089,0.17889080608526353,0
1.0733888126045064,-0.5335913173502204,0
0.9221711823737259,-0.19058923964411237,0
1.8556923641693452,0.5689123076616359,1
-0.36009487711581295,-0.24151440354232792,0
-0.8393188411448737,-0.7515805730294479,0
1.1543400536354071,0.3685753621213617,0
-0.6461748525989788,0.12883878634323861,1
2.0135356372674003,0.2224399246055475,1
0.014560712437439498,-0.4629807215292872,0
-0.9211252083523498,0.06669627651389205,1
0.7910180764113162,-0.07474100825471877,0
-0.6982677224707267,-0.2481150318097972,1
-0.672851398932831,0.3235964936883198,0
0.7797968999372019,-0.2835796876348625,0
-0.901451003798817,0.758167263737,1
0.3490286175844892,0.43896710734330024,0
-0.46156848007738227,-0.10107300552396625,0
-0.30083008707148495,0.7292060886699735,0
-0.6422195208151926,1.4209627964999714,1
-0.11475086267085824,-0.47742226308553654,0
-0.3912128981337039,0.47982804399689144,0
0.265237662472314,-0.6067934508418423,0
-0.40413045257259267,0.9569732724854931,1
-0.06705217005231826,0.34043366126250385,0
9.24365270030546,-0.5347617939845422,1
-0.5778427114430291,0.32040223331257073,0
-0.07958174022888387,0.6430665791249627,1
-0.6589519131645436,-0.3977680823549122,0
-0.36523757307035815,1.0590397047212516,1
-0.25626784281228954,-0.6287603689673389,0
-0.9975774898151764,-0.29958795177426045,1
-0.21030977526695138,0.09313331657684637,0
-0.35205479192605216,0.4229120544208536,0
-0.8559859810581433,0.591477500090614,1
0.1192088779142425,1.9485466666272255,1
-0.6396928652361203,-0.01821884070760854,0
-0.6314639997121181,-0.06298720448728772,0
6.151097501080944,-0.7163689732394277,0
3.047184075646184,0.22331643560012995,0
-0.8166007488086493,0.02146201021809626,0
-0.7490306504288208,0.10095327119401765,0
-0.8192559419651853,-0.13452027636150757,0
0.1141428251500936,0.1223315935351707,1
-0.6528877136387673,0.19310220854601484,1
0.9133453813182976,0.1163183518997017,1
0.5740093275723778,0.9540209774005319,0
-0.3645788042377004,0.5148547335040828,0
-0.025140968484352547,1.911402037888383,1
-0.2156740974604481,0.1521342351161437,0
-0.5118945315773089,-0.10122582238356102,0
2.769749403712363,-0.38731564597798573,0
0.35098197389467367,-0.25802010806955805,0
-0.750908155950336,1.2848962408055744,1
-0.22868370944505345,-0.35251296907842516,0
-0.3055384368260948,0.7047148468091389,0
1.1806851730195307,1.0850658391781611,1
-0.46465479288014766,-0.8697920942254771,0
0.07927320872913762,-0.758961777333038,0
-0.418552010614616,-1.4952408480552828,0
0.23690911303595255,0.34731807007255167,1
-0.6782084685904428,0.46802281129054435,0
-0.651979450103972,0.563358331720215,0
1.076323519215832,-0.35725534572331996,0
-0.567417272294993,0.6603391747827545,0
-0.7627002171113946,0.15506440171392635,0
-0.7018108806806863,0.35849391092577276,0
-0.5926981147478496,-0.5576720783709249,0
-0.31666256820198924,0.35040432854670633,0
-0.5525751559821472,0.25773656165332043,0
-0.2730800029052101,-0.4830948732404312,0
4.378911417133748,-0.049214427713114794,0
0.031246468705912318,-0.22976031030875047,0
2.396461396510466,-0.1805600843224159,0
-0.8447389878913573,-0.0914119826903368,0
-0.7748984388049058,-1.1314509118855356,1
-0.4424841581626528,2.2864046084702494,1
-0.4896072347027874,0.11994062486205852,0
-0.833297530613585,-0.2710210044284091,0
0.1728998248307505,-1.1849895134183888,0
-0.11235346200774833,-0.07017059682906654,0
0.4278393647281453,-0.47215819618467847,0
-0.1350289277548186,0.610191739876909,1
-0.42863514358266536,-0.7769296257653432,1
-0.5767460814366054,-0.013754677302427146,1
-0.16419300736475367,1.006460968150835,0
-0.7956244746023434,-0.194546431636493,0
0.3798736355949573,-1.1006528290303186,0
-0.22666872393684923,0.5374633411872156,1
0.6106380493747462,4.617532773446556,1
-0.40255751006195417,-0.29445170691174444,0
-0.6346243734321174,0.9866000590890815,1
-0.3792369408838756,1.2554690478475998,1
-0.5707526970068233,0.4293723693396084,0
-0.18827497778081764,0.8914038067603055,1
0.8121870202946486,-0.5311206777848713,0
-0.711929336809763,0.1487707795706141,0
-0.8195940631410074,-0.14044521334966775,0
-0.28264524028538224,0.01720968599425604,0
-0.4993480032433468,0.6172553209722003,0
2.549021816415593,-0.9639112818971515,1
0.23840128390031448,-0.2714832768543321,0
-1.0777449829419097,-1.2386075596723916,1
0.2892069993531765,-0.13204444253707864,0
-0.7783102146099785,-0.5585681974087754,0
-0.9018007780241749,0.4685558300364247,0
0.1553799111557376,-0.2585867303120418,0
-0.20704647900414033,-0.24012233798534016,0
0.2545631322011428,-0.6415072807344823,0
-1.0124021021065013,-2.6714471408348315,0
-0.03866824356009562,3.072630003002596,1
-0.8083186109549403,-0.3513273528644977,0
-0.5015953144755767,0.18869007383904818,0
0.1007977959750626,1.2328617895637148,1
0.6131048298024281,0.6309922895617635,1
-0.7584167098642222,-0.16799151257707465,0
0.3087861480428298,-0.17003448131331603,0
-0.662838448723729,0.6813868478330662,0
-1.3956505737989007,-3.8525525351464736,0
0.2724268648446305,2.2961791460807404,1
0.7394748341755003,-0.4251156455006873,0
-0.8903497835473766,1.6211607392284508,0
-0.46371642366053467,0.9046552266197657,0
3.9451434987196543,1.0187788579580968,1
-0.03937170456153281,-0.3699276180802161,0
-0.5668208791786375,-0.1723026076106727,0
-0.3174036170450675,0.13081860927520858,0
-0.8694878862559836,1.1951771562176008,0
-0.5355769590561457,0.34912937661254184,0
2.6131040739391245,-0.5478017129737265,0
0.3200523696686081,-0.9668923986502793,0
0.6229951103799245,0.19535152019913088,0
-0.41616068305157433,-0.8213645517317414,0
-0.22497944145269377,0.16899820901806148,0
-0.8893992630439028,-0.8679530215972442,0
-0.2277762523963983,-0.3378015573474868,0
-0.6119399188532414,-1.5757069050282995,0
0.14172688294174002,0.4405803974569343,1
0.9970185482883979,1.5677604674682752,1
-0.7741708450831848,-0.34682500819938955,0
-0.35965534625573864,0.5296019669032189,0
-0.6873063889600085,-1.5306221708338097,0
-0.494622330338163,1.2248526132425153,1
0.1650983186465611,0.7745953602748883,1
-0.04851739075051815,0.026236250334931547,0
-1.3753537892839982,-3.6649682380086808,0
3.237599014987345,0.21695108920123585,1
-0.7884818023286517,-0.4921739578754322,0
-0.9705947202289624,0.07107730165867672,0
-0.478943196142831,-0.2662020962282034,0
-0.6994124232553249,-0.38344972445938236,0
1.9710795533182208,-0.6657642037309296,0
-0.08032028541587813,-1.161156512933945,0
4.128135714846765,-0.05617308211638414,1
-0.49374782212145674,0.11518516840289048,0
-0.1347818947750257,0.3002841789240342,0
-0.8838614569915594,0.0353883264363466,1
1.0287722463038738,-0.12865079174986568,0
-0.6050711907603534,0.25010189396322857,1
-0.07559736752571641,0.14610594869724905,1
4.8092976943496595,0.34116967748894755,1
1.8997813628326405,0.7436946441258937,1
6.621031722286012,-0.5915079012939656,1
-0.4835744905120588,0.7696593891947326,0
10.724734816641465,-0.3805064036794254,1
-0.8199554445784094,-0.27708705930384214,0
2.615346381042425,-1.6062038973093329,0
-0.630594473747635,-0.2046818385640113,0
-0.21447036309474243,-0.23711411230396715,0
2.469602136020709,-0.042042427974545216,0
0.2867909745691952,1.3761375778132647,0
-0.6493015076954698,-0.26531555589872574,0
-0.4815625310445992,0.05897270321095131,0
-0.5695715473430044,-0.7318311657566602,0
-0.5883317044641673,-0.23255070751123946,0
-0.7853599820874221,-0.3399291219733624,0
0.5535393182409015,-0.24732719707632905,0
-0.16086111353239443,-0.3001220990162096,0
-0.7652533629928454,1.2172778260593915,1
-0.3989139065045099,0.7478200626184505,0
-0.007761970788207047,-0.43048646488611836,0
0.9283000724761561,-0.45296721397667566,0
2.438718143993076,-0.43197347805139663,0
2.056220393294685,-0.6253000232390408,0
-0.8452114808510517,-0.3605040298736067,0
-0.03173191500074453,-0.39036588718708665,0
0.8064259424848484,-0.35264546716990924,0
-1.0274721008985532,-1.2881208744983146,0
0.14736684410738968,0.3109529462775329,0
-0.9903572488342804,-2.5872525273395457,0
-0.8197167019941897,1.4900531484173352,1
0.3889321957838164,-0.164680269058897,0
-0.4920562754601201,2.6325121549703585,1
0.6721920296585479,0.3284618554801192,0
-0.7814823324920898,1.8882059040464438,0
-0.7299654188471966,-0.47320189259949275,0
-0.3855106341006624,0.056946515354773936,0
-0.31410668705882727,-0.09935751372711235,0
-0.6720042224614152,2.313743443159293,1
-0.9080916241422887,-0.14887125128651274,0
-0.9916887706406324,-2.2945934114765163,0
0.21071625356549215,0.668011004041958,1
-0.7826633624244607,0.6612642519109977,0
1.6095365083893962,-0.9309947942148883,0
-0.24317511425736427,0.04824926892364582,0
-1.943431400518088,-8.616971348725103,0
-0.18083887797267345,0.9986694987658841,0
-0.2618732827521698,1.9596662072355284,1
-0.6526258040976225,-0.3191059187280634,0
1.173893304088566,-0.6230871469731087,0
-0.7716835164916671,-0.2472166602369374,0
-0.36205322200388695,-0.08998010903640032,0
-0.5246318597253063,0.5983374136564025,1
-0.5302495651169771,-0.4540151582755415,0
-0.8004154718357337,-0.3408662617484116,0
-0.5530434023739846,-1.1152694478927854,0
-0.7465820370707235,0.6604786110151166,0
-0.5486440965107146,-0.2448099353755182,0
-0.7325792662750154,-1.3902508196175458,0
-0.018939803159570764,-0.10377471931808742,0
-0.8071321593126879,0.5368902029642162,1
0.07679843021642213,-0.6080601425517894,0
3.036579900123872,0.7930871274114192,0
-0.5235475357059051,-0.2751985623701243,0
-0.7650402600803334,-0.6227358292344748,0
-0.5357553762305338,0.25366291765948384,0
0.1412119060775983,1.7054010537306115,1
-0.5261762882022452,0.07894247572948926,0
-0.6071836709467575,-0.24303587062364787,0
-0.3400912735503268,0.0010700302104228953,0
2.6741173830548868,0.803321377081751,0
2.476191332081763,-0.12481652946946119,0
0.5555517937237576,0.025443605767319317,0
-0.6141367028453436,0.36804843732934545,0
-0.2738414431598055,0.814333828480265,1
-0.7199747727778768,0.2338460631704355,0
-0.8781417061692277,-0.7474366323091454,0
2.3653513497985865,-0.07322381122289286,0
-0.2846698281121404,-0.2772736289593018,0
6.664307100567306,-1.738587598259082,1
-0.08847483006589815,0.1286944797442405,0
-0.34162022747144655,-0.03527785938859163,0
-0.7029601734722845,-0.21399019721630602,0
2.5116475830998968,-0.14036590191704698,1
0.7207709244147738,0.08727623785448646,0
-0.8383473448159849,-0.49668079147454847,0
1.8747630489709042,-0.026141002155941187,1
-0.677967486682314,-0.11782103286405762,0
-0.8145602640587895,0.7699426611383545,1
-0.8787760752779543,0.5078972048729568,0
0.6735532540074245,0.513313972168614,0
-0.24326562199908153,-0.45785176676216793,0
0.2569038757217719,-0.16276642189683832,0
-0.7575558488929071,-0.9231083333133498,0
-0.4824915344158757,0.04912830366040879,0
3.05281902560554,-0.38465177227501274,1
-0.16525092191220847,-0.43451646726577314,0
-0.5600939261931378,-1.7688657424352083,0
-0.7251192939281117,0.1439093442842363,0
-0.3029662585839624,-0.01319743103382447,0
-0.6331819730552142,0.33530532976082866,0
-0.6307156685900848,0.10446146472941974,0
-0.6429319800460371,-0.23772373092806195,0
-0.5551128627679918,-0.4121337662085371,0
-0.8433758136299783,0.6829978899389035,0
-0.8698383199713647,-0.3533481159898876,1
-0.868707066909118,0.5110217446556123,0
-0.916742860328053,-0.013377687240251757,0
1.3684415485658057,-0.4591569792361865,0
1.1408175985727982,-0.10786754092801754,0
0.3027902625443538,0.232606074133397,0
1.0598448146102224,-1.3015512453807214,0
-0.3866236906516121,-0.1512488366424498,0
-0.14979659601220272,-0.33241332747592656,0
-0.5402444462720987,-0.6200576719533918,0
10.389615552932655,0.2333887482701589,1
-0.23845700074512854,-1.3934442209424076,0
2.5065208294256167,-0.12954542824937937,0
0.08160228212655565,-0.9034287468144868,0
-0.5430267270950715,1.0898835527106545,0
-0.6296772580324923,-0.715204717842122,0
-0.9341682384880006,-0.15531004044794725,1
0.21495560869315164,1.281810199871313,1
-0.4590793918027032,0.40369518909722674,0
1.536087486082564,1.364984534514079,1
2.1674585386025544,-0.08739404081882904,0
-0.11038921495077399,-0.3587252440174852,0
-0.3453481433710309,0.887161587592446,0
-0.851726671986723,-0.22900266145747566,0
-0.7079160187162362,-0.03232668879498477,0
1.2701808114358468,0.6301949370003197,1
-0.6748584028678775,1.5371468773992438,0
-0.5765760621396766,-0.7148764522631256,0
-0.8730455986919325,-0.7938774893707745,0
-0.8493262497596145,-0.15099316029826504,0
-0.01474084822196047,0.46937846955053525,1
0.5201033301342358,0.6916458704739277,0
-0.39001085867344476,0.5079681970973607,0
-0.04269223802681584,1.4928856269215656,1
3.8068109562399437,-0.4109018100841041,0
-0.18188692040077112,-0.10868952881823342,0
-0.47416246156566466,0.957309787794106,1
-0.7269554193940531,-0.4770027788227699,0
-0.32512491502526547,2.0806102188049325,1
2.187033541886287,-0.5256478217239275,0
-0.8416478564202908,-0.023363884491570737,0
-0.4502000119259185,-0.07563851534115303,0
3.798808044059072,0.6590705968261891,1
-0.5120720217034911,-0.6117988474006056,0
-0.7222533411342789,-0.19058877385821849,0
-0.8454516981705266,0.1250218011877486,0
-0.07106640227340334,0.5592376323254546,1
0.06136388790413385,0.6125139113160488,0
-0.6920205782649935,-0.5886415663853195,0
-0.3044852020149881,-0.08131448443744786,0
-0.8168841989006531,0.22523499744884903,0
0.6626219420553091,0.6867757441464535,1
-0.57726824361833,0.7058709520395585,0
-1.0650740860344605,-1.9311941407272695,0
-0.6104994535535616,-0.1222306101751441,0
-0.8569946576009182,0.11418235994092585,0
-0.5925014473278989,-0.09924381430042722,0
-0.20772090353171835,-0.0102260134818081,0
-0.9413027924117486,-1.14606992897429,0
-0.903444553579289,-0.4709988388647624,0
-0.7235875258272276,-0.12681558866800477,0
-0.5244678232952915,0.14873227468754166,0
-0.6960177100069666,0.0805532346360102,0
5.237216896545755,-0.13851539027625281,1
3.4709317948509018,2.394515675919536,1
0.904865261477061,-5.826363682380358,0
-0.7786767478153817,-0.32593342264663955,0
0.4657904840824316,-0.6336451448572198,1
1.4773854158579296,0.4375567849726794,1
-0.3285834417938807,0.3403485378331886,0
-0.6725841340087934,0.11466659677317341,0
-0.47820383739042066,0.055868114562903685,0
-0.2597715099463911,0.8804822522987509,0
3.3140793335710637,-0.47840635631842066,0
1.0306913266502127,-0.38052076245395094,0
-0.5149436109163462,-0.38298214223569277,0
-0.7639527480831975,-0.30758606892626883,0
-0.8225475954073911,0.5307388026896026,0
-0.7372989737161466,-0.11930146455359852,0
4.207805889142351,-2.2832468425057573,1
0.11221671128368581,1.28218520132159,1
0.059996155664984736,-1.545837372109541,0
0.12102419130659474,0.45174410305334617,0
1.921917489515872,-0.6840297620707176,1
-0.3352017229079281,0.20813921374462727,0
1.1824896458122987,-0.3743148436734192,0
1.2737140936630758,-0.0501226565548965,0
-1.0781844486207826,-1.5121653948850333,0
1.9516095425273468,0.034115767356457743,1
-0.8629599690780728,1.7517418350755694,1
-0.10637744197004627,0.07036401925064929,0
0.4697947630580654,-0.021970013661911272,0
0.9181520912691082,-0.3486712020271425,0
-0.9615209570968598,-0.854773099937606,0
-0.822938248814845,0.7031296522839219,0
-0.4460070616037723,-0.31845571639371895,0
-0.01917429808081379,-0.23629718764792967,0
-0.8184282428845018,0.7288723401724435,0
-0.7866005042312276,-0.10397146553965586,0
9.115661379752767,-2.084786182889999,1
-0.9911256609257352,-0.5273371563182713,0
0.9689282361588638,-0.32956930451828564,0
0.5722564717944799,-0.12404262026691659,0
-0.6619672113465899,-0.35584455820838296,0
0.4028097791491685,0.5329113505236555,1
1.1613934657265759,0.4259944896072719,1
4.122069117054991,-1.5314060728706953,0
-0.7057715464296875,-0.9791668456202431,0
0.21991698918725655,-1.8393917585318782,0
-0.35544915987078346,0.469818001869531,0
-0.8800721791450111,-0.5633752028395915,0
0.7887608325629524,-0.9422823006468249,0
3.1625303564646265,-0.8613972243784697,0
-0.1981334540516104,-0.3140942580306042,0
-0.9120514837738726,-0.9715992621531567,0
1.5253727299718813,-0.4316577761825654,0
-0.24565814916268375,0.023405466953430154,0
-0.1541674834372129,0.29118955032349403,0
0.7778023700088987,0.6617821089422665,1
-0.7506974324829448,-0.22354523923258382,1
0.22351243000941387,0.3823840242232958,0
2.3838181193391157,-0.7134286668904418,0
-0.9530953551148025,-1.0699339492002162,0
0.04698881347998181,-0.39652223843140394,0
-0.9661478072978055,-0.8552777438923057,0
0.7994218315696495,1.135455985949906,1
-0.6144645703217371,1.8052655908983029,0
-0.6873091348995967,0.201585750095807,0
-0.7829572055607801,-0.0887183762998935,0
-0.9097657032988696,1.0716801360508559,1
-0.8249308245289694,1.3503055094062577,1
-0.7392387245003548,-0.16064821184029957,0
-0.9147678896285709,4.202891661339351,1
4.202654615779793,1.0205616119412322,1
2.246891906585629,-0.6115981221234926,1
0.23901232411354129,-0.2051202714648882,0
-0.9174122370273596,3.684931070188447,1
-0.08473462590260974,-0.32671775813806614,0
-0.7920848673435105,-0.7422167121209724,0
5.9834359368274725,-0.030278773932313437,1
18.025062859948687,-0.3582373219977103,1
-0.5980739003348026,1.4960701150274918,1
0.5859720604704924,0.9202382182762074,0
-0.7913729225433258,-1.7450867374798673,0
7.750192950097398,-0.2910251071344933,1
-0.9895205553625667,-0.7936970268398296,0
-1.0447692418400567,-2.199039607541984,0
-0.3441377059616773,-0.39931834231224844,0
1.5670704897965841,-0.006195785468966544,0
0.3649354072786452,0.29079447371035105,0
-0.7108708112413777,-0.22454709644659593,0
-0.6947823755370541,1.6666357091571813,1
0.06480877379502839,-0.33034101614135647,0
-0.6811217371693945,-0.47480398156567377,0
-0.6561870836081531,-0.23079096564687013,0
-0.9441570508814903,-1.1340795301799755,0
2.621322161395003,-0.13158174460788458,1
-0.5749408361092174,-0.28794201586017965,0
-1.6013941249008203,-7.658063661953754,0
0.837475281570691,0.11947676481055998,0
0.4236975917668221,-0.003394879862991801,0
0.2588843777841495,1.9163134044804002,1
-0.9386202357867732,-0.7460384790219193,0
-0.5096946878136465,-1.515613059963638,0
-0.8531690705450377,-0.42998628769517433,0
3.25989936109678,-0.910013162694242,0
0.24857231665162838,0.2451536336941916,0
-0.610527438758791,0.3466777757193493,1
-0.7718203082382697,0.40204541095735935,0
-0.6442033161586194,-0.4209588154825538,0
-0.9197600688950522,-0.7290545330786697,0
-0.8127286751312188,-0.6019228030373754,0
-0.4836830163788042,-0.5797876308842096,0
-0.49607507980998483,-0.43101712292863836,0
0.7888502607492647,1.053229282750645,1
-0.08164067003619385,-0.12443829161435291,0
0.9303245168588982,0.894932119162546,1
0.4414541733855479,-0.005046478096475402,0
-0.43036143293933676,0.3175552277240401,1
-0.8529423409238852,-0.05778581973434094,0
-0.8156694958639781,0.08996174991813652,0
0.8654506058144134,-2.065209211135818,0
-0.7011537184407259,0.3882585559017595,0
-0.9812991030450843,-0.2694206681215173,0
0.13050891907082066,0.16193836425394723,0
-0.8177799899307507,-0.12865718553776878,0
-0.09565279460262405,2.1107435433298996,1
-0.7864337889908807,0.5115237775831815,0
1.9273208640800488,-0.9464257607910131,0
-0.7959587855951168,-0.10278964291921011,0
-0.20335187325295218,0.21657232659283132,0
-0.627413203061031,2.535862967281061,1
-0.6676066817909246,-0.1922941466736518,0
1.1618212671492274,-0.04738732769866048,0
1.305002853094458,0.7611308330058874,1
0.11291987178973276,0.3318873813331764,0
-0.062495874173995096,0.08718528119772065,0
-0.7032221315936421,-1.136163664943111,0
-0.19039615246018685,1.4792123998120508,0
-0.90221169424571,0.01697843188358942,0
-0.07500422167602275,-0.34561483128234666,0
-0.2684392993167383,0.2068475952917807,0
0.6201460705350605,0.9086910698223458,1
-0.22486031671021675,0.011318288011654812,1
-0.7730815833636385,-0.3674946156230758,0
3.6142643088529263,-0.0007167230856449153,1
-0.7906251669212492,-0.007918256812878093,0
-0.848421002059788,-0.5886200908583143,0
-0.014974430584488614,-0.24083471225023467,0
-0.9808239691622918,-1.1676759946908277,0
-0.7896468398431821,-0.4772903406855026,0
-0.6677986943349753,-0.8068959247457992,0
-0.2742472656890339,0.06719643654866593,0
-0.8273639334004309,0.2914905500113976,0
2.939355952248614,-0.3345083207973306,0
2.3787219139578304,-0.5531608462666304,0
-0.34865307099409637,-0.3346230892853695,0
2.980550760188593,-1.5095808747788737,1
0.5831826483228595,0.46299625107079184,0
-0.4072688084082253,-0.24676566000687297,0
-0.32462392497516274,1.1852612394022473,1
-0.010859251503357812,0.3259592820520956,0
-0.20782309750065767,-0.27074923399849427,1
0.07517989590828202,-0.19178207521161986,0
-0.13098028337769255,-0.6466678606195039,0
2.4020854336477253,-0.26290853677975967,0
-0.790675972781062,-0.3196223900445873,0
-0.6557357931800119,0.017981090047132213,0
-0.3203569766198595,0.2189146638218107,0
-0.7974355378977435,-1.0772606929283723,0
-0.07463642508143677,-0.5056939782318594,0
-0.9367862430663944,0.07886480340662443,0
-0.7257007853661694,0.10172943456629426,0
0.18680864511768594,1.3822136369284728,1
-0.8044680290209322,-0.7576759845162052,0
1.970329404248875,-0.26234345878048676,0
0.25308290462263744,0.13448014197740302,0
0.6392553701191073,0.09374068740501221,0
2.507048392094505,0.8241956527459483,1
-0.4085608206529404,-0.30017212703856755,0
-0.7237306044478103,-0.24138606324634113,0
0.96531581670518,-0.12010726161639818,0
0.2211591249343573,-0.07654440441885957,0
-0.4211534588335853,0.45885132073116314,0
1.2414771972320537,-0.2691194044855328,0
-0.8348642045370565,-0.6688009077712026,0
-0.902385832497947,-1.2490053142759256,0
-0.8087728694110488,-0.5814321265086905,0
0.6506992109704858,-0.3478781417106206,0
-0.1534785856564941,-1.113357532008537,0
-0.9007612398592434,2.0944580877708012,1
0.03925961104788687,0.13660816612559948,0
-0.6044373247092146,0.5617980840375296,0
6.410056112928205,-0.805209753567491,0
-0.8340832439990069,-0.51119169587132,0
0.08912263319016067,0.47250698736277796,0
-0.7025213885948887,0.5114906005714086,1
-0.48325142317211245,-0.990945722990497,0
1.4282333199630965,0.5825359281222272,1
3.455354299821049,-0.40033484856194473,0
-0.5885098310571797,-0.6655261232873716,0
-0.0863620566934721,0.24334903240276487,0
-0.6039655889342553,0.02370935596686334,0
-0.8386575042781436,-0.22313684026170214,0
-0.28795555775572157,0.00787948218528862,0
0.055192670986797,0.21580944238114802,1
3.9161709862854828,-1.6963705497513046,1
-0.9575221387920471,0.7916049445796047,1
3.467924388647393,0.8851688315009357,1
1.5744095117081895,0.5223815420852866,1
0.6213026917264445,-1.5324841146269592,0
-0.5097044638811189,0.4443866848979941,0
-0.050884817595742725,0.08446717035570128,0
-0.7455905042374349,0.38372675916382426,0
4.5506406950402285,-0.37240479197502985,0
0.6066463494427721,0.32797408400288497,0
-0.6130809208120088,0.49930673629345207,1
-0.630230955624143,-0.5868512993433846,0
-0.6528426796608209,0.6817836847831878,0
-0.1868800430947791,0.050786518573350876,0
-0.34310441065070285,1.444338731187788,1
0.7085832153396389,0.011615926484525859,0
-0.6484211278929471,3.9426084622884368,1
0.012711129751162075,2.014695216170154,1
-0.94353629906595,-0.8288764856570052,0
-0.6469848872771785,1.512658150181982,0
-0.6703327088795662,-0.05724120972966018,0
-0.5696926474383571,-0.09534526350015331,0
-0.6515682006125206,0.9372940037383938,0
-0.7848902723597357,-0.6692453685112818,0
1.5222587550711608,-3.777061211599638,0
-0.8254279277456853,-0.017040728320606234,0
-0.25799218103199095,-0.48568321944128384,0
-0.3386112931721997,-0.662120993715847,0
0.19668050583297084,1.5883432292639148,1
-0.6095290541043943,-1.3968574188053393,0
1.501607511419814,-0.07936909377626665,0
-0.8876738786027485,-0.28035766478858004,0
-0.5873270212459889,2.9717531333759366,0
-0.8664228145929115,0.3557229766329302,0
-0.8062473156030834,-0.36648929713015005,0
-0.6530774238873426,0.5732873365373085,1
-0.7210509621917109,0.7043183322028637,0
-0.5546693453693792,0.5269114123463151,0
-0.4562980548822995,-0.6461676440187262,0
0.8299096597368709,-0.7639872072682499,0
-0.5449873276358501,-0.6244663213015605,0
-0.6982766368845089,-0.6006040872289766,0
-0.86387400676282,-0.9407089319027179,0
-0.6454839168873363,1.3039840217029373,0
-0.378603459684108,1.174065009621953,0
-0.8620967253097682,0.1302123177549943,0
-0.7346220185707405,-0.6341901430385847,0
1.5525681700858436,-0.17023542070387823,0
1.006860127650247,0.34768940721947983,0
0.38944758561903775,0.8921176805164128,1
-0.9044708035715759,-0.3318516342919639,0
-0.824379231708306,-0.8201738427454164,0
-0.7911175675310345,0.10073447992844597,0
0.7620805895813502,-0.7588429004525814,0
-0.6225747798131093,-0.22743163838007305,0
-0.1694681854891318,0.6174059732758491,0
-0.8874721449328553,0.10369777357898156,0
-0.8038112032649551,0.4011329594140858,0
0.5674819686041344,-0.10909915608337702,0
-0.7496658305746707,-0.21767554806386027,0
-0.6731397538469941,0.3564086781795446,0
-0.2339140410974571,0.1103396183024346,0
-0.02958935031933568,0.6280006653508879,0
3.3694009056964442,-0.8608353774004531,1
-0.8359296235579962,-0.14806956514799519,0
-0.9572777366145702,-1.3712911528609157,0
0.6488760293439005,-0.987593142176471,0
0.10657619283369214,0.8575181634915175,1
-0.8508001541278983,-0.04338677722063555,0
0.3409998110719644,-0.5361822371931912,0
-0.7481423778065837,0.04456735103342754,0
-0.4674778242127188,0.07943233962812171,0
-0.7833972562070893,0.04170091782947041,0
-0.6871324692870105,0.36236045708067294,0
-0.3342015569793955,-0.21194536171638653,0
1.1686138479296626,-0.11656286783283316,0
-0.7786670860664112,0.1886825425522804,0
-0.6702950200983371,0.9934343854357621,1
0.009962526861802799,-0.5426457430109182,0
2.121889666700942,0.5311512197081482,1
0.9155009070662794,0.057370109585745066,0
-0.6738704386943012,0.4076251344204481,0
0.13149674236708342,0.10616788216795824,0
-0.7785865698252996,0.4515532667086643,1
1.5656040704331615,-0.30500254612606315,0
-0.5582000414462311,-0.39841289032174426,0
-0.028130050854265003,0.14762993906295246,1
-0.2480002802128243,0.03972731981642449,0
5.929018034188864,-0.16575998281660426,1
-0.6104368747127793,0.3420028842009467,0
0.9045060624478025,0.7037004236737744,1
-0.8082602135438104,1.5113172835710722,1
-0.7743594174550702,-0.24270896932898745,0
2.486312047289951,0.2138977509956876,1
0.013935004944744624,0.49458198524991515,0
-0.5748715470040703,0.2770755683531175,0
-0.22101699822551665,2.1821893058283792,1
2.0217350557504528,2.446587715886582,1
-0.4170810280006911,0.9832650243672802,1
-0.6616901635460297,-0.36853676581049366,0
0.17523987859896611,0.010118949345264446,0
-0.8526129882289076,3.725530159667153,1
0.24401623877473264,-0.4765875476304362,0
-0.85119428729015,0.47527523827060125,0
-0.7024912896952638,0.1922623103341078,0
0.4111004357212196,-0.4639568392694617,0
1.3944624997505377,1.4611897167815828,1
0.3390794098965464,-0.3032249977327531,0
-0.7213293499388447,-0.2986217828147961,0
-1.1160377748916248,-1.4759986331905204,0
-0.5795900852871558,-0.26525012871588133,0
-0.36429019090606113,-0.16989014853923345,0
0.5721826011329055,0.13353267598646407,0
-0.7293183878168854,0.5155081778569947,0
-0.35852018048250645,0.23144709545778075,0
0.44697502305422393,0.783302153806397,1
-0.744671357965292,0.17954854616416918,1
-0.8881507148484948,1.300123533577652,1
-1.0517645581711756,0.06401430375295297,1
0.9354788067272203,0.10699833087862683,1
0.9844199038474997,-0.04125205786758016,0
-0.710714513131843,0.17002147446462793,0
-0.6912812352502802,0.7595176439953769,0
-0.8477422934317274,-0.5764557778847861,0
0.7239691146084333,0.5881291722445392,0
-0.27836650528327966,0.49384455051183856,0
0.018621731394109407,0.9225238944274109,0
0.1884706323318833,1.1739635929037382,1
-0.841202760156607,0.1479935608691992,0
-0.8981436724801964,-0.22605836644448649,0
0.26763830567097013,-0.39488552926238407,0
-0.2849466280623494,2.574468372976402,1
-0.23739366413976104,-0.09686600118499508,0
0.9589795352896698,-0.4807256861183802,0
-0.882022966888108,0.6942641673243749,0
3.6578239287257897,0.10162050180413741,0
0.5744809779216387,0.2969413742266001,0
-0.5559510560154247,0.28477472538082654,0
-0.41881757945535536,-1.1562632312037027,0
-0.7419048965177859,0.08987416148413759,0
-0.18529722624661157,0.048370085123448044,0
-0.5972481015675832,-0.5669039630106366,0
-0.6465873511012828,1.268507019573615,0
-0.4492919737539301,0.47631167728820656,1
-0.7850710903766935,-0.4144894591751074,0
1.1505533144451405,0.0027021746497993405,0
-0.6616374326697585,0.5318699178987695,0
-0.9042446382145918,-1.3240702705110023,0
-0.7933526176733456,-1.1527501612011957,0
-0.8768722735147443,0.742197363234919,0
1.23804422792736,-1.58294603775653,0
-0.4199360894325094,-0.23732920762868917,0
-0.7814940377678697,1.1043289188317567,1
-0.30066817314656713,-0.08885233552682197,0
-0.8654739590188862,-1.2730423366948276,0
-0.7350753411369124,0.2900769111410958,0
0.9415284062474756,0.9916744823263671,1
-0.5971163023617093,-0.36060021387920943,0
-0.8986719576463722,-0.05653670507496195,0
0.15969023026178605,1.1087775064696066,1
-0.7371191884071072,-0.7697065772239747,0
0.47770929989501293,-0.3010238817386347,0
-0.6526662787915399,2.0180898191847363,1
-0.030046050793499018,0.7172440702498294,1
-0.8119731602995587,-0.3980009842144428,0
-0.5897482987367113,-1.5212186231147606,0
0.28256722295410214,-0.3380591169101091,0
-0.5090542565905063,-1.2131811826837668,0
-0.21566304060505073,0.09186535903248888,0
-0.20309001973989332,2.417209278831769,1
0.34954876056795275,0.2557715369368913,0
0.3615523776298259,-0.08701442183582835,0
-0.8117138068123422,0.42339105710905806,0
-0.6919775477766691,0.33186513833383136,0
-0.1382260738674723,-0.1835556816132305,0
-0.6878895544802307,-0.5802039196045864,1
-0.618976612033367,1.2477747938086137,1
1.8979871328144535,-0.10649036312525585,1
-0.8267138762722143,-0.2835255829850592,0
-0.6743868728775096,-0.8371389609019816,0
-0.32696520920242933,-0.15030989130282943,0
0.34682935644186236,0.17401894590113426,0
-0.8778881870046784,0.6939044915283982,1
0.15967887028902528,-0.2621111124269198,0
-0.6492443123487487,-0.32755123153790794,1
-0.5167247355128288,-1.0985146352121726,0
-0.11182385760657912,-0.20011381174891935,0
-0.17890985914568466,-0.2852430241507651,0
-0.8046945624054046,-1.4980677319699747,0
0.30314996930352056,2.561377237321996,1
2.51287382796131,0.3716479185526558,1
-0.5120078943580506,0.9528029496029992,0
-0.07725319892504243,-0.10629534121530232,0
-0.8090695047551109,1.91624649317442,1
-0.85782956784871,-1.6644816744808417,0
0.0549882991047258,-0.02982804649933408,0
-0.8093554463724827,-0.09363855214696297,0
-0.7813281626426788,-0.9790867771539377,0
-0.7660573787542949,-0.1565901559088458,0
-0.333965891255829,0.054652611083236095,0
1.187368223752784,0.028966628673956357,1
1.759796392697201,2.439909872769228,1
-0.15458173879789663,0.08993927153974163,0
-0.7532402530641866,0.1128875196987995,0
-0.22059738552453745,-0.42676792858627804,0
6.958284352439532,-0.5659344584308253,1
-0.35596016600591746,-0.7045724415246336,0
-0.759953169972283,0.1870094461587324,0
-0.6108881440856356,2.193299554717775,1
-0.8714219752092861,-0.02833664050253276,0
0.2711055900346137,0.3186732027464681,0
0.788839998642101,-0.990249556188739,0
0.5394189158419784,-0.08210747409639446,0
0.26485257478101987,0.009126365293436673,0
-0.03451507731057081,1.9143105693819875,1
-0.7934058849372507,-0.032886590656067194,0
1.031255044857043,0.7166511569980448,1
0.3832876634284021,-0.16211125241012653,0
-0.9171752425120797,-1.2778802766090354,0
5.139667607102727,1.3582565264813846,1
-0.386582523040982,2.1732931618707556,1
-0.859128975919022,-0.0032115270100944926,0
-1.4364003486561288,-5.244363451825483,0
-0.6191991864541442,-0.41523980617002354,0
-0.41044657563640435,0.5871359963031031,0
-0.7354640443615497,-0.38653482594613847,0
-0.5975640485031407,2.5177365966375955,1
-0.7609873534070508,-0.29232687833460186,0
0.5996514765090691,0.08573479396490637,0
0.4473696024752907,-0.14309765371030667,0
-0.3359312629006785,-0.7101845043573507,0
0.30152932111593983,0.005842152703028076,0
-0.5402593013939605,0.30404564677208834,1
-0.7772380820343247,0.13941953662914827,0
0.12185597172050562,0.7708222283298771,0
-0.8734912236692678,-0.17349530228981713,0
-0.8611762664635645,-1.0890830499914321,0
-0.8614003145279885,-0.5192119666790895,0
-0.46640958434870383,0.12331367953351044,1
0.9176580626266204,1.268684404755598,1
-0.9340839825975579,-1.3615880658979962,0
-0.8092999984075849,0.25053117927760893,0
-0.4383763376918302,0.13401628944535415,0
-0.7720584992620356,0.04126069998579823,0
-0.7724988695549578,0.039426178647624696,0
-0.24657806172695104,0.2085703330499649,0
1.3704973352916763,-0.30440919171808556,0
-0.7888528458871669,1.8839784248422555,1
-0.6753700613491125,0.00315215804193274,1
0.3098054539127033,1.3396296896087012,1
-0.355838996534954,0.5809563576560075,0
-0.3333501300763441,0.0179057499260939,1
-1.0397326969169147,-0.6157671525973984,1
2.4733059111739744,-0.2134184109655372,0
-0.42422328993133324,2.6982910971299554,1
-0.5883180479718686,-0.41082428458796155,0
-0.9005988207776858,-0.8739167491618026,0
-0.7905192842945468,-0.6572465249456847,0
1.1865368241619698,-0.44927571118467063,0
-0.3997496942305299,0.5959074910535226,1
-0.8176881817533602,-0.8771152636266542,0
0.041222000850707846,0.3125477930338439,0
-0.3542516215162263,1.0259167544326293,0
-0.11521131767890622,1.139053228724024,1
-0.7321460012408298,-0.8769944105454192,0
0.915694262040784,0.7523750347878027,1
-0.7623531553756289,-2.1609224209627045,0
-0.6298573885766517,-0.7200644655720394,0
-0.15700883132458293,-0.9729449517509577,0
1.7975079370091385,0.08343519470447411,1
-0.6660971060156288,-1.064482827417039,0
0.4397059471659328,0.4907904500124674,1
-0.7051119904145652,0.03212280652109686,0
-0.2859633113156845,-0.5927892295007228,0
1.3548129040369128,0.023703798755252196,0
-0.903578790549092,-1.0980488352818691,0
-0.2931753564529148,-0.0353105651162345,0
-0.34478023025089755,-0.33771237961412415,0
-0.042056668806575125,0.027808290480596947,0
0.45555374822522754,0.4467523356678699,1
1.668346462423453,-0.9028154911396975,0
-0.6306692848289529,-0.39266596287405153,0
-0.3495822914072102,-1.5906635587402478,0
-0.54426528805427,1.1532127058064439,1
-0.7441810922445004,0.2953146965248768,0
-0.9460340639814576,-1.979193322297879,0
-0.4618229661505856,-0.14187615379528787,0
-0.6828409310178468,0.9003973617434358,0
-0.7944328905678385,1.5656313293108455,0
-0.8170440748903793,-2.1014410006276893,0
-1.252359636425701,-2.834070597044644,0
-0.5010128819970825,1.3433580946658235,1
2.43261567049776,-0.17912292732996607,0
-0.7985689488530022,-0.7980172152150447,0
3.4424453271834796,-0.10388800013085725,1
-0.07234531427778533,-0.1708375525413375,0
-1.5556500750651758,-3.9537424998774817,0
-0.8888935783181856,1.7053232003147956,1
0.1283975833119123,-0.295377215624791,0
-0.35691050224907833,-0.21232562339884575,0
0.6704721435908401,1.2266304641918162,1
-0.7955431981825142,0.4811312015456975,0
-0.5766449880388332,0.10545666033380233,0
-0.9168275826101973,-0.44599701045545126,0
-0.29458243373842385,-0.5338819063109848,0
-1.0619136185708973,-2.6768746753960277,0
3.047679288927358,-0.4016077578132217,0
4.799530827335176,-0.718654278955584,0
-0.3730374110482139,0.2784059228279911,0
-0.5396689384947836,-0.03592770487637267,1
-0.16498169616784772,0.5203335465116903,0
1.085982259297571,0.4932225584358772,1
-0.7420443202406027,-0.8110238020547994,0
-0.7384030603281826,-0.20749489287295647,0
-0.6402323492267376,-0.23477025374116778,0
0.6036739896632618,1.5043933380966907,1
-0.36509575156584795,0.11254049947091475,0
-0.8540872394025686,-0.009383440527408537,0
-0.7611756750398292,-0.11367308532550688,0
-0.009845037105513947,0.5882256431532269,0
-0.7355709179062896,-0.7367374029745122,0
0.09023934874544023,-0.18610139430554254,0
-0.1386925645924214,-0.6233535543540362,0
-0.4522433457318484,0.062441892893518695,0
-0.9507673242677761,-1.2309641783102256,0
-0.49165518864104873,1.2569853760984813,1
-0.32640753485553203,0.5531027485297807,1
-0.5839858453742124,0.41781092803317016,0
0.42486530670525485,2.681206211106535,1
-0.7117959518405088,-0.24555264742194502,0
-0.8535566019722511,0.4909996040637665,1
-0.8659344668700902,-0.10219333470775965,0
-0.6856381415350074,1.3581737329190673,1
-0.7156586322931545,-0.25858136409358495,0
0.5320104968062079,-0.3677781878516238,0
-0.7255497963433821,0.665868003494569,0
-0.6161328461588158,-0.39300501550467126,0
-0.6111471597044081,-1.0299153416856808,0
-1.0383280641299757,-1.8933228823677046,0
0.17180084176228286,0.1697641034641281,0
0.11914990422210102,-0.02160827603179974,0
0.33916673600919023,-0.7517479283716046,0
-0.8643456416070515,0.28093643889621905,0
-0.6931178017619696,-0.3707763032579507,0
-0.6067579817453539,0.44847491265997885,1
-0.8685738783903967,1.725244420949331,1
0.7421652627028785,-1.3174561388400905,0
1.4126825153191558,0.9338876893696867,1
0.7291313158906565,1.5955899723278646,1
-0.5192275191118579,1.9989918733074614,0
-0.7841714142239056,0.08734348270799708,0
-0.023183971609244163,-0.07570475533378662,0
0.20026975367163763,-0.16308878810408764,0
-0.908002718022734,-0.5342088036760708,0
-0.8162777506388063,1.3067861965355647,1
-0.73343415238008,0.7576160566539768,0
-0.8475743034471328,0.6983301639343469,0
-0.8484118522985287,-0.7109709763286821,0
-0.7904839037395219,-0.25932731047816837,0
-0.8487609384093591,0.06949626917775367,0
0.40783618504879293,0.18145386338153716,1
0.13248963921025672,0.1782161222208604,0
-0.8936234557757186,0.7446454526261784,0
1.9593694990198471,0.5389696588865811,1
-0.7314540145466678,-0.8100984238255395,0
-0.8593439564245058,-3.8359831907682613,0
0.39062749337248326,0.5448897984573899,0
0.04220505937362714,-0.5295279893202731,0
-0.8520918796144261,-0.8714206855696909,0
1.920876456525364,-1.490882179245706,0
-1.0903275995096455,-0.16552010720413698,1
-0.38694179658377525,0.6520180935159898,0
-0.8209753566612973,-0.3672118637073171,0
0.5074618676651785,-0.30793813475465165,0
1.7558653457211335,0.33303663144968393,0
0.41461501254412747,1.088766239124813,0
4.125439512873035,-0.6768091899556512,1
2.363601531408572,-0.2549797191915189,0
0.2610474279355026,-0.6801237265549406,0
-1.040636646614774,-1.176987564217805,0
0.19439375845531132,-0.7717456322180407,0
1.125314202948534,-0.14719681788586372,0
-0.7606222022627237,0.15442837746016352,0
-0.7245794503350904,0.5953501169648835,1
-0.7762507267819293,0.25061635503971996,1
-0.3509107121482186,1.2553178134127732,1
-0.4961990457359233,2.8888231429803404,1
-0.8156797430461364,0.3879524118744218,0
1.7084587285495385,2.6975092503931153,1
0.7574451947654207,0.8842289954620787,1
-0.3552018001379193,-0.3479816934383023,0
-0.9246854627135712,3.378763159727801,1
-0.7816378600135775,-0.12947705067148296,0
-0.9971688499551848,0.5282210012463587,1
-0.26733059801810155,0.8234569081497093,0
0.9812463425367715,0.012405484331500745,0
-0.7562259242101349,0.6576161553595583,0
-0.6119314358201646,0.29103914705414174,0
1.310552561674056,-0.347155284223071,0
-0.40344224531942185,-0.016998025731755052,0
0.4593729877501088,-0.471270581235354,0
-0.13056239987927537,0.15643760795220812,1
-0.8115881609757719,-0.7923564276207049,0
-0.4367296826764591,0.41949956334124777,0
-0.23752347184897818,0.26617858717262033,0
-0.05339284986070428,0.1676706777602076,0
0.7771078248682916,-0.038823482927733084,0
-0.22008385722290014,-0.052119204679505066,0
-0.4534673415876663,0.13427201724093765,1
2.0577985983669,-0.4023203266440194,0
1.346551891756581,-0.42839472568486164,0
0.32773137222137766,-0.05528566199477214,0
-0.7340899918647988,0.5193006704554756,1
-0.8222905013782547,4.159793084953385,1
-0.702388587674315,-0.3334513723281028,0
-0.6985249898502979,0.8866435483238937,1
-0.6527937256118883,0.7190192760816485,0
1.1590402834092979,-0.5898189068323663,0
2.8982024272292657,-0.3228765662238268,0
-0.8586150736196443,0.0022662529245107126,0
0.09604427310593218,-0.3699841373127511,0
-0.6437677408905752,0.22954770791364656,0
-1.0941039722366175,-0.6348120467824043,0
-0.8705694900681729,-0.4340433150072746,0
1.4076967354462273,-0.19389241656458606,0
-0.5740937146969021,-0.11565609252721813,0
-0.778570709606743,-0.16413534406171917,0
0.020539660815263844,-0.03385249009262668,0
-0.5425463243719166,-0.35112462356899965,0
0.24338530698892355,1.2129529578584537,1
-0.8217240705345551,0.082762526941572,0
-0.539084016896236,-0.016518588774475592,0
-0.9063027213480186,4.3460110472601725,1
-0.1659758458687334,1.637663815528562,1
-0.8417128761664073,-0.419460189794801,0
-0.8354181965378948,-0.0985693603567464,0
-0.04214884427416804,-0.4294979013821567,0
0.002048463154046313,0.00497768865316526,0
0.045385851824057334,-0.09554973148627086,0
-0.7185919753221902,2.014659222495217,1
0.5521382142294285,0.22454237317185755,0
-0.9072800962627945,-0.3383765389740018,1
-0.894504907556318,-0.5409792302524166,0
3.484879104027226,-0.4372113152020781,0
1.080557124052613,-0.11218210852149599,0
-0.15530332708487338,-0.30056172921621305,0
-0.13982514042282213,-0.8270227849666657,0
1.7680968663226475,0.38677031280122803,1
-0.7673585686209807,0.6639253083519709,1
1.0878149310783234,-0.8711291276839105,0
-0.09791900566495652,2.0725695995387867,1
-0.8349623231198524,0.38619419120265364,1
-0.33170731994089403,-0.28175951247762415,0
-0.6595909996897364,-0.17403550951301938,0
-0.1458846915431381,0.1758719553316732,0
-0.39188705504877724,0.5198850816336424,0
-0.3824096125629787,-3.6292345768522245,0
-0.597139146816436,0.29796771540631095,0
-0.8320124467577787,0.21101570398767872,1
-0.7310721531042251,-2.061757163016831,1
-0.043554799369383786,0.36317411149071405,0
-0.1577237280400507,-0.23663878123062224,1
-0.814952320773576,-0.15893209178741277,0
-0.1781671845959636,1.8989833167751236,1
-0.8021324853672703,-0.07189671783105038,0
-0.6507252624497295,-1.4740898580586743,0
-0.7784992216161618,-0.33052950424555244,1
3.0392330656060436,-0.3684582526191741,1
2.1312734014391856,-0.22612334442909285,1
-0.3058528403684709,-0.7988024410512256,0
-0.7778875620077796,0.20842489990948515,0
-0.7111792303289801,-0.04358693754937848,0
-0.6520179140284106,-0.2457273247623336,0
-0.7364181202215063,-0.6677056353681002,0
-0.03908245454700214,-0.1524442203913498,0
0.18454292535801492,-0.43334306043786314,0
1.2065711581877985,-0.0004864839875867588,0
-0.863956106255247,-0.6933273214191285,0
-0.6356455971796715,-0.02142575379732508,0
0.5464369627403753,0.19548785850765357,1
0.4518680282005071,0.4527972652861006,1
-0.34994901740124373,-0.041750205094107234,0
0.00047757788354528584,1.0762938561965663,1
-0.7532099560891107,-0.03244264455771474,0
2.915811514897253,3.2944670382839485,1
-0.5265311333344055,-0.24283767394652894,0
0.29856538359864637,-0.44143406045754635,0
-0.7525512368958893,0.21791111303574687,0
-0.12117396821539252,-1.1773137816114922,0
1.732867618132698,-0.19126611584805403,0
-0.276399862817957,0.7266371199383871,0
-0.8537241422181924,0.6041497868176434,0
-0.9847061060917252,-0.9985688411647352,0
0.12780117945845665,0.17395604686292054,0
0.985374472100473,-0.9367292460970693,0
-0.10108617820717014,0.22330265250719372,1
0.15939039936521074,0.11215690536720686,0
1.6200970652479665,-0.4368434142582544,0
-0.04879045521153729,-1.1693544191490526,0
-0.5338201615433014,0.6606541593858041,1
-0.8698872619543918,0.6707630008193133,1
-0.6241996555020483,-0.7288051120672071,0
0.5141585793362641,-0.13511079416043548,0
-0.34175152299818784,1.7790889201216415,1
-0.07877279312003678,0.12794247114914875,0
0.2641043190358805,-0.42734624939308313,0
-0.1671618778534791,-0.04043768637829645,0
0.029830942738530992,0.1750164055652333,0
-0.7924242042278634,2.5051205599742175,1
-0.16370711387551085,-0.1418002075940588,0
-0.8002683282084276,0.142863535613374,0
-0.2407158846075865,-0.4133655008883512,0
0.8137561636194345,0.7148400128484036,1
0.03226913923881792,-1.0770975505254305,0
-0.7006273993959543,-0.7853398544734471,0
-0.18369119395092404,-0.021246492945746834,0
-0.6768532233307837,-0.022894037724389367,0
-0.889965976264556,0.08804778870391272,0
-0.14779174794797137,0.8556603882757648,0
-1.046287006427178,-0.9285697233652355,0
-0.9227567650661975,-0.3862826129112815,0
-0.7790768577383002,-0.7491422552926373,0
0.6011318455630337,-0.08360754995525198,0
0.27617072346139515,0.2084122887597371,0
6.235935105041165,-0.35374386399330343,1
3.7414718712198405,0.7036410497555803,1
-0.24471921558806223,-1.062197480979118,0
-0.9693063018030362,-2.3192201147515052,0
-1.048937163376154,-3.815821794693169,0
-0.6912194476499752,0.4014613847403795,0
-0.8365542607834842,-0.2028924677543916,0
0.5825726722389774,-0.1485645814522962,0
-0.6936013616469915,-0.25767972693783625,0
0.7163276762739254,0.49817368676418644,1
1.2336893647215617,0.8683946775552372,0
-0.24179050301361657,-0.46931931806415716,0
-0.727796285000618,0.22847871116384183,0
0.36400773640813344,-0.2828245609600465,0
-0.4452079766866296,1.2642080964012412,1
-0.3509639023351388,-0.38421353717822593,0
0.5499815889796157,0.7198798818755641,1
0.15494432501755365,0.678859622920149,1
-0.2816322638765841,-0.19334190555705377,0
-0.7611587586489993,0.2287181264951195,0
-0.2602535126583186,-0.49656031935390327,0
-0.2707232694356267,-0.07778657961624094,0
-0.431284709568515,0.16642223952398794,0
-0.6721081459310309,0.42658397518297836,1
-0.12104922880782608,-0.5067279626014538,0
0.5519441631827003,0.8837754364873405,1
0.1236263459867207,-1.1556818695012756,0
0.03183559845902546,-0.11786010708441028,0
-0.958621562883402,-0.7705138793185538,0
0.6989665852081101,-0.4567709243604885,0
3.776906964299119,0.04117065713670585,0
-0.9784841204239403,-0.1566365772555241,0
-0.8591717633575093,0.4933461571633176,0
-0.7617431815115543,0.5622340559838187,1
0.4045524294201858,-0.7727479713919494,0
1.2044835267356973,-0.9113910699411878,0
-0.857799231213529,-0.4093077735163149,0
-0.1775903520651133,0.4223797056968196,0
-0.6790318120212531,-3.783142261168506,0
-0.7099097498920912,0.1341149854749785,0
-0.4789265416133038,1.2462995896739097,1
0.12438896571614037,0.3041918583947969,0
0.36990413887293716,-0.38669385769409753,1
-0.6155629068454781,-0.4091212918075411,1
-0.8208380682031937,-1.3431774890663897,0
-0.853258218133139,0.0208205801412542,0
-0.34381166752497117,-0.13262310744923514,0
0.016033536774019364,0.04904225592728645,0
-0.6646098012608272,0.2497259459886869,0
-0.21754530033256478,-0.6512390890712977,0
-0.8249030029839747,-0.4445200423394433,0
-0.80605054538716,-0.2928782886133746,0
-0.48469537521225425,-0.21144993231794879,0
-0.2677005266389727,0.580028257278241,0
1.4883556886121023,0.09559565965722268,1
0.6094306674550201,-0.9234438751416544,0
7.191028072779658,0.6240766588664017,1
-0.06311792162378527,0.9829947215828422,1
0.5310633567574179,-0.4443763566000768,0
-0.17349128231637465,-0.014004338537473562,0
-0.6156110064178597,-0.23425460391380468,0
-0.8879934652818232,2.3676296035064066,1
-0.7358578503511918,-0.7533031123269157,0
3.4832443370929913,-0.4461265735392655,0
-0.5647645241984226,0.5264962369202338,0
-0.8188604185597411,0.13624246598897666,0
0.8112902129862009,0.7457031262638854,1
-1.2932233959547188,-3.8649616803118763,0
-0.16767124248041756,-0.09656665877961144,0
-0.46738575097441476,0.07492144510580295,0
-0.5045343377389049,-2.5062744719060697,0
-0.6829931672558784,0.18154894356715734,0
-0.5199128586461688,-1.0995325325886596,0
-0.6868633163351661,-0.20350449516739544,0
4.494732855654619,-0.31584232934881173,1
-0.14399255167016242,-0.35466686283367455,0
-0.5026631437800189,-0.29438031861552016,0
-0.5224764187527902,0.07449454872097473,0
-0.1374831627191118,-1.9394592647824098,0
0.9640661476467163,-0.3723275032808057,0
-0.872457366318663,-0.13989477754543317,0
-0.49264260410042787,0.1489543556204547,0
-0.8029015647819476,-0.5183778595239265,0
2.151935622773549,0.1395302739385406,1
-0.8145601319631215,0.05156930293675015,0
-0.7388208122627145,-1.172053283753013,0
1.4941156480254163,-0.34512361289729293,0
1.6098265797051474,-0.47144141416007374,0
-0.353293126309485,0.031654254847040104,0
0.8747956520094443,-0.6135466754304744,0
-0.8542705542536996,-1.974156534393045,0
-0.9032534041835101,-0.07414918084832542,1
-0.7522172148919338,0.11084594889434356,0
-0.4871172012968012,0.7987699944075163,1
-0.7611201695785015,-1.3943129973897732,0
-0.8188277699668682,-0.48223741169770373,0
-0.4904630616089127,1.5680026727940757,0
0.05705501858098341,0.4708744343626837,0
-0.8072620437326218,3.3912158723470953,1
1.582432524577998,-0.05038056635227968,0
1.7803388201544372,-0.5264840123147635,0
-0.6904154769550463,0.5373339870827288,1
-0.8276758334415727,-0.5066281333013228,0
-0.05470902135396858,0.5504177658538154,0
-0.40781024255066206,-0.4782488556931685,0
-0.5552987477762475,2.2695355704336997,0
-0.5994484812668399,-1.18555453152425,0
0.06270032780742406,0.30883995214697113,0
-0.27569250033168285,-0.3030065469009889,0
-0.1699046639418783,-0.2500209190063549,0
-0.499639341338904,0.3929016595678656,0
0.017664835617010648,1.332982808309418,1
1.1593772948404462,-0.46659288034325525,0
0.020617878337054796,0.3976003664080409,1
-0.8945203331937853,-1.197875288055748,0
-0.21291182127015743,0.3760184692183964,0
0.2812396818971503,-0.6669203524836326,0
-0.2703849722069267,-0.16082617955600953,0
-0.40411641720873775,0.5771926284900102,0
0.23661339343463172,0.2617173000223415,0
-0.5909326279648569,-0.3478533526252901,0
-0.7588043559341726,1.04763378182888,1
-0.7462595145392644,2.2399954956032184,0
0.1523392533738823,0.42002760433758807,1
-0.7279367728792348,-3.586664947210754,0
0.23681519252769584,0.9803671859622455,0
-0.4295589074499399,-0.1919442198845846,0
-0.5206722766260106,-0.33384771209588143,0
-0.6671023077878867,0.36315440192889226,1
-0.5086000983434236,0.28698640663035896,0
0.17064310580727302,-0.4988227743943349,0
-0.5852910986098142,0.11016033612289049,0
-1.0595303422064504,-2.1543089295943503,0
1.5182148338914268,-0.4392719353027442,0
-0.873663150634276,-0.12532524113957252,0
4.4094576524898805,-0.9397301975702208,0
-0.8372454528990239,-0.9389206312390606,0
1.5406046474796427,-0.04260500573611745,1
-0.8563937625559376,-0.013331294152409056,0
-0.8689665145468259,0.10149512577562951,1
-0.6763253898354614,-0.8628373567954463,0
0.43751929569082404,0.36159601562583726,0
-0.21595180992670857,0.1042720663937197,0
-0.6789839253393916,-0.12313454902666711,0
-0.3926366201715656,1.4435810814113186,1
-0.5150323996714341,-2.7617715478921308,0
0.061143357394861965,0.5187964899042704,0
1.7789433367305467,-0.6695788762846145,1
-0.49247364037852986,0.014104723656010046,0
0.9643133989424622,-0.4766923285819221,1
-0.7102226596288104,-0.4293645122927466,0
2.808113254623654,-0.0742603352320407,0
-0.3352495782014442,0.03836745246350333,0
-0.9026922601313714,1.3616067306244037,1
-0.8189947307828223,-0.09617509060094062,0
-0.5974175230315155,-0.6659174500826136,0
-0.4803076938793684,0.5351125071415114,0
1.0560165646524047,0.526477209734724,0
-0.3093136005583227,1.384918436548009,0
-0.1828667612628034,0.6916374436683667,1
0.9256542209621954,-0.28568860123529194,0
-0.7958607942356064,-0.11452517365923658,0
-0.25873779769993593,-0.2144432480784839,1
-0.15863886976266753,0.5873994653244178,1
1.610668043264279,-1.3022060084820193,0
0.08093408698585572,0.08280181160085968,0
-0.7203102446299812,-2.385591326804577,0
-0.44985956080393574,1.2987176667230673,0
0.13689668531861116,-0.08359957751954397,0
2.6881825093015794,-0.22601607310652008,0
-0.025494201305107194,0.026214836890017804,0
0.9357592843929888,0.04829934603189395,0
0.32033911084236216,0.7543807306648659,0
-0.4762882033521241,0.03261061540127722,0
-0.5834876059424169,1.2488699484773127,1
-0.932815293149474,0.784337831682544,0
-0.6797744507647134,-0.4924465501239137,0
0.39033008524540985,0.09562613581865734,0
-0.5952100109250055,0.3911466520091534,0
-0.8860534234813111,0.03327638382768007,0
-0.7568662934914198,0.19944917144951696,0
-0.6533582682821596,-0.2806079201367791,0
-0.8157474726394509,-0.12161769420392696,0
1.079822382397867,1.6845075061989587,1
-0.7089364257914148,-0.098149267337696,0
-0.7846235472750122,-0.6504106054384573,0
-0.037520073903107805,0.6125660505769562,1
1.2326404620631561,-0.1986740061605177,0
-0.39198478589298885,-0.3816646744554748,0
0.9934593523785904,-0.11974794328575138,0
-0.765847707979552,-0.5002765380600213,0
0.42261217116228933,0.27844370969728394,0
-0.8159357383404628,-0.6967549024391826,0
-0.09547311337055295,-0.01446794173441463,0
-0.7509862603233007,-0.7630314920039277,0
0.707090938465299,-0.31287015726624173,1
-0.7413440617778301,-0.2316579816528837,0
-0.1494581355613493,1.9868789806494584,1
-0.5364839916812415,-0.04268529360008044,0
0.23062221682485207,-0.46642187360105486,0
-0.31477014163249617,-0.03289239540208241,1
-0.06534298932054423,-0.4007909157009678,0
-0.227529805680042,-0.5041289235536851,0
0.07325702584828088,0.31433133857374573,0
-0.1747329327980849,0.189776335266124,0
-0.5468056296925301,-0.74314121604397,0
-0.5456240441218202,-0.6139256316510685,0
-0.4940515998323668,0.1914630477002653,0
1.2865037449707908,-0.10203573560239619,0
0.002977861465693473,0.21194780026565369,0
-0.6730264411711152,0.617408123777005,1
-0.15098112079474202,0.2326988767988213,0
0.4392392906653537,0.8403260141470856,1
-0.0025633207862592986,-0.9295814306723409,1
0.8785425582459988,-0.25372624757688167,0
-0.19891834404827935,-0.26753686206196536,0
-0.8848703073761736,-0.49615681705474896,0
0.5169788582089704,-0.7084580016251105,0
-0.41679483325446237,0.38532851722212624,1
0.17819464489083078,1.0650584512864398,0
-0.7267759474715102,0.6592169148565402,1
-0.8692998442511086,-0.8050705097164981,0
-0.46472519180850475,2.8867766198380242,1
0.45950145461926717,0.779071788742941,0
9.351286979905538,-1.386550351233794,1
0.22059423296225053,0.25965897036392027,0
0.5487580221527384,-1.406112440425554,0
-0.4596684510150103,-2.705205165973365,0
-0.8489147405161203,-0.14968351757230583,0
0.5052772713498336,0.4039268451835243,0
-0.40963754321865425,2.620858581435833,1
-0.3754549472238595,-0.23357330431457363,0
-0.8310918673919683,-0.6706737775703122,1
0.7246514414959199,-0.28877344651087045,0
-0.19971861472106223,0.10617899457925407,0
0.5506029336006681,-0.39676470583872914,0
-0.5057012335159766,-0.13717608246522786,0
-0.6667831402348995,0.19929037571170902,0
0.5362205383555875,-0.2615990253454937,0
1.196527203070663,0.7620387333857103,1
-0.7170215501416739,0.2774358194398609,0
0.020251889764684325,0.09881790057198175,0
0.42210228466100974,0.5003867200807026,0
-0.20426760646235842,-0.7391570090670638,0
-0.08525249738980348,2.6359453326211817,1
-0.7520126439549458,2.2017617081625467,0
-0.7926009975847076,-0.308806726611523,1
-0.08810009024679623,-0.013697637880564089,0
1.6898266636949035,0.748836133934813,1
-0.7360941295479693,0.8064079273196535,0
0.007219299722136368,1.5656769741593568,1
-0.6601327763900167,-1.4767278981040906,1
1.470919886457757,-0.11795404887618825,1
2.3016076018257605,0.27179109277851143,1
0.21648295818589672,-0.6571223812054763,0
-0.5691002490782371,-1.2865826222558532,0
0.2260567089694208,-0.6955662551166928,0
-0.9316447199571922,-0.8127099147505756,0
-0.15265082371675498,0.44456390691523573,1
-0.4675220068310883,-0.15817836039620928,0
-0.8645153663216618,0.5448804176859685,1
-0.8569192891612767,0.15481767774862482,0
2.3993286309174024,-0.20669119024623298,0
5.038688672544151,-0.18297293213548976,1
-0.16427026733547567,0.35456475097954443,1
-0.31478980489819675,0.11570352154943157,1
-0.2713605083400562,-0.7211511259952252,0
-0.3341595160980903,0.22023265299249314,0
1.0186329740486442,0.8101458676121575,1
-0.5077228902234545,0.081399534859398,0
-0.5059741217882331,0.8827967980112174,1
0.29612345652554556,0.17062551499936757,0
-0.8569625464354718,-0.22516979618956254,0
-0.6352346693554172,1.7207112760702676,1
0.5770884046088727,0.38731496330139764,1
-0.09122109376828288,-0.7579879578708751,0
0.30106021188085275,0.6590058799629693,1
-0.7148462176399976,-0.8573989479450663,0
-0.7954936258197624,-0.15690259742697088,0
0.5316556509272148,0.9773366573499398,1
-0.5791499306628303,-0.32914507274305366,0
-0.7434269373276923,-0.39131244839049084,0
-0.5047730900090819,0.21188815999567903,1
2.3338137999483832,-0.3472230246025897,0
0.18246426363095036,-0.36930436303588693,0
-0.27679181473955,0.46568642939470234,0
-0.7516022809228096,0.3097310810306929,0
-0.46539114999988485,1.543788315238247,0
-0.786517561472642,-0.4399825083831877,0
0.10431180356095592,-0.08559945349157487,0
0.9305775521736883,-0.11805675383969882,0
-0.8679446748897192,0.11219228875156512,0
-0.30439601600482513,-0.009244882405374407,0
0.04390329367332393,-0.2552901316716516,0
0.18616869410882925,-0.03127923982922341,0
-0.38215269492610304,-0.3474233653799881,0
2.4279799572681093,0.8917288867550147,1
-0.7055486117103866,0.15337839795088984,0
-0.9459031879762863,-1.443615507941779,0
2.458650732031548,0.8559196747825951,1
-0.4865777776424965,-0.5228976069457788,0
2.327987705704302,-0.381666060665579,0
0.01844419432719196,-0.3377297868164693,0
-0.027407050285146495,-0.18745440570400826,0
-0.8535328065931833,0.42912355232107624,0
-0.5994209517536179,0.9142039846314994,1
-0.7630290997656248,0.018732426273791354,0
-0.36252957592230467,-0.38944810485208364,0
-0.6085991555128659,0.5235134790539203,0
-0.598722224318738,0.10929801907967976,0
-0.8345383817392297,-2.466357477913053,0
-0.4457866991073368,-0.3246693154412852,0
-0.40738091886996275,-0.034963250191424496,0
-0.8620759272071079,0.41100887022694016,0
1.1723480924172798,-4.51961714184284,0
-0.6008202285763947,-0.24656738498218658,0
-0.3175791055658858,1.4855731312947735,0
-0.5510026811482033,0.285297026319969,0
-0.7159928476863392,-0.4724118816299945,0
0.11994221809209688,0.18305361356109645,1
-0.7680968569047392,0.858858859412153,1
-0.025470654701068057,-0.04721175506635129,0
0.4488107155062565,0.9480032865690606,1
2.726975249632257,-0.8452601864709688,0
-0.19874142382663293,-0.039090273215943216,0
-0.8089358079427049,0.3460317671905809,1
-0.5935718954696736,0.3254126806846883,0
-0.688586693375493,-0.09391948327804459,0
-0.6221415888343657,-0.7528794182937759,0
-0.38284540866273026,-0.5119353884161941,0
-0.2690925987630196,0.1438579212656813,0
0.2044927170684566,0.566889753631248,0
-0.5074352428871405,-0.3994124166629935,1
-0.1933920681598274,0.5982331076556477,0
-0.15011876702574173,0.030280230516949634,0
-0.7868470509354064,1.5721682025847024,1
-0.5787755262435788,-0.20481368847954573,0
-0.7907287717206474,-0.3896399168518527,0
0.7161467782502982,0.1670077597836231,0
-0.7383360893874227,0.6276960397548641,1
-0.18231371980187472,0.16842478974971734,0
-0.3395890618413372,-0.3737241875329158,0
-0.36509749184866236,1.1595690621584946,1
-0.7054277076595651,0.5718398032637005,0
0.4852534828748938,-0.47768132469692115,0
-0.4932661787387979,-0.3996027905658414,0
-0.11842776578151026,0.04970284144435446,1
-0.1428804672073567,-0.18495232448459262,0
1.7538675521798353,-1.481115058451616,0
-0.16944651047650292,0.7320953801301566,1
-0.6656109522720494,0.9277279143652777,0
-0.8644120488346612,-0.6772192439110805,0
0.4584857327004131,0.41676811461133967,0
-0.8849153963405623,0.713937580700981,0
-0.7836295649533779,2.445775201272525,1
0.1687129215670598,0.34180080912440064,0
1.3452765367809607,-0.37770522056670885,0
1.552201767724194,-0.33418015606725765,0
-0.0657943300848753,-0.2582688635689765,0
0.24276117628147792,0.07201276656428511,0
-0.5485122286839684,-1.197915158208453,0
2.765144608034114,-0.6829993711320222,0
-0.5145614350825628,0.0747822191900385,0
-0.679352352341329,-0.5324070425971651,0
3.141550150911171,-0.1091780289885615,0
-0.1377593404349718,0.29886511639572216,0
-0.7788369996211391,-0.5375987542944317,0
-0.869503191923388,1.1240751468621286,0
-0.9368659554937437,-0.7291277415298548,0
-0.573624017024714,-0.38869885650358327,1
-0.7159054692999012,0.325532889535042,0
-0.7776395469949875,-2.2553974556847494,0
-0.587611741081401,1.489900156888067,1
0.3854637296976697,0.859169278080054,1
0.30574468088435364,2.5156290162714865,1
-0.5369517487154957,0.26117560339987295,0
1.021094239393984,-0.39510885638964927,0
1.3478040882196074,-0.598627820979613,0
-0.8095137851716218,-0.1760328938524477,0
-0.3455025092548123,0.5931941747208517,0
-0.7338904473747732,4.717505052750011,1
-0.8262245997484523,1.1407871613665763,0
-0.2352439795114964,-0.13446665202721755,0
0.3617947391712272,1.2766586827116524,0
-0.05443453832266997,-0.1495101253012464,0
-0.7481846273086356,-0.5070248776514523,0
-0.839514537697353,-0.18686102234667493,0
-0.45083073579079164,-0.15880159457203388,0
0.8836784920864854,-0.1658955389216192,0
-0.5071915793446232,1.3492003674002837,1
-0.3167023431358801,1.3947526992382562,1
-1.1087478427889277,0.3757384410092663,1
0.09648329436601435,0.44881373116560885,0
-0.8048028037094258,0.21569040658640284,0
-0.7598717762275301,-0.4585338659010195,0
-0.22025984571938587,0.5176426796292757,0
0.12169156738885181,-0.38382781834503904,0
-0.21440759791663,-0.09382238583733664,0
-1.4512876107684858,-5.428236293020167,0
0.6886262965216531,1.2333010391189063,1
-0.8479346477456187,-0.18236990905369985,0
-0.6642239097441764,1.3414808593778647,1
-0.6461951826757754,0.45262683151859184,1
-0.8380834931609008,0.2358249249151525,0
-0.266394293954759,0.16363487056974857,0
-0.5211192813041123,-0.17428391193866646,0
-1.282431187682324,-3.5062838150253737,0
4.010498170140552,0.655108779416479,1
0.9735565783806063,0.3163515217594764,0
1.8791968276542905,-0.713854339152095,0
-0.07065896375698934,-0.4833153212709162,0
-0.7919313907529438,-1.664268702280811,0
-0.873289936685617,0.1571014447443007,1
-0.7448823559023234,-0.10350800734509985,0
-0.7472235343989145,-0.5913742912881764,0
0.41042420342742403,-0.3598025031328306,0
-0.6271301563598661,0.17632152456017675,0
1.1426694144252436,0.0601144144768279,0
3.5981848288745306,0.4353885692585219,1
-0.941688660120201,-1.3952258610749502,0
1.689747345912465,0.7358008355008586,1
-0.7940986987733147,0.8868229015257685,1
-0.02967422515838709,0.9843780628479141,0
-0.5257587606735523,-0.5028415978128032,0
-0.3979107139357301,0.25339997489537897,0
-0.8735922346255157,0.4227773944697203,0
0.6694224906622532,-0.1179855656685841,0
0.5037901450545443,-0.24208342794130625,0
-0.8368192915644816,-3.6435355091162247,0
-0.7465517814688136,-0.16960907255869065,0
2.3327521731058987,0.48742351705955983,1
-0.45625978258377053,-0.03317484082839361,0
0.1516339872987066,-0.2956093117247388,0
0.7882341220282176,-0.6856867083751074,0
-0.021058699454504497,0.12144050773336068,0
-0.8417258801007277,0.8723401339295499,1
-0.8619663210946195,0.06204801541659156,0
-0.3188846333203921,0.18413825251597363,0
-0.1533438601411581,-0.4536222659647964,0
-0.5808780400749994,0.33486187958702957,0
3.476123622573367,-0.04164802661888958,1
-0.4965188858962573,1.2927088834014258,1
-0.6414078231357193,0.13466972088291085,0
-0.7853211384305748,0.26559588858448246,1
0.42000369197879395,0.8400813301885236,1
-0.7892432901813393,0.41134895641446967,0
-0.26976753282451693,0.7495046135637086,0
0.3914986007423022,0.1095514089033955,0
-0.6738764724134669,-0.06311249335789197,0
8.990308355572637,-0.293210931072812,1
-0.5218144449153765,-0.11599675788558438,0
1.370011843399867,-0.29132894854922076,0
-0.8508659412619588,-0.20536424246174054,0
-0.8794865332427402,0.1510383053917696,0
1.7721088716683726,0.17599503329262106,0
-0.7566746700534582,-0.5154828666677128,0
1.050243018611587,-0.16279935378818514,0
0.005802505459703028,-0.0007635471214942568,0
-0.4056327776783489,1.225000778330635,0
0.3732225630203308,-0.6587012465120596,0
-0.6408907284979576,1.044169590674569,0
-0.841264400327301,-0.12612692906981016,0
-0.6765242695111109,-0.14107019932536174,0
-0.7251609456771237,0.5289378235029077,0
-0.9999268404625924,-0.18090885482423058,0
-0.5148451042862077,0.06806290836513798,0
-0.7295846320498733,0.5159985199234532,0
0.002593306764920944,0.18272416094361874,0
-0.8170402572728044,0.7968844512895996,1
-0.8611908476275243,0.08540942044397473,0
-0.856875941078315,-0.35698463113359996,0
-0.8248022439080264,1.1086674134947991,0
-0.5363643608453086,0.27990177365500835,0
0.7704767916539332,0.6031089692574855,1
-0.8422532258423338,2.72709266938672,1
-0.3977525269391239,-0.2471289875188545,0
2.704361545074535,-0.3197995074788424,0
-0.5945231946486587,-0.12469640775408453,0
-0.5935979303370771,-0.04397511734134299,0
-0.5449772785489055,1.0709684900233503,0
1.567675364894745,-0.7413645757929465,0
-0.5332936030153257,0.6493968854015163,0
1.0792194480504975,-0.6406846594022358,0
-0.44393856078957117,-0.017608404257199138,0
0.5095438429428741,0.1785885959162676,1
-0.08274417933017877,-0.40440914074162465,1
-0.9460902351636434,-0.4252333061258502,0
0.022778772677656225,0.2980941424340852,0
-1.0119592488291302,-1.477481763034592,0
8.855537858870967,0.9859086135970092,1
0.2053362032515314,0.027071128152113946,0
-0.5001369239340959,0.17818180752699553,0
-0.8517592179062026,0.9598910111275745,0
-0.5012115382885457,0.417721221378153,0
0.6354811319055489,-0.1935289845118616,0
-0.5094813177097556,0.6281951998128313,1
-0.29968886066733225,-0.21458529014252617,0
-0.2738674070259727,-0.2292459077353581,0
-0.8099322193846983,1.2828955076420436,1
1.6712081593365697,2.373113568265363,1
-0.8567136485291956,2.0589387854296515,1
-0.3790548877259772,2.0495412007627367,1
-0.5944878069637347,-0.1992304666350922,0
-0.4753483940465904,-0.015246156666917872,0
-0.40317120464721573,0.10387768560993883,0
0.45018028256844683,3.676523712972621,1
-0.8264856540041078,-0.29517210496060753,0
-0.8298626626695566,-0.39195085480600267,0
-0.7942863965976795,-0.8447334086035677,0
-0.8211286688218854,-0.0636104989209936,0
-0.710932676528428,-0.6255632433049674,0
-0.7690507849385082,1.6448808482100343,1
-0.8504913933658895,0.7872334134182034,1
-0.8187520546353034,0.5041200369905211,1
-0.67600518950708,-1.0495901869915536,0
-0.26514942790896123,-0.2952631405235983,0
-1.0110633858426812,-1.081909548810373,0
-0.5544724106536738,0.09166714050374773,0
-0.14860188461064702,-0.16261255681374287,0
-0.6301882260864018,0.4107305597998025,0
2.8528487093604062,-0.4432922141373903,1
-0.8904584205110185,-0.7771984380871587,0
-0.06919840530500498,3.0834640392478216,1
-0.18011658051840995,-0.10232773389239076,0
-0.2882608095525955,0.734335120673267,1
-0.43234422991085963,0.014253721233328845,0
-0.794951267629503,0.9585726060418199,1
-0.7108313746403334,0.24118010571842793,0
-0.4062368166283596,0.34455903647066766,0
0.4740516796807974,-0.49803348048445906,0
-0.5602068040748319,1.0110929081666102,1
1.7259812928953406,-0.015464257623894117,0
-0.2297523557773923,0.9941981079622574,1
-0.03646478767852957,1.7195058751385692,1
-0.04192842527723107,0.2741897854150139,0
-0.5304367533789044,0.05829821464181554,0
-0.02101925465045369,0.8264878542889876,1
-0.8452926522146552,-0.028738456872811985,0
1.2901958130553979,0.41394117043073336,0
-0.1618783031628178,-0.16218031948956046,0
4.753396204829862,0.043243076389870294,1
0.3684409965034302,-0.7692242915216398,0
-0.728428822336845,0.20676761917298594,0
0.3857619032916785,0.22600664990660532,0
-0.38364198200479677,-1.054958993263581,0
-0.7919875686561313,0.061429657673527045,0
1.1460101275435717,0.10274995991331615,0
0.23179595662429206,0.4282852067461574,0
0.2302692334920972,1.0213474142535346,1
-0.4152594774300049,0.43823035687103784,0
-0.8431671638198044,0.4308152399101358,0
-0.62338651084202,0.06508017993781527,0
4.1255578284505185,1.7402830519753207,1
0.019746805639808362,-0.9867251068584344,0
0.32801445603282925,-0.3698230487674772,0
-0.10553301758895213,0.4062985789555724,1
-0.7717057449520616,-0.19918432307353504,0
0.34796279744594083,-1.3315740834959444,0
-0.3878349339038007,0.31335832070610475,0
-0.8787144015712589,0.10375746134315489,0
-0.5101563342153521,-1.8131616856297124,0
-0.6863862555470993,0.3028477028303991,0
-0.5876392904654552,0.0872514156707082,0
-0.12416972795341855,-0.2156561801396679,0
-0.8306785533629645,1.1584837329773365,0
-0.7965397086790132,1.121799329297568,0
-0.8506854286751401,0.757316536430912,0
-0.8143350614687467,0.15552597464113976,0
6.328198861370835,-1.86244097310581,1
-0.510396262801367,0.6075520458326958,0
0.41669613730217825,0.019947062824015104,0
-0.8373634126928138,0.16072485221386562,0
-0.5542331394708903,-0.6198242087551904,0
-0.8455847993936613,-0.11781851115628522,0
-0.5174105421247012,0.37547069216795315,1
-0.6124318726570563,-0.2832415312932359,0
-0.5688677576796013,-0.6539533556316971,0
-0.6440032013533168,-0.788809884625195,0
1.1785401902649968,0.3789449067233714,0
-0.1599287409186642,0.5247347801428623,0
-0.7045030655747968,-0.2571012517360069,0
-0.5817346803887589,-0.13374786022112148,0
-0.8078697633315998,-0.29837109756854824,0
0.5992353536317365,0.740849311636226,0
-0.8377321048530509,1.5527212505550774,1
0.15247086076712757,0.12140253486429549,0
-0.828800209276255,0.4603216214631718,0
-0.28474847183597196,-0.9145463245721877,0
-0.5038680031229132,0.4609185338028191,0
0.978803067284671,-1.9051514923799877,0
-0.8674349024863589,0.9244187936352066,1
-0.07638780771517793,0.12223766832280589,0
-0.8235648322745348,-0.14912097351737494,0
0.9818465864977569,-1.005314092306956,0
0.4299517940422634,0.1496929154547736,0
-0.7627697968253363,-0.16122958749657001,0
-0.7458562411149046,1.304397467008037,1
-0.4514084207862435,0.34702084143494094,1
-0.45062867733140305,-0.16118593225780195,0
0.9566526616065694,0.24541845967137205,1
-0.804904312803947,-0.18002372539243633,0
-0.5304000951822312,-0.971412582000715,0
0.45411315055042467,0.06648755398785491,0
-0.5909815988892315,2.645899551782688,1
-0.7467072312744527,-0.40870258800865117,0
-0.41895978977653603,0.9103581673492667,1
1.2753716591727975,0.25791962008415237,1
4.671925853752424,-0.13207922159607666,1
-0.6036451549022063,0.6297916071562488,0
-0.029418658064760243,-0.35554901829591035,0
0.7500747321422055,2.2093591189775164,1
-0.7348011420661832,-0.5315680290612603,0
-0.80407146630359,-0.2567653635828495,0
-0.04386987525126152,1.1394681435297354,0
-0.7662218170351489,-1.7747602759252852,0
-0.8351022020412852,0.27742015667445946,0
-0.2842826430168764,0.13231710592441387,0
0.10271265034906138,-0.13237310371449673,0
-0.0198807284949025,-0.6102737924177657,0
-0.9616097632071114,-1.396326616911221,0
-0.5243980066760325,-0.09360444466332152,0
-0.425466430134987,-0.6060527624198934,0
-1.0963352840344955,-4.654305547567339,0
-0.7378953513636302,-0.13323552273705033,0
-0.010781328866062354,-0.1803660527915013,0
5.877221670488663,0.8699273307850885,1
-0.7860185034857285,0.6238442568541707,0
1.5480603399653803,1.3617892311211515,1
10.672914368775313,-1.672709767135534,0
0.06132234809604423,0.40815722856601944,0
-1.2995942556144546,-2.9868303573421144,0
-0.9238365320938579,-0.03473673705804853,0
0.35322123268078565,-0.04226913667556408,0
-0.5774920642694076,-0.26162649914511965,0
-1.6139668208889064,-5.984501846066201,1
-0.10712119224716608,-0.8244535966542771,0
0.7814158110270956,-0.338040574317518,0
-0.034446769783702334,-0.2683959136257152,0
0.08051197797668985,-0.006786163363043544,0
-0.6951406025401985,0.5925736540651823,0
3.0698440920269023,-0.37786022223808075,1
-0.4920829297912475,-0.44156510693803447,0
-0.46330763212861464,-0.25940844580847794,0
0.05771493836489542,1.1183760168449053,1
-0.7828318229189057,-0.3190213123225807,0
-0.6707400474479585,0.5296941034707755,0
1.2905809083127169,0.6923289298796101,0
-0.9078584740323263,1.556127542651351,1
-0.8431495559102562,-0.30251781986850174,0
-0.13360289769169195,-0.13562270357705142,0
-0.7973752963341618,0.1153552337413682,0
-0.0886647840311717,-0.535667216972231,0
-0.19150139827809481,0.17621145362681395,0
0.14556718611622557,-0.049222243280723575,1
-0.821657903864961,0.1567491590596176,0
-0.8812881150371734,-0.18266988965227082,0
-0.8683576195823302,-0.2902469722438616,0
-0.8638332768949274,0.097305655265216,0
-0.7566251872974349,-0.21568944511321775,0
-0.02579696960069066,0.0489802439901788,0
4.605567905727236,-0.7033515124515224,0
3.257525551393797,0.7505422326311643,1
0.11002670586886669,0.04790353807644305,0
-0.7051547532897124,0.2322962973697126,1
0.19881178845834607,1.0868429116111178,1
0.8221368716995845,-0.2856692820633874,0
0.6306553584886133,0.21455512847992242,1
0.22070613665154593,-0.6071935926027036,0
-0.4284565826964111,-0.8875414324809522,0
0.17698187666647183,0.3649061747338368,1
-0.36044383509610295,-0.039107709907933566,0
-0.7047322974827228,1.7103335186470239,0
0.2501770775832426,2.492477002403854,1
0.6178958800784022,0.16589298320716295,1
1.2005925075511594,-0.3765051998253746,0
-0.498825654313802,-0.09748030841262455,0
0.07519896261244349,1.0937443857259446,1
0.24628436333339,-0.33137946336521584,0
0.5359990213114567,1.2694986797298866,1
-0.5772392316102651,0.3025723055931022,0
-0.1607793260364079,-4.602895580741075,0
-0.7925193361195593,0.09417629989267372,0
-0.3707027108689194,-0.2677116798693175,0
-0.6731095685102587,0.20084070464460174,0
-0.7682988057782564,-0.324014529043065,0
-0.3083063365327824,-0.10085383050983521,0
-0.017987045564628806,-0.4254360756553993,0
-0.7265712323561935,-0.05103245451785967,1
-0.7171229859241706,0.25985943939886974,0
-0.863746498300866,-0.31369775068000033,0
-0.7588013608170452,0.22550503746369358,0
-0.7596311574891168,-1.2066768028175547,0
-0.43947951643857985,1.5801013024848445,1
-0.8521042358215135,-0.07890536861164636,0
-0.7741562510696482,-1.0589861318811398,0
-0.8022207596160247,0.841049726422869,1
2.6608885552529946,3.262262483033049,1
0.25199408195157624,-0.16068024456943253,0
-0.1541866502283899,-1.659044310539332,0
-0.8559112536654577,-0.09699472073322708,0
1.7631588255331685,-0.23931195043134224,0
2.742417475993686,-0.3628724062095817,0
0.01912490230010858,-0.6363401479073499,0
0.04852049101229571,-0.8455050029183295,0
0.18198803617037163,0.3567242231530843,1
-0.8611382820341579,2.8785818922556268,1
-0.83231017560177,1.5752177062283899,1
-0.5189134100563272,0.6077610105111722,0
-0.19079540112102125,0.26916079845172064,0
-0.6365063628054927,-0.5417406698744416,0
-0.37913307762262155,-0.20822859745323533,0
-0.3278497792383156,-0.0573181804903811,0
-0.5101711566737531,0.5405224723501131,0
-0.6565824625491312,0.09970659475790357,0
-0.9087748399830472,-1.2768248035286993,0
-0.4073988722325908,-0.007805376836010083,1
-0.7395748224327874,0.3762595978858403,0
-0.9457300265309417,-0.2531598784996425,1
0.2962495675728966,0.8332323298517855,1
-0.1130393919591644,-0.060470637105368596,0
7.196151230910649,-0.8019248263906698,1
-0.45909035762495926,-0.6986677461083808,1
0.5681418699420883,0.09280138609050174,0
-0.8311802637379703,1.8821554414916783,1
-0.7366129207842232,0.7746962128521849,0
-0.7145957128363736,1.786163227484853,1
-0.2392847818880164,0.31772295776884524,0
-0.942992838563716,0.20045911176568904,1
-0.3479603015249038,0.7400105688027528,1
1.9960597067311494,0.6471525216005455,1
-0.23856636192688493,0.213747341399328,0
1.7512893192006267,0.5601967581655544,1
-0.16069397966187782,-0.07321260783023484,0
0.7012465845709972,-0.11111339698505242,0
0.4102176871960923,-0.5513788068008716,0
-0.7010290750819472,0.03373354550032769,0
-0.48503192631401176,-0.19746456445081356,0
-0.8096244595062927,0.4601666187616753,0
-0.23391700876539118,0.27006196354205947,0
-0.5634946611185655,0.8247914605292433,1
-0.22683556732643892,1.0791754666245719,1
0.8265565289536174,0.16640651516228602,1
-0.06629185436695689,-0.01466721431415942,0
-0.7663702286468205,-0.21737219196326052,0
0.8963175444653803,-0.9468657463520117,0
-0.8791628072940173,-0.6080922491210152,0
-0.9767352700068173,-0.7946102614590576,0
-0.8084402530698116,0.427779674955511,0
-1.042836366394966,-2.1664865646593032,0
-0.7587581336902116,-0.5250186310794934,0
-0.8876268058448044,-3.1906363203771817,0
-0.16746338622958107,1.605572882780528,0
-0.534158620165733,0.5024368328326788,1
-0.16007922767081637,0.3127801748818937,0
-0.7282199161523228,0.38219457429292203,0
0.614653355460832,1.360914733582428,1
-0.7361770152806659,-0.306188699586163,0
-0.11359224752197129,-0.3559256945502537,0
1.3424577945745477,-1.2695583206207133,1
-0.48546451713867983,0.9552777955783374,0
-0.2541451878556546,0.505567898388784,0
1.5747195441366342,-0.4905184208733872,0
-0.5581470965260479,0.12335088425139783,0
-0.7467415286232214,-1.0484307287170775,0
0.3608310011167205,-0.20857488671856667,0
-0.12766114559347,1.3047271315932158,1
0.7797282682762675,1.2421343209412101,0
-0.6178860440298757,-0.012902831251107255,0
-0.26158668193182216,0.6570502822516909,0
-0.7517704560660066,0.15548738456311834,0
-0.7165101395357761,0.6937056970924441,1
-0.21028697821339046,-0.45017271516863866,0
-0.8890306017501992,-1.2378570485811433,0
-0.6197263786437089,1.8185281011187548,1
-0.7587142871142074,-0.3884726656752027,0
-0.8260392741372413,0.4105085247066793,0
0.07785453197213998,-0.3957666563465013,0
-0.9995642805853999,-1.2535982544455246,0
-0.8661580985815026,1.3748384753538567,1
-0.8414984650227227,1.4278066479099945,0
-0.3257959389911282,0.6765911324829496,1
-0.5119730129264506,-0.21558987752712266,0
13.53573835143196,-1.2938966845075879,1
0.32968856485965875,0.1522090857093787,0
-0.1217738877374292,-0.44162895607122876,0
-0.7139102123597751,0.6271355519114551,1
-0.8871416706289164,1.6350600565406885,1
0.04266428468697564,0.9460903103062127,0
0.39128625161022,-0.658033392983334,0
-0.9598717498593353,-0.2813174004585272,1
-0.8395039924377835,0.05356555858151848,0
-0.7968515033072067,0.48446976016187876,0
-0.7557402747200919,-0.1086857606142842,0
0.528776923206814,-0.12335767354012668,0
0.4905614583663837,-0.4371845758747231,0
-0.5372071572345906,0.4516101993773659,0
-0.6256579371634865,0.2467912137110883,0
-0.8508162286215337,0.038667003697887156,0
1.0826415212511384,1.3655079417829041,1
-0.40318802169086276,-0.33686954854218837,0
-0.006191026650866963,-0.60579372789205,0
-0.882149906782013,-0.17986306526993334,0
2.063002860282954,-0.09040027630559647,0
-0.9541963341648618,0.6232018058247965,1
-0.03935331121681199,-0.3246942163465473,0
3.6876136835823936,0.015444239930331845,1
-0.865487876541148,-1.2648878662948388,0
-0.5099236720158731,0.607451976253006,0
0.45243806419455534,-0.30435759410376756,0
6.666810166753675,-0.3722583615924701,1
-0.6426470856098377,0.02988882865131245,0
0.45792635070270077,1.6101612495705053,1
-0.7957616552446534,-0.1797726443519676,0
-0.8665958873116895,-2.188472603021329,0
-0.2850436886954488,0.9699912236438435,1
-0.9241396876355575,0.8583762404955374,1
2.2066670091597307,-0.6820804772148455,0
-1.233252389851096,-3.450129243292344,0
0.7277129511176585,-0.2488118873404712,0
-0.33322607515468233,-0.46843221030494586,0
-0.36899912285049113,-0.38207236300670244,0
0.04036490324803433,-1.116666995910447,0
-0.897463347325289,2.7539670278177306,1
-0.4745586419591435,0.27645722506006354,0
-0.09241313965175658,-0.9944358020152637,0
-0.7031308035600987,0.04593003557965999,0
-0.772674506424065,0.7148082552413483,0
0.6566025278526881,1.293866206869578,1
-0.5559450179009712,0.2577008387994025,0
-0.9414027050851479,-1.2582890318171538,0
-0.8068363351498756,0.010255213213050571,0
2.342801256182624,0.1434926341526582,0
-0.15407528091728329,0.01834717294233254,0
-0.274021488077789,0.7499379246050691,1
-0.46177199791491735,-0.01359986158149517,0
0.40450864331136016,-0.36450863826961866,0
-0.8138698812578378,-0.02645899445360676,0
-0.8292880038102691,1.1314154611813614,1
-0.8700392318408318,-1.0216440196990795,0
-0.08528057621915588,-0.023620893603931783,0
-0.7666323395101379,-0.9056224126207192,0
-0.5263619822382853,4.049445144751272,1
-0.13214273000366636,0.1999119180856119,1
0.20608240601534925,0.847688600237028,0
3.705214625204582,0.13727297669498362,1
-0.21544745051812828,-0.010829668706359409,0
-0.1122579811257125,0.05305132314552508,0
3.754953140070921,-0.13997772403672457,0
-0.9684920279494372,-0.8306236002497204,0
1.5121149206053877,-1.14339258743137,0
-1.2499806152299677,-3.345015730545711,0
-0.8582662473153021,-0.7425584158022842,0
-0.6097158788054642,0.5249652090837803,0
-0.2930457624728489,-0.23537643587090126,0
-0.30960717632208257,-0.1641131529297598,0
3.4221645624978643,0.37362497192594446,1
1.0361968085250695,0.4616359099708839,1
1.6630250476533674,0.16721351357179473,1
2.496575492750783,-0.06501439852954927,1
-0.8259855030759977,0.01218203794120262,0
0.8079755837627478,0.0506828642528406,1
-0.2803385743015846,0.0374621309344524,0
-0.8229783993055918,-0.5930435606625394,0
-0.8460325464766485,-0.4986493996281103,0
0.4295102998648027,-0.5047835635790572,0
-0.7419316676133125,0.13487735434924417,0
-0.6964865817401446,-0.8369543442581157,0
0.05268560490916999,-0.5582702333389655,0
0.8962023401718482,1.6507444242108988,1
-0.5486846506495383,-0.10607864130884771,0
0.10537762975148307,0.6041888109270687,1
-0.5134972452309102,1.352234474115749,1
0.5563152607193455,1.0834440448654146,1
-0.8751394863961771,0.04514120130339298,0
0.13985684040284962,-0.40239854840445044,0
-0.6398232344673599,0.28685410385336624,0
-1.0017544426419016,-5.536687519388774,0
-0.7750777237818277,-0.09408052407400358,0
0.29990365344212727,-0.3111120512332442,0
1.0480284153069024,-0.19847941761962865,0
-0.8401565355991591,-0.6249986024465759,0
-0.33814440825364833,-0.24492664451001625,0
-0.4558141494890174,-0.3326116526909286,0
-0.8058904470962694,-0.2551907035341561,0
-0.8040271255523033,-1.357837045858061,0
-0.4437417775833422,0.24509120710141535,0
0.0053693451543373955,0.09669276510056397,1
-0.18300918420218376,-1.2543688021460413,0
0.7879735160877303,0.2637954766347611,0
-0.8085059822574472,0.5851029892977004,1
3.529073599029503,0.32230628212123563,1
-0.5649025499506225,0.2122851359247413,0
-0.609363297140614,0.5834154112055175,0
-0.22133258873861672,0.06859685079104594,0
-0.9916951525305259,-1.4862509535500508,0
-0.3531163434857197,-0.7158540398384579,0
-0.7989073771184709,-1.1020916562184047,0
4.427413626219884,-0.2895573374000384,1
-0.8541869382703512,-0.4464026540698439,0
0.07221998462182079,0.5141374435968463,0
-0.7301304814911974,-0.6935386585740032,0
-0.15995604716790704,2.3547260245158217,1
3.2773094870577038,1.8959389712446961,1
0.08737846157427925,0.09912106806797683,0
-0.3969658656894332,0.07553029870077112,0
0.143627952062426,-0.875586598948373,0
0.7621620399503942,0.1362361220376771,0
0.3244498547418213,0.08234353236475496,0
-0.7146903077387856,-0.2769595024550142,0
-0.4832397070896203,-0.03580743523369582,0
-0.7067164918004496,-0.09180956755890697,0
-0.4242916417004153,-0.23390419514159994,0
-1.7634946517156451,-1.9229501597863832,1
4.781140197187185,2.095691281874522,1
-0.47775370630435393,1.4147347307763602,1
0.7281483285287991,-0.10762210610089966,0
1.6267519260902437,-0.9676283043779201,0
0.32083900486388156,0.10579221406122177,0
-0.46350878630414855,-0.2005510606117773,0
-1.109264429681736,-0.26180761611563863,0
-0.2915001532294541,0.3077278531124609,0
2.4500100211939664,-1.896686218740041,0
-0.42178932569346245,1.55291767058066,1
-0.657865502244494,0.6424555443075085,0
-0.08008300955837348,0.21274537218208203,0
-0.8387952309831259,1.3202809708857026,1
-0.9142879203258562,-0.566183896145698,0
0.4687479802939841,-0.48641539198593275,1
1.0304132277705993,0.417768531964067,1
-0.7613903809584462,-0.12260415898288803,0
1.4409993744970573,2.068718068304068,1
-0.7795058871610476,-0.8989371481664511,0
3.141431605456999,-1.0724019404255303,0
-0.781191399852412,-0.5703900421483243,0
-0.8735132609207409,0.010968783884286884,0
-0.003939036850759761,0.1970744555762171,0
0.1748151809830469,2.104700025450527,1
-0.40895196101581394,0.10881579925951773,0
-0.9674209852676265,-2.72960432502271,1
-0.8086737085080661,0.22184674382210698,1
-0.85669256251964,-0.3234508174254226,0
-0.2632833996162756,0.6458349881363981,1
-0.8373798061914602,-0.23015966060277654,0
-0.39518969727493564,0.7644088548828255,1
0.6421063746486083,0.1418305487655181,0
-0.7100358584029295,4.207859928908727,1
-0.541986143947185,0.6746820882792652,1
0.1957180442173105,0.026605349874026525,0
-0.7297503557933931,1.1034262220748687,1
-0.9533591960240569,-2.186215938240317,0
-0.9012973319049158,0.28403530825147805,0
-0.8425105908715398,0.08351758229358865,0
10.699616334200453,-3.6106674598181225,1
-0.3163637737222674,0.6512850584910116,1
-0.1715270871774746,-0.27271995965012996,0
-0.3130392329098054,1.1250607014386105,1
-0.6007571265175105,-0.17274809866449578,1
-0.31855552292529166,-0.16143074440419597,0
1.2100918661044586,-0.6421819426596181,0
0.13651164960030596,0.2629225824692323,0
0.4301341899241108,0.034442684067964004,0
0.4826383162200328,-0.3083418147904116,0
1.8163300468055419,-0.35072608538667793,0
-0.5734232097211053,-0.19354301859079373,0
3.4943017486222776,-0.2088514955658955,1
-0.9419896236107569,-0.3072340843712756,0
-0.7599325772275809,-0.361101830423317,0
-0.33288136826945697,0.012071768523793963,0
0.07937161178139684,0.20837814791320675,0
-0.1743652748864434,1.1864567568330122,1
-0.6242360586371687,-0.16608807324393343,0
-0.4166510792708476,0.07815551474277145,0
1.1406573136741567,1.3174176289644752,1
-0.23808897322278147,0.18734984084048592,0
-0.2696502145623906,-0.3191074002937251,0
1.1122388957984817,0.49198194517306004,0
-0.7209587836571398,2.191511896172048,1
-0.6681087758961642,-0.3812999917467643,0
-0.24071077693999093,1.550752821156845,1
-0.8433773878855993,-0.00380838311901837,0
-0.03310960696943543,-0.10946716471925053,0
-0.250764834623582,-1.3992571033843713,0
0.6918958253212392,1.6510649782720488,1
0.012486933103169413,0.3719836907798959,1
-0.850081144086688,0.0007452051173480696,0
-0.2398026030084416,-0.4541670302128664,0
-0.4811232851428995,0.04411337605006607,0
3.903926739781173,-0.35865605716322396,0
1.1649108441924372,0.38314044613480047,1
-0.7211829931761018,-0.5222984859603426,0
-0.3117630809858282,-0.016919754672451034,0
1.517055041223521,0.38428352486997963,0
-0.8625279793801491,0.7515329528421898,0
4.241502509491188,-0.3862793646599214,1
-0.25505374817344945,-1.7287351776635664,0
-0.8446475481985853,-0.1323333396671078,0
-0.8568424403861177,-0.21272545519215003,0
-0.03903823074200124,0.6030325173804529,1
1.4183094774947669,-0.37409439005077877,0
-0.6207060074420276,0.7046096757869814,0
-0.8377201889111833,0.144352134605663,0
0.08240729291576437,0.17557922837556833,0
-0.16074670856298934,0.10605099774082449,1
-0.45070012508148555,-1.0474398286796245,0
-0.5852835360385181,-0.4019173927417342,0
-0.6683959080244125,1.3464924568299177,1
1.0939160942310022,0.6952059547400224,1
-0.7807256916205813,0.5123897191732936,0
0.2625711391191116,0.2226525518285246,0
0.3629861044952052,-0.5133194613730342,0
1.1931243965004854,0.7363831311191896,0
-0.4811837150156153,-0.5823568992721652,0
0.4514396115009869,2.5690593114579725,1
1.3533736649187267,-0.3890968061659121,0
-0.7731666927582184,0.9770891128339865,0
-0.17841929037472937,0.5046753321382627,1
-0.7123460752329351,0.32299939087258833,0
-0.8622994549991595,0.5731246787124211,0
-0.7945986020674496,-1.9043101940861022,0
0.324054107181943,-0.38190827373987796,0
1.338778201411333,0.2005671202393777,0
0.04282581547061201,-0.4930470286163733,0
-1.0821218954001437,-0.9188408194702816,0
-0.3620826102982565,0.9719458910246648,1
-0.7699776668485571,-0.6170653063014447,0
-0.819503335718196,-0.7363616305196962,1
-0.8448700399549488,0.11305172606430489,0
-0.7287348232556322,0.6780901932762852,0
3.1899823374201346,-0.149411469584279,1
-0.8792212580806182,-0.5715814393241045,0
0.7709702105660895,0.5697275245572666,0
-0.07409751424468623,0.14248815995484695,0
-0.6691159794822931,0.15854876061762577,0
-0.8517245146213842,-0.5968182340554992,0
-0.8125116881131204,-0.28702059160742915,0
1.1335585006432805,0.06305659325308728,0
0.7548863165766774,0.15389592922651552,0
-0.743835864089832,-0.3559003149992363,0
-0.3035231338088749,4.547227598143129,1
-0.8842354858550463,1.117233525288869,1
-0.7729866340819018,-0.12603414940525096,1
-0.5084072716026409,0.47730867937117866,0
-0.6024000020674959,0.1540309404640065,0
1.2456742479562586,-0.08294298598364697,1
0.021995317765079653,1.6961626960152398,1
-0.5697708348353655,0.5099814373590035,0
-0.5488272661864642,-0.5704051708055985,0
-0.7916400153793549,1.1175311758425808,1
-0.6502020424187146,-0.15876268757318604,0
-0.7184265151949711,-0.063152918282926,0
0.3326014617175991,0.4428528903661995,1
-0.7749629938559147,-1.238810564602524,0
-0.6495675707547938,1.1190130463243906,1
0.33420286834193486,0.12927632891256666,0
-0.9611816654444937,-0.13931335258708014,0
-0.4409905020342699,0.7573154256006759,0
-0.031385015272506624,-0.9145095439736574,0
-1.0684619694724482,-2.555294382885592,0
2.701197381315685,0.22159573046569853,0
0.11720873144235337,-0.20750677283883917,0
-0.736450698131941,0.4945400508356803,0
0.06495651455032588,0.06972246167828954,0
-0.6035166418783232,1.2441188282067266,0
-0.8525328786292478,0.054587070656255,0
4.802184084497878,0.39393426382231556,1
-0.14781052336965467,-0.06175343936891469,0
-0.8157134629262374,-0.07013318903163189,0
-0.6845987359215019,-2.010197105552659,0
-0.6343224256201551,0.5790968429378044,0
-0.6946030372058268,1.7076720534199668,1
-0.6209746038075104,0.7502896467581376,1
0.4815847014380919,-0.0691879706523063,0
0.1268421452997601,-0.05042680436187464,1
0.3475440849072765,-0.29842336203561876,0
-0.4645452011576517,1.1676987184516952,1
-0.3408234410802111,0.17373113191821246,0
-0.014094904640759118,0.05924943287598654,0
-0.8189680503952882,-0.15368884724968582,0
2.1768839960853223,0.018869264162998788,0
1.1062208356062275,0.8507980784875352,1
-0.21439023503624888,0.9068805537096798,1
-0.176084898692725,0.0543349368998476,0
0.6719433245250275,-0.5341248593003052,0
-0.33767946285218164,-0.4531143096103358,0
-0.4702138733836487,0.22153532429623254,0
1.7152833285191023,-0.4845877582506256,0
-0.8548339309367686,0.12817627734658008,0
-0.7945425844053408,1.3871901968137632,1
-0.6847674221414917,-0.47010080988266584,0
-0.5918971369719346,0.19046454325469908,0
-0.7299252986979362,-0.21858630791328906,0
-0.09638118888044747,-0.231686765846687,0
0.8793971922764674,-0.8857958638871667,0
0.15141816349976897,-0.045726120161461284,0
2.3338429367747273,-0.5254472243598297,0
-0.40821698340019413,-2.137883820316429,0
0.9597371828618213,0.5368718055535756,1
1.1847726955309998,-0.13403997809294485,0
-0.8599812619383121,0.2052550296120082,0
1.791478553904732,-0.3261571138551014,0
-0.9038765100111535,-0.6400304793518196,0
0.805258010022688,-0.5826493484619074,0
-0.687787720772961,-0.0026600135945287874,0
0.7993323922074942,-0.1409670769857184,0
-0.3343829017230396,-0.070827412891764,0
-0.8444934792226042,-0.3635844426723906,0
-0.7354469009596131,1.1983890683775242,0
0.4550881304699442,0.007251558298194759,0
-0.9172039026012717,-0.9661121355897618,0
-0.44761757523930096,0.7770702003792416,1
-0.09123537277099933,-1.3768657192907545,0
-0.07095640690561512,-0.3106598138865545,0
0.26638678725279397,0.11314491970856941,0
1.471830486057321,-0.4079177652892436,0
-0.9021054147360535,-0.3221512929849784,0
3.5652867386210048,0.3706866389124109,1
0.03595540754191281,-0.5435691551390656,0
-0.8685456919301761,-0.12428139735357202,0
-0.32930737167771396,0.5238649211218053,0
-0.03727772029805979,-0.3216586973445214,0
2.6234515128480758,0.8896016002959733,1
-0.7496029647065194,1.1855478867754892,0
1.9379662179690107,-0.3770295255449286,0
-0.5471939785444528,0.5360352737868398,0
-0.8748759263230927,-0.09865148326437799,0
-0.8231183819939237,0.4384976098704906,0
-0.5169105014268808,0.5669945576010695,0
-0.8726925405980932,0.5670353205541331,1
-0.5374743745606829,0.11681501032719784,0
-0.09250315579315789,0.8281917145049462,1
0.47131563849737784,-0.5652170780986798,0
-0.21185110341435878,-0.45262079806251554,0
-0.4794743992026041,0.27008432111744257,0
-0.5265252851824453,0.45313141765737086,0
-0.8485818027827849,-0.5845650237834052,0
0.1549456867070417,-4.453308449929719,0
0.7474807718746262,-0.3272220891845346,0
0.24781069741164977,-0.10305388938891391,0
-0.7162339450278652,0.19817246499991883,0
-0.9260637837256668,-0.11615371739364716,0
-0.7695540191397687,-0.00985064222887797,0
1.8385361544364385,-0.5910952254551222,0
0.3222512027459589,1.5146832269473491,1
0.36156820791350663,-0.26952994144451203,0
-0.9697536790273728,-1.119084937464029,0
-0.8713574205616486,-0.22530647933321793,0
-0.680635310304252,0.4770670817860612,1
10.446923191447494,-0.4500989271368465,1
1.005184007765028,-0.6296198714532283,0
0.9020268193630163,1.5120431454539272,1
-0.7429507103712518,-0.47770391230032005,0
0.281951393800249,0.21727943709814215,0
-0.13478888354523832,0.2150375399718895,0
0.09188624650741854,0.8704743181914589,0
-0.8139114040617406,0.28497459010459053,0
-0.3601688590045554,-0.07930195298894249,0
-0.9099739410692386,-0.12518387171061685,0
-0.23842064920669429,-0.34882376627564465,0
-0.9628451738249063,-0.2929545759357321,0
0.07077569247584671,0.950934365536308,0
-0.8240247453139473,-0.37683959196159944,0
-0.09909352643684757,-0.7125735551900841,0
-0.9192899837174942,-0.17271428804708935,0
4.000586554908415,0.3722167925413123,1
-0.7043102907143416,0.5851085840217427,1
-0.7324418743520545,1.6718599281281334,0
0.33866618109472163,1.0851453050533582,0
-0.7479166915672609,-0.4203008090791648,0
-0.21655477246347463,-0.15915894830033858,0
-0.2784110365154135,0.7147807115434339,0
-0.5210097146398268,-0.30907082717966256,0
-0.8318233163891473,0.3075469605009649,0
-0.5300122397854039,-0.12987520226331936,0
-0.6328857085133698,-0.24653249801708477,0
0.353703464815294,0.06409328412889546,0
-0.7647133484577768,-0.09580929833535184,0
0.7248762518080503,0.6083459957114302,0
-0.9489821882586563,-0.2877791560490339,1
-0.10334201874059272,0.2381894033514849,0
-0.3488313514176117,-0.3421575950970822,0
-0.7545550291811733,0.7204925767315694,0
-0.8609824612260998,0.04554814692190782,0
0.07396401862211663,-0.9292329157686626,0
0.3394073728617708,0.14849990641738228,0
0.5130343223569521,-1.0564681658928294,0
-0.6843077338946505,-1.1677514207282076,0
1.1283902728707427,-0.15356386565689056,0
-0.7064856645044157,0.08568414628754543,0
2.4901909814903824,-1.0002927072047418,1
-0.6259410712937766,0.5296497416895155,0
-0.8123161914040705,0.5170943798583465,1
-0.9100576230906231,0.32108762018957604,0
-0.6960059103250653,-0.6759463834080217,0
-0.915212867825806,0.15204690887837682,0
-0.8386978570638499,0.0631923598911347,0
-0.73532190424828,-0.017804256928311342,0
2.3417461033466265,-0.12129508590611969,0
0.4076685413695955,0.3845161880879425,0
-0.47898051861527985,-0.012814904383640711,0
8.642000338406467,-0.4534507754293998,0
-0.4506028576810455,-0.3376686262974921,0
-0.7365962165019814,-0.10997318496606671,0
-0.13299718672245803,1.0863358307009836,1
0.43056023158946216,-0.3438963048936255,0
0.7933107010736491,-0.39840701929018263,0
0.4404121186807915,0.01771815427033188,0
-0.04651219764921266,4.126144592025751,1
-0.5066145556347575,0.6353397748573772,0
-0.20858430178002194,0.2731288545362227,0
-0.20159987259604187,0.6894311422805689,0
-0.7962562138829353,-0.2768813214412414,0
0.09884807780314223,0.2782366306350621,0
1.3356571957909136,0.2895013319275196,0
1.8826614135415827,0.25291030238105244,0
-0.9594239714977894,-1.4787298783755132,0
0.01621942949705215,1.2215731201983013,1
-0.7241042153741155,-0.5432391479294434,0
-0.7812211553308874,2.8950697835186325,1
-0.40208603414198857,-0.2641129139956979,0
0.5853794569552978,-0.13153262930031911,0
0.49892445662497564,-0.28833280060322053,0
0.4991277814665843,4.123023118779076,1
-0.185936859548694,-0.3023733538276414,0
-0.7359958572795019,-0.27626953953984024,1
-0.8342429822408953,1.0064871167556089,1
1.6309904900652021,-0.5259004019481632,0
-0.3415215051520072,0.9515416694985801,0
0.27105466963370345,-0.19664634005507692,0
-0.7986066295191432,-0.2886649237965992,0
-0.8972117912316605,-0.5690732886033458,0
2.8541521728192043,-0.00381998990157549,0
2.143830641768291,-0.49226257781205857,0
-0.5567314738011515,-0.26255761579402775,0
-0.2664386473596529,0.1756802698612829,0
3.196976256059573,2.0756395408762494,1
-0.38524221278078263,-0.8117019139729348,0
-0.78107180039873,1.0514984882161722,1
-0.8140488044187891,0.5136323291567271,0
-0.8847788771505005,0.11127354921254129,1
-0.6336676991677632,1.0583977350995941,0
0.1746277907021354,0.2186310607417693,1
-0.78783302732124,0.9134154015260597,1
-0.7419486323782706,-0.3291858953524447,0
-0.6250595330841967,0.4971169877975244,0
-0.42915104780902624,0.9079399061166938,0
-0.6974004975099058,-0.2517367988624147,0
-0.9747601792803764,-0.5422792133311585,1
-0.5949072623112297,-0.485477608326951,0
-0.5179769527510506,-0.9422733623367888,0
3.2102299939509886,-0.19618985178179865,0
-1.1597789169275479,-1.1897884751239032,0
-0.8259989527627167,2.442472505725826,1
-0.7163947597076937,-0.3888381683237239,0
-0.7756733113940443,-0.45624206101339554,0
-0.7712104114350772,0.5530202006588313,0
-0.6044910960266213,-0.41786586538188947,0
0.056074497938068416,-0.295869210353033,0
-0.8290241045550569,-0.9704565398458921,0
-0.6274129146502887,0.10034487437266779,0
-0.7679614362541287,0.9061295842219301,0
0.9597989732307216,-0.7121525119726174,0
-0.7294814764305639,0.10758328763772892,0
0.4360814455384329,0.39183662314296736,1
-0.7939138144303849,-0.04165776091782582,0
-0.30305385091724746,-0.39940941860254614,0
-0.6799361252262589,0.10639321884057429,0
-0.3803961746663317,0.26712619265359505,0
1.7745559832079012,-0.34947366927571527,0
-0.9022219214445174,-1.1970936528230673,0
-0.03859965047030648,1.229563165432177,1
-0.7421220955113271,-0.2951263398110907,0
-0.7565247855148393,0.15110733451196542,0
0.9003365955259862,-0.22336982129853628,0
-0.7587523118064702,0.6157939991590106,0
-0.8240024102655527,0.2379796354338982,0
0.3506363848020348,-0.10400735626505138,0
3.312004923890644,0.06878566422455723,0
-0.7622318653501753,0.27281825802359744,0
-0.29434775504338634,-0.48918484582894045,0
-0.854323857327415,-1.1642457375227675,0
0.5211928456700355,-0.5232696269387513,0
-0.7129141185527982,-0.2905321357641066,0
-0.3791415991753068,0.5646095719644738,0
1.6340928942928972,2.006402361526766,1
-0.47969395755691496,-0.6231821892490192,0
2.9103100203145056,-0.9554398919184307,0
0.36427707705535806,0.27627467572377046,0
0.5312126603742545,-0.1433196138088985,0
2.2669552126432,-0.25177397720539946,1
-0.49369301714341635,0.22575007380112594,1
5.113336441563642,0.7967909757805289,1
1.5762711212359222,0.32886225389145235,0
-0.8639029145566757,1.0247299931545364,0
-1.1852002607647962,-5.596289725354624,1
3.9989029248822523,-0.751650627594691,0
-1.0247311793562792,-1.6415680479390093,0
-0.5065141946748722,0.6120834300553673,0
-0.8630800089574127,-1.0713114269228514,0
0.8826316965845815,-0.3834381572270085,0
0.601794636829369,-0.26845018259954956,0
-0.8415832852474836,-1.1190805223269897,0
0.6638822160405655,-0.6898182031893233,0
-0.09240585506757154,1.5232689992525184,1
-0.6264081504858243,0.8267894734203254,0
0.18582521128582227,0.41200777076194117,0
-0.4125805376889638,-0.20225207972176518,0
-0.7326065563584485,-0.4123208606614204,0
0.15330390767838778,-0.6267349537862743,0
-0.6792631280388771,0.17452296924666336,0
-0.938256735881679,2.6657616899350294,1
-0.5511604749116203,0.6686392264834783,0
-0.8737751008884064,-0.8424342785495947,0
-0.6404299093757474,0.4446031872755808,0
-0.8301624630093822,-0.7682462376220792,0
-0.47684912767521376,-0.009958816385713038,0
-0.3461786588975273,-0.8110084206735242,0
-0.2641973954550009,0.2963916077038929,1
0.9905190197579035,-0.3551706856863677,0
-0.8249180337358628,-0.5565318583122945,0
-0.8465330145755519,-0.7651343558152808,0
-0.28990875477708244,0.9404639756176807,1
-0.9512384174960548,-1.5422068308104946,0
0.5837256716617302,0.4216858162631983,0
-0.9227132224262489,1.8981477914625826,1
-0.7149113215394147,-0.1499876155982177,0
0.5965307918017407,-0.6239726223534839,0
-0.08464795166117937,0.34073132469149237,0
-0.2447766078423019,0.7586950985413172,0
-0.9368697611274223,-1.4592971285194758,0
2.1004108769225907,1.5659651317594252,1
-0.12138955126602388,-0.32484188592394875,0
-0.36532842327359805,0.27256725585724856,0
-0.8346039428707068,-0.15411281859724663,0
-0.6523424979194408,0.3125836480921132,0
0.6706342276321369,0.253717678807306,0
-0.9528060231416153,-1.7238052156826411,0
-0.04351020268427004,-0.5640283718961201,0
-0.8679146178901517,-0.31446687720919464,0
-0.9137582386603345,0.457926924276907,0
0.12336525029605623,0.5461512392284328,0
-0.5627930708080668,0.8081264087177293,1
-0.778226624815028,-0.2362463703530947,0
3.0791173771392644,-0.6984642279586905,0
-1.0152534054238964,-4.5004673843753915,0
-0.4842019762819202,-0.41626195996747367,0
-0.8768194440845294,0.002521461397161061,0
-0.5000906410020548,-0.22646711033740044,0
0.025251173308158913,1.0023694517388184,1
-0.8809737503230303,0.13699571876182878,0
-0.8335587503672188,-0.5759541162551586,0
-1.0543422186325575,-1.220772176835489,0
-0.22828039404885228,-0.5409103868029626,0
-0.16199850132623017,-0.5082121411699689,0
-0.5857052366570965,-1.1556695568937532,0
0.8096178535927225,1.8655559934597887,1
-0.80020696348852,-0.8797573054896145,0
-0.8533284041735223,-0.5345115054055831,0
-0.8630489586132609,-0.7254531209805629,0
-0.5439478643729001,-0.7637691184194803,0
2.847204400675298,-0.08373410292965394,0
1.4314734336824582,-0.18273623898547584,1
12.348412001741147,-1.4039938742784746,1
-0.4933684072058569,-0.5056237626218237,0
-0.8792180906513807,1.1345078330287288,1
1.3248447326704935,0.5404621540231039,1
-0.024498429996341615,1.2355758265951444,1
0.15082351104915856,-0.1117374317433152,1
-0.17340624460161191,0.5525676003039391,0
-0.701594514137081,-0.3637251789089037,0
-0.622184181212454,-0.463256993644051,0
-0.1782664034617233,-0.6299592220840771,0
-0.18224862957245985,0.5650509579400477,1
-0.9442255476932299,-1.4735775345138025,0
0.20517939260554857,0.9009482068726538,1
0.320750789511633,-0.054794848821424665,1
2.886754300903206,-0.34541791459873233,0
0.6636301215510695,-0.6116223980387384,0
0.40035113030098207,0.10370752982257653,0
0.03237067609315306,-0.4469388167348195,0
-0.44799085018534024,0.13593080144424252,1
-0.898738420636905,-1.570506322300672,0
-0.4297455686983787,-0.617849137774469,0
-0.8434375313353765,-0.1332634581410919,0
0.9675274821400642,0.4338068499694779,0
0.10481777782931868,-0.42753826082266877,0
-0.8335702404693978,-0.07486515904688715,0
-0.05865267230008156,-0.2535245574232446,0
-0.2871697126188356,0.9747637613068203,1
-0.641070658101172,0.6911371419140373,0
-0.35525034240010883,-0.7649181047972903,0
-1.2374249436792848,-4.107317961600983,0
4.851037985144611,0.13714360983311122,0
-0.7638535155304526,-0.4930654660278861,0
-0.7303213134036993,-0.18388287411865573,0
-0.6694394329512429,-0.4602034794517345,0
0.5447237537747112,1.4519126046748227,1
-0.43741559062469726,1.6650698718192514,1
1.2806941289268208,1.4075902874126143,1
0.24027175462537084,0.45456042620312975,0
-0.7616304664355942,-0.2431061759966649,0
-0.8381246711005064,-0.4381934140730235,0
-0.1627708890897367,-0.07764050816407374,0
-0.7144634891478033,-0.09011088419936424,0
-0.9004134086045076,-0.7152371210343014,0
-0.7170370646880863,-0.8101530377580679,0
-0.7751781287646505,-1.1032248215650118,0
0.7227365367866104,-0.681218584828048,0
4.303210705840883,-0.10031513830726575,1
-0.8413900008593467,-0.007549120980260895,0
-0.5447003114841542,-0.2879154212944762,0
-0.7268348129393849,-0.0004894677016915307,0
-0.9330477595195812,-0.34560190312911077,0
-0.14755737663208546,0.11952107639586264,0
-0.5074310476664233,0.055824929894493336,0
-0.2344950408428899,0.1482466581653935,0
0.20186824081881238,0.20020854163674373,0
-0.5408912028590778,-0.3591775852738178,0
-0.8092363713623559,0.23023122968329882,0
1.1431510012678359,0.12141073448471024,1
0.5155472691153103,-1.3853063666910284,0
-0.030979473234202724,-0.2595677045115221,0
-0.7566211318555095,-1.1285282961950387,0
0.009119579874045141,0.10371081844986649,0
0.4911071094145328,-0.18544255009296845,0
-0.8118929397154708,0.14932554112349744,0
0.18504838839457946,0.539108640168042,0
1.0139033936514839,-0.5144360647348558,0
-0.6822307726762769,1.8110169489432988,1
-0.6071171018235967,-0.049450007391964305,0
-0.9017704065971593,-0.3928658835103768,0
0.08888572699333741,-0.15695957356241552,0
-0.6339741826002017,1.238410003205953,0
-0.8297627609304765,1.1172395409672156,1
0.5718890432790503,1.2719670839575223,1
-0.7774785449718926,0.35535632451676685,0
-0.7077747093397583,-0.28149861032458734,0
3.705743819923255,-0.059704219012104806,0
-0.14896682737018715,-0.20814443418350131,0
0.01699306921703104,-0.026285242449066076,0
1.1385870373388498,1.4817869357799645,1
3.416483032885411,0.31157363559390294,1
-0.833355589796802,0.5303531864118214,1
0.8931495471242209,0.18523727232530118,0
-0.6544624342793425,-0.09050928181647143,0
-0.6515100489124329,-0.08361561841609778,0
-0.2418469870542667,0.42184897026329643,0
-0.16085968685112692,1.1721311918452437,0
5.927784620565999,0.35943217755381773,1
-0.6227102634322982,-0.3342374826026028,0
0.5843886762498424,0.5550334521588978,0
-0.24327959363736726,-0.5160089506937983,0
-0.35522626144627406,0.031509863971118525,0
0.053097880833072694,0.37258888560105846,0
-0.5739215591345338,-0.5243608192875299,0
-0.658589773801156,-0.6335212740063332,0
0.22246346156270588,-0.6016540351281352,0
0.1763385846604047,-0.30224724132923514,0
-0.1585816204214845,0.8389715311246733,1
-0.8519972965269086,-0.07711257394370254,0
-0.8737304475395142,0.5831863093304915,0
-0.744558667298715,1.323198546866389,1
-0.12494239520628232,0.011994211589181548,0
-0.8648397085640642,0.5832261105278781,0
-0.7356217541926893,-0.03303322991656978,0
3.642449574614397,0.6827725821608333,1
-0.8159047293216866,-0.6799970330727265,0
0.031568029287999205,-0.5356651040751675,0
-0.9282782532949222,0.6075961315162511,1
-0.8937240200438629,0.06224178377449329,0
-0.237399249350173,-0.4202134901112856,0
-0.8631988164507733,-0.4669879931839832,0
-0.7012368807075838,0.24072794481363075,0
0.3460624589967634,-0.0916500815287617,0
0.5986343606403072,0.08048634373645312,1
-0.4469703183211636,-0.4308653683035611,0
-0.6631445094533724,-0.3502260309969604,0
-0.11465732326671099,-1.0324740634578036,0
-0.5563132035302714,0.40317088332718337,0
-0.6007435011957211,-0.1380685853796984,0
-0.1019677230979905,1.2895154163916964,0
-0.40701446321705315,0.3809833439354702,0
-0.35085514875995644,2.824412972045186,1
0.6424544644982484,-0.3464898629238555,0
0.05419519920815858,-0.4577324984357467,0
-0.5379211922301415,0.22590040771758327,0
-0.21353734461976562,-2.348028699988602,0
-0.7216712666005772,-0.6001280720265164,0
1.1810430943620323,-0.18907423543617452,0
-0.8499629967193549,-0.7296835213251203,0
-0.8970843256823631,1.548501801973243,1
3.8795749762718956,0.02904542645574307,0
-0.49881262717869607,0.6744323245230602,0
-0.6765280493049567,0.9156085181588226,0
-0.5967565839215774,1.2694657414418065,1
0.5130045985701928,-0.16411694598165427,0
4.086289567499677,1.1478836227781453,1
-0.3517596872088322,-0.030565421385222953,0
6.193101719098076,1.7906221118365222,1
-0.562713662197216,-0.5219917324283148,0
-0.7945508879636823,-0.04368073606611473,0
0.024328752324720385,1.0679710309983554,1
1.190687566938096,0.7160960317450676,1
-0.2885625789013143,-1.249851808442904,0
-1.134656379553784,-1.0061562496761012,0
-0.9052825763578665,-0.8444939041297883,0
0.013194494695810332,-0.5066403017445559,1
-0.20541180343983972,-0.5934210143692422,0
-0.40619195274078007,0.41095318462002217,1
-0.9182093646757234,0.3078867912802847,1
-0.8293256291107326,0.004848060986316903,0
0.3283373624898238,-0.11247855064516141,0
-1.7581481812530628,-6.9248057918437995,1
-0.6464912009939394,-0.10900037350663458,0
-0.21998403474058287,0.14795588512088076,0
-0.8355929677386724,1.251842331520045,0
0.4534939128074342,1.4632941824057597,1
-0.9127312688183391,-1.6025503352744057,0
-0.5022143485684887,-0.2723227624568568,0
-0.09891040078621986,-0.10182043413214777,1
0.0752988013967272,0.665461543453057,1
-0.08404998792442403,0.12741237271850014,0
-0.8610696583319721,0.7168068079315167,0
-1.032898749119184,-1.9719643470738295,0
-0.6701846369606267,-0.23570968613628598,0
-1.1186126573332864,-3.1515558161576083,0
0.06534085770772458,0.8401350590112573,1
-0.7501762070588542,-0.29095531670415115,0
-0.2756827981314602,0.7999876806616929,0
2.6133314579547684,0.32222751112762926,1
-0.9644914599249956,-1.4253101540462354,0
-0.7481834103881718,0.35274188938314194,1
-0.8278955349311163,-0.2911100743595482,1
0.18399507548293897,-0.24201714853678555,0
-0.869063574608905,-0.8071215519586254,0
-0.7511273074573414,-0.6042772907473097,0
-0.6890134003463201,-0.7191456760348743,0
-0.8016265357828536,0.8317529900556401,1
-0.7656256323967761,0.05596973795762748,0
2.7919208471723875,0.736968397333692,1
-0.648389094703392,0.11926684321235326,0
-0.8342308774955304,-0.05728907121136977,0
-0.5498097979448491,0.019334962076219653,0
-0.9362410467048629,-0.18317755610833325,0
-0.22107688016801594,-0.17766238649181382,0
1.6881932508442268,0.6737664805613096,1
24.02186398395135,-0.7367166877069979,1
-0.5919069596711204,0.21395156848887062,0
-0.736681871896533,0.442492020606505,0
-0.9080227230239954,1.9529899907373123,1
-0.9173144202093144,0.08674986872127205,1
-0.8810231909678781,-0.15784668252325257,0
-0.6344958940366737,2.0659905947893087,1
-0.6144342077819364,1.1122204070263615,0
-0.21118284588421876,-0.21051417217973423,0
-0.9350605957387877,-2.4291306409776516,0
-0.8547664203907603,0.47929404810819043,0
-0.32503641661867927,1.0938807848542786,0
-0.4174185179414312,-0.03755393671315542,0
0.6809454735555399,1.1900307114600153,1
1.6683396494075866,-0.4406434596347315,0
0.2296540687818042,0.3785935297150098,1
0.04896710426331571,-1.4034778755378687,0
-0.7927721454091398,-0.8529793666609817,0
-0.5417818070575773,-0.38038568144467333,0
1.3825019813177557,-0.9687741107417178,0
-0.8747484974517729,-0.9662391021571531,0
-0.38661185645789153,0.1996629849901689,0
2.0363064545627716,-0.38711146900756016,0
-0.8007137723636086,-0.3646462862391444,0
-0.24411704606092732,0.00821063765307734,0
-0.747831054852857,-0.15081927119697092,0
-0.8459121105616115,0.7469732948232173,0
-0.5182783137462987,0.6934942072586624,1
0.32128956300395684,0.445603839742095,0
-0.7964960420978354,0.7244930439843789,0
0.09349101390136696,-0.5238624341646405,0
-0.9132949585553055,-0.8957129135217482,0
-0.5516114679367663,0.03711650701083045,1
4.514041328368975,-0.24800218483400327,0
-0.410147398178678,0.10228218895430886,0
12.700394315323448,0.42598175513849207,1
1.6452888076005039,-2.726186955760231,0
0.08587919147664078,0.3927420658854563,0
0.014474299097923932,-0.37175357172977547,0
0.009506552820689731,-0.1856014309891124,0
0.9553660076262557,-0.007322525775900948,0
2.7611692349668693,-0.5014127102076147,0
0.057739795421862125,-2.286321214496752,0
0.010808687108818065,1.02639721904617,0
-0.6336646745501199,-0.16400761558412627,0
-0.7151540572180286,-0.0961813429814066,0
-0.5244513648630449,0.40091878475195364,0
0.45717090282072714,-0.22357128043612406,0
-0.820686040632919,-0.07681544679177647,0
3.277628527294241,-0.3678408972463244,0
-0.8174201195027618,-0.3473635898480129,0
-0.91992602812912,-0.414424626193112,0
-0.5449448934463405,-2.5916179009892053,0
0.452291016843248,0.24037361994294296,1
-0.8406652608393822,1.086035475425499,0
-0.1917652336567869,-0.732704707676427,0
-1.0035570819179263,-2.583852245155466,0
-0.7972273011991984,-0.3709396012512282,0
-0.8126421405207651,0.06356499829439899,0
-0.7677116008942153,0.22427369081280488,0
1.7119027842017902,0.4871195176750546,0
-0.24368673751866785,-0.40166320706634673,0
0.5363243987810635,0.12408208936310433,0
1.1474195400446614,0.33775571832066464,0
-0.6351734590611929,-0.04793131780756053,0
1.8888740936281978,0.8947511364363909,1
0.259725134622609,-0.2170331519717227,0
0.09472514230237546,0.14211684954061207,1
-0.27937087876847855,0.17083565341988918,0
-0.8742303655280276,0.49859186283208534,1
-0.23823362474472687,-0.37775048222307495,0
1.1428005994731103,1.0970846434715507,1
1.3893591509422931,0.632581335995645,1
-0.5731292217722006,0.15086958109815704,0
-0.6096925016147766,-0.21197890541089492,0
-0.4988416656469722,-1.3072377856403328,0
0.21615918074878088,1.7550450286737698,1
-0.7320477119887008,-0.23203860702057563,0
-0.7928864764696797,-0.6858790239238073,0
-0.8992432872433376,-0.7316833607164913,0
-0.8605591207270502,-0.16691474509522994,0
-0.7044324061012618,0.6461062347634983,0
-0.22275127868041728,0.5271422960414476,0
-0.6970801377674067,0.6550924811373178,0
-0.8698181386872899,-0.3318714413830416,0
-1.018668462172544,-1.6861713221452121,0
0.3066833121072892,0.3691696014927691,0
0.7334282065964356,0.2132637200991431,0
-0.5264970414031023,0.45189484216216985,0
-0.8668921220143089,-2.4491239120191364,1
4.452593172873208,-0.6093526090635035,1
0.1241706235745455,0.11454801352968261,0
0.2699990524657768,-0.45325453643765584,0
-0.33878814378826444,0.000751510428284814,0
1.234797253037368,-0.15693734743980473,0
-0.8464912595270487,0.9087336409861815,0
-0.481659159946705,0.4336628709845701,0
-0.5470831296833454,1.1128634504576678,0
-0.6395020328425804,0.3718123276367324,0
-0.41084564914754973,0.3467419200343695,0
-0.6685427629796693,-0.3477520394362752,0
0.24745453143174256,-0.4989405700827641,0
-0.810055738611683,0.3957710665990851,0
-0.9291046896495877,-0.27801944112782345,0
0.1827439418524625,-0.42587688022378795,0
0.1978065496697985,-0.3747663035704993,0
0.2098092850150156,0.9466851997758781,0
-0.2896960619450956,0.8779591740924507,0
-0.79649062645194,0.05020212275909094,0
-0.7370808661168594,0.8056791462244086,0
0.27812900020050474,0.10288789792313363,0
-0.5842293367783445,0.7796814910115938,0
0.7286841226549107,-0.5376298599311737,0
-0.5306904506669968,0.6839778922469071,0
0.4143283475269237,-0.4106642752359275,0
-0.7439774718477502,1.3040500539104691,0
-0.6459606646078573,2.0648315407170217,0
-0.21063286756539093,-0.2569725527435436,0
0.1765949381261938,2.082696129965314,1
0.07139841280153024,-0.7570021256413763,0
-0.6436920762004132,0.3468480957562242,0
-0.9140805434729309,-0.6866888232624202,0
0.6681157902107843,-0.03228870159373138,0
-0.5990264060205175,-0.3269202026260238,0
1.3340775286707294,-1.2094459829748716,0
-0.195398390677789,0.8782375455711976,1
0.40081298676718286,0.9720132248539644,0
-0.5779079238874373,0.3824197972893009,1
0.36352384658937037,-0.3079957563183348,0
-0.34633809742754684,-0.7433807480848097,0
-0.4506105129107249,-0.575039716939286,0
-0.06924957541817735,0.4003677614926041,0
1.7341950340437513,1.609245461104518,1
-0.2047802738125315,1.6477758170859707,1
-0.7835693100904898,0.25790578719875296,0
-0.8802839027745567,0.07363789801084909,0
-1.0744561577794773,-2.308685833812931,0
-0.6373906353221925,1.1113906583719757,1
0.7276933779726116,1.578772361745912,1
-0.5284103042668684,0.12970754517828098,0
-0.27296421289059986,-0.1358116539452218,0
4.01572860260495,-0.20064347501864202,1
-0.9455544422886771,-0.3785186869900045,0
-0.829457207069147,0.06228348196179957,1
-0.2648714736207952,-1.635346511356428,0
-0.8077428984397266,-0.8783729049502481,0
-0.45725621432204433,-0.1814891896952854,0
-0.13851035622005192,-0.1567177814265321,0
-0.7886134001682317,0.24756561874669988,0
-0.06257681154536923,1.2224310678214745,1
1.3532499924186847,0.08157077928646143,1
-0.31220793728297935,0.0937502710520776,0
-0.9801622243420354,-1.6701019396810382,0
-0.9013268829180863,-0.7964798212025294,0
-0.9240138724502182,-0.44137222506704704,0
-0.5585463854989295,0.9873013511338834,0
-0.45677080960720584,1.8433782618694743,0
-0.6095014572970598,-0.5565968105254543,0
-0.9473549789961105,1.7377585314822925,1
0.5116548123460979,-0.34060205404282845,0
-0.6068047930353638,0.22861830502753824,0
-0.6422922416591218,-0.3462872610985141,0
-0.850898275721285,0.014638767024853505,0
-0.3558622962586105,0.2357820019505029,0
-0.9415435644366548,-1.194886292401541,0
-0.60693623064297,-0.08505131081294175,0
-0.6688235466705716,-0.6083714383489761,0
-0.24234059864732208,0.44936279058780393,0
-0.47404094710519784,0.594000075969023,0
-0.8051189881010323,1.2733572435941303,1
-0.16567383620047405,-0.1667568947301329,0
0.17677985717338474,0.8602670219727975,0
-1.1731409443685226,-1.7271951569713195,0
-0.1405403537445866,-0.6214339890229246,0
-0.08822563772841181,-0.43777369859643184,0
-0.4701947965363245,-1.4548525376772332,0
-0.32480406572016945,-0.17283480450086725,0
-0.8435896025749621,1.362010783498869,1
0.9336797319617679,-0.5232304566010695,0
-0.851276921813604,-0.12540567338767564,0
-0.8266905784741001,0.16000774887728464,0
1.1064233847235505,1.5576494791028421,1
-0.791354571247722,-0.8910332372323821,0
-0.6760840509527645,-0.04855033346442648,0
-0.5029590694274694,0.19602476476352151,0
-0.922617367064765,-0.9470096415700155,0
-0.8316947763500113,-2.246509330874441,0
-0.08260273216067097,0.36961106765435786,0
-0.7242867079948208,-0.7527597655330958,0
-0.751137917920703,-0.07417977627049532,0
-0.20697585482673836,-0.6428893145699015,0
0.5880374563295883,-0.35027888804353824,0
-0.7846484751386322,-0.1576230542508877,0
-0.8582957574418134,-0.820881450801006,0
0.20947060639253243,-1.2936749192102683,0
-0.680896427587435,0.5427697484636137,0
-0.5677960335177767,1.3577679654221337,1
0.6494482959508368,-0.25936089410212004,0
-0.6109128280677695,-2.1310526450942175,0
-0.6769067918519147,0.2521427055679819,0
-0.5379010846287067,0.11036843489922302,0
-0.6183827853770257,-1.1184220062880454,0
-0.4597161105820256,1.321776424652612,0
-1.104862673248595,-1.9686161612424753,0
-0.6138738440380951,1.1622672120314836,1
-0.7081112253618633,0.1914703928421467,0
-0.7653036252579001,-2.8508295733426747,0
-0.38336228650843945,2.8387598860571144,1
0.28923147149373685,-0.23387499528471964,0
1.661881415734131,-0.7827431683307473,0
-0.006560220958705984,-0.3178783042631439,0
-0.29876039349840516,-0.017238970116442435,0
-0.18083423684797603,0.11086812367988494,0
-0.5350576975009962,0.7919594448094667,0
-0.7592881848869981,-0.602761006242171,0
-0.3904675497888438,0.4335468636757637,0
-1.0310264067389605,-0.60395728897377,0
2.6302739183545456,0.2360747356270107,0
-0.8085159060054969,1.272194549088602,0
-0.38085111415134426,-0.6390462556651941,0
-0.7240044799906242,-0.15357607436542792,0
1.759294481183811,0.11730351982711495,0
-0.5521926445747148,-1.1844544203252745,0
-0.8727314698132388,-0.1001289106929051,0
-0.6415111139976999,-0.5305997113063704,0
7.1788813415715556,0.04319203373354321,1
-0.1116031904580345,-2.975746881137048,1
-0.6314406741083347,0.7307750508627608,1
-0.15184031761186115,-0.14810137988872737,0
-0.8515220213136455,-1.3587372257661714,0
-0.684871840285268,0.21196318262988914,0
-0.09389260332428125,-0.314625189511218,0
3.29308129531088,-0.6407774325543573,1
0.6952137933457007,0.25210096991420383,0
-0.831102126266615,-1.3459388755367405,0
-0.40038247787448955,-0.054648614781128244,0
-0.2599497924752442,0.6947782588640607,1
0.4043543304517606,-0.005769758221044871,0
0.5637423537015802,1.4255109355005262,1
-0.3070569645312936,0.23714820167775408,1
-0.77600055518405,-0.08200243611886436,0
0.2768843650974188,0.12839341494142414,1
1.5169847523481825,-0.3580024893204223,0
-0.2976058725298875,1.3503840230073139,0
-0.8724328371357977,-0.295351170883238,0
0.7115580323220954,0.3129359457421944,0
-0.5702085993620133,0.3439593626700271,0
-0.814500477721465,0.6916297406717674,0
-0.8563492654422102,-0.17559437093084862,0
0.8322236925670431,-0.5192207147373488,0
-0.8340467697627658,-1.017063725206843,0
-0.5132758065316058,-0.4707417898600764,0
-0.6648418524022591,-0.7228836302986117,0
-0.08218672996630623,0.17114996625013545,0
-0.91912645227468,-1.0276922198957519,0
-0.8783080270251273,-0.2609641109351413,1
-0.42145375138641045,-0.9599706321118809,1
-0.9132653790141184,-0.6376207455993991,0
-0.7008629629094205,-1.420015947017007,0
-0.680170232567623,-0.5337302998294732,0
0.5024231588738485,-0.3669168859001465,0
-0.43178334623754827,0.1510357665056845,0
-0.6658304954061899,0.1024829437214531,1
-0.7767752289939985,-0.5527717327015192,1
-0.8012052641087728,-0.289602308008215,1
-0.5638380923731052,-0.4351769847242573,0
0.2615133475764781,0.1670853906925921,0
-0.8010037810593782,-0.17709325744343762,0
0.4361966075418156,-0.17378030191045413,0
1.143020217416019,3.244495392625307,1
0.2107908333937146,2.14324425044538,1
-0.8499235337057218,0.5940638395480304,0
0.401783597107593,-0.45600702833818607,0
-0.9753404525266484,-1.1239800381205962,0
-0.8187210953017837,0.7811571798804603,1
-0.7633739130254876,0.49667607577929995,0
0.6644944371489863,-0.23564885038916517,0
-0.6357188169681992,-0.1629418988713046,0
-0.42717898718799624,0.22374907027406324,0
-0.8381937143584468,-0.3740249451415031,0
0.12120441177414125,-0.0981553602203428,0
2.5718396958019087,1.281542969770198,1
-0.9685015047851707,-1.959540033558066,0
-0.6732422942324584,-1.7365898244997342,0
1.4501219175387807,-0.022852025400684928,0
-0.5031191512040123,0.5289804148932031,0
-0.12753261657823184,0.010197121554038326,0
-0.04200619910837189,0.24304440620776244,0
-0.9199474043702804,-1.169678415565109,0
-0.2541074086426298,0.6365865441859232,0
0.8539045400675807,-0.8463021438005887,1
-0.5195490625637463,0.5008835542471599,0
-0.1656887401351943,-0.11141824077807179,0
-0.19672211638732617,-0.23524995811253888,0
-0.5816038917641839,0.9050541351696524,1
-0.24392091064168905,-0.5026657640689648,0
-0.17625514584429025,-0.0613473584934894,1
-0.3550493212242974,0.5781133797867187,1
-0.9635351925048709,-1.097418617667783,0
-0.8154749565964674,-0.03399949428308314,0
-0.8283403641936598,0.12387518309002654,0
-0.39189167305854805,0.3131198235599361,0
-0.2814082401053132,0.29660008811635113,0
-0.6971443970042939,0.20897995728548652,0
-0.09154593144810572,-0.8098805659626922,0
-0.34231795837256473,-0.5524783687832361,0
-0.9231908514157732,0.4093820565537887,0
-0.7979700855158272,0.13190820073576937,0
-0.09651648871351225,-0.17066172548000189,0
-0.7387773835359652,-0.14676350178997846,0
0.578889288207086,-0.10086950349071047,0
-1.5843210986425005,-14.754225806102324,0
-0.5645868659523364,-0.6438057120121261,0
-0.82927346006693,-1.0326815645385563,0
0.380087511230639,1.093022752665982,1
1.0158747978681466,0.501683620978743,0
-0.8380953841594184,-0.17554620134818705,1
2.467313125831995,-0.3834905503220911,1
-0.7861900727686217,-0.015379428115733758,0
-0.8549755936910809,-0.256882713441608,0
-0.4447028668731386,0.8368934293413057,1
-0.45437044645332836,-1.500189271714003,0
-0.7491267582184723,0.7958194732888453,1
-0.8445822659507972,1.1743315620354544,1
1.3607554755600464,-0.08756541204290837,0
-0.6068268933026242,-0.5714167689782459,0
1.592161583743771,0.632395718300147,0
2.497321672691123,-0.9928913199545378,1
-0.971813031153008,-0.9759362883415478,0
-0.5935789780611368,0.03813188864833585,0
0.007489379461699202,0.7593229775148371,1
-0.4066798216307117,-0.19632342340663075,0
-0.2842109687272567,-1.638131377713447,0
-0.8125660861496962,1.1315245980873032,1
-0.8357108806354139,0.25154418656800764,1
1.0987948842204165,1.0201449385279961,1
-0.7966986160225918,-0.44608708848711554,0
-0.6580030387745293,-2.376082261198015,0
-0.12392089714809085,0.9622236866272591,1
-0.5854267786809026,1.0043205198399694,0
-0.8478372358086288,3.1391461675017833,0
-0.7132964031163435,-0.5164596703348733,0
0.694667227935593,0.316980420503254,0
-0.17171466387047626,-1.653507750159557,0
-0.774029726715879,0.27886457622781596,0
-0.900590999957283,0.002462718506595389,0
-0.6988625851448608,0.21056293234220771,0
-0.6402621901004292,0.18087079518427943,0
-0.8174634723033202,-0.5377171861311797,0
-0.5998126350791398,-0.11159951081713838,0
-0.6600474109413095,-0.1961093231639523,0
-0.835188995324566,1.5544387697826116,1
-0.7818118422137681,1.210634390356013,1
-0.05079776822475405,2.991721340518808,1
-0.6148110397611817,0.11502850162201364,0
-0.8983043674264317,-0.20161453683350117,0
0.296771464703686,0.7136280169250734,1
0.4490107160055578,-0.7270500567331866,0
-0.7852709749763824,-0.7754567552276852,0
-0.46190928375750223,-0.7630732719919198,0
-0.4943630063645071,0.40782442702458077,0
-0.48382313448121156,-0.7421824920303141,0
-0.8657044834020776,0.23379697382864698,0
-0.7481596300769763,-0.1829021777550809,1
-0.6190116411417446,-0.03356352143536249,0
-0.8059136836491383,-1.078843155254435,0
1.3617598983305377,-0.035793821244865284,0
0.4439983637370692,-0.1456432244723503,0
-0.630474413073779,0.6659985484444915,1
-0.41820615033835307,-1.916103451914208,0
-0.8455895175812936,0.664135726396069,0
-0.5635927791827243,-1.3917107490975795,0
-0.13601607389939088,-0.05949457360031079,0
0.39494950530822565,1.3780557623086567,1
0.4235769697272072,-0.045567461691926554,0
1.2971320167427773,0.7545211503536743,1
-0.8296965348603822,0.5482825085410832,1
-0.2935528701453376,-0.2617907248915108,0
-0.8386734041166639,-0.2399254330952352,0
-0.7443893375288924,0.0197001073278838,0
-0.5412634775092281,0.05000951091790259,0
-0.938576792878152,-2.119121016091697,0
0.04906545628667436,0.26817763447023546,0
-0.7628242432632785,-0.3170268542003418,0
0.8518654874291317,0.17445805856201196,0
-0.8081422912140356,-0.03101396575923831,0
-0.3867565762903929,-0.800730414413216,0
-0.5802980012910905,-0.5561278746572196,0
-0.3101132595549023,0.8851899234065272,1
-0.4119550407909616,-0.612840218625648,0
1.1172704125934412,0.2881889892313169,1
1.9023548439504927,-0.4980244939978853,0
0.9396451657135384,-0.20968173459445122,0
1.638018285601942,-0.702486678539104,0
-0.7283821851628914,0.4107558457842017,0
7.069592044110308,-0.8775329580311665,1
-0.8165303041075316,-0.08071787135087324,0
1.357550326758184,-0.44990870168702435,0
-0.17584934770314328,0.5453646808777404,0
-0.3572574711105085,0.6674820249943256,0
-0.7829245458755856,0.41801234639661755,0
-0.04566123917894591,-0.02015416604809079,0
-0.8802919140153417,0.6275907155208046,0
2.2371918528036217,-0.8124809186035971,0
-0.7376158623459491,0.3662656543872352,0
-0.33282711299680395,-0.033098163599335755,0
-0.9403137353168908,-0.5490986600120695,0
-0.23875895324145852,-0.6589112065409326,0
-0.4984423838913277,-0.29773516116965504,0
-0.7692889158776975,0.0423296293176217,0
-0.8181735068347866,0.20620304938353085,0
-0.9431625299767351,0.1398287506606863,0
-0.5369790769418709,-0.09724223095991882,0
-0.9684784145296754,1.062371783023706,0
1.7942672038313277,0.10490018918280271,0
1.4442784225738883,0.309640719595409,0
-0.5923399347620278,-0.0896143383308408,0
-0.09146838638039677,0.09289984672476337,0
-0.7791569135586807,0.41296187323101774,0
-0.22489811304025348,0.01000907110013854,0
-0.5326321884767203,-0.23726237823190519,0
-0.7997210883997727,0.36387059737967203,0
-0.393248596306831,0.5871796705686735,0
0.8558807291577493,0.8499564475961058,1
-0.6391404247786872,0.8739906477155863,0
-0.7317071209629171,-1.8086816106329997,0
-0.9960127981798763,1.7592956463764253,1
0.1531139521005572,0.17210789353890427,0
-0.3743644170957148,-0.6549436250015708,0
-0.40070360634439783,0.5090333536094437,0
-0.3727537998227872,0.6231321984634204,0
0.11443990700069945,-0.5016835500816798,0
-0.997455360230399,-1.1166129987918867,0
-0.48761831168216524,1.3705809856746578,1
6.0094523858145354,-0.38571748511605186,1
-0.020924461814986643,0.04972923896248106,0
2.449084351680051,-1.1813352377463218,1
2.6543528975488524,-0.4100730256732696,0
0.47528691924257205,-0.43614614924639683,1
-0.8833994879040454,-0.3605985158957551,0
-0.6307454508485154,-0.0695591802220959,0
-1.1992731667725605,-2.677106567707219,0
-1.0723703743984234,0.45622453579996736,1
-0.7851024331121385,0.07569915780217436,0
-0.8558482103317364,-1.2913744883503198,0
-0.7338499586560218,0.5081321178893295,0
-0.6722610562893202,0.8070466323632899,1
-0.08005565542311227,-0.6561238256679788,0
-0.7092311676387965,0.49880207437171675,1
0.08624556520981469,0.48504214733551815,1
0.1105800915219102,0.2632302359594521,0
-0.24358807792801757,-0.07758949769127226,1
-0.9232310869528476,-0.4736348924588953,0
-0.8784231322142244,0.3216550856982263,0
-0.7918091425480789,0.31345224064370597,0
0.3073881336642356,0.03419912416215416,0
-0.7512634699599423,0.27272492286462097,0
-0.3964188501792867,0.3064183655477388,0
-0.6923380225988357,0.2912007701572916,1
0.6589629382001772,0.6168466627818268,0
-0.2757246913940259,-0.2610707607135249,0
1.2414795626172739,-0.7763595135065668,0
-0.35665427455531246,-0.2341734393093043,0
1.4089397391314438,2.0260239575033467,1
3.364054705452054,-0.7089548355162545,0
1.0938651669099297,0.9237281322611736,0
-0.2971708136946982,0.07969183061458725,0
-0.2611388284448608,-0.3712522790641601,0
-0.7994570066221989,-1.1003296539161334,0
-0.6276994511176182,-0.7907520170839871,0
-0.9167672981346813,-0.11996983922675708,0
-0.8263548097344797,0.5599650665573793,0
-0.5504473003102069,-1.5505942039857257,0
2.403364987138215,-0.4550780228910637,0
-0.8475239160128161,-0.16457163659488597,0
4.483955320851149,0.8546880520392708,0
-0.8054989752228533,0.3346565015278599,1
0.35696415513861096,-0.07840279351179173,0
-1.071546049991511,-3.1256622983662914,0
0.9648985466976623,-0.02076405793319711,0
-0.1565573164597438,0.16952855826321875,0
0.3539424274185506,-0.5855607399361694,0
-0.2075237211993418,0.45770505672511647,1
-0.29080669945354004,0.4265899407019204,1
-0.2254409528313338,1.2509454643792441,1
-0.43507800870905683,0.17113263540316845,0
0.28877604948061697,-0.33348456372777396,0
-0.2154008043451591,0.7975928069898282,1
2.9016247932600243,-0.2140755181099863,0
-0.6905804779913038,-0.27271624018617185,0
-0.32135674427432964,0.6767264569978584,0
-0.6420315501906212,2.069207421613971,1
0.07451101509765974,0.33803187777877075,0
-0.6799949854844158,0.4759138571807307,0
-1.2286620796058596,-2.907896994711999,0
-0.8320751296040501,-0.1794671456576818,0
-0.8493047324866316,-0.27823670910475456,0
-0.7250128890279796,0.5460426165934635,0
-0.679433766354044,0.6010512007254594,1
-0.05288924276247224,0.5699597300310458,0
-0.1746015554482608,-0.3604394673660363,0
1.0301110757028722,0.2153023039490277,0
-0.5851318416991388,0.5374763503932372,0
-0.7240469745518888,0.6216297545896439,1
0.18616253572210328,-0.5062899022982188,0
-0.6483484722509992,-0.09008242630184335,0
-0.8781236125752471,-0.44663731844927934,0
-0.24306035160757006,0.10092199183437887,0
-0.8735158103975413,-0.18993827860561685,0
-0.8250860931600343,1.5950199992321257,0
3.2613739719953747,-1.085754004456094,0
0.6489464940289513,0.13309759396748866,0
-0.5533867132661136,0.9177453081929555,1
-0.14521433226731265,0.0280293522821718,1
-0.7477291327815013,-0.5309830707738579,0
0.47146897941859245,0.76983010195868,1
0.2732587811812529,0.2545775645356588,0
-0.016654119325927,-0.4113809458288548,0
-0.6631775177477258,0.5733126506039211,1
0.021817669176095913,-0.5747237895772166,0
-0.8478668629930894,0.5010270411283483,0
0.30742470913224,0.3255286635101617,0
-0.1163522670143538,0.04961088175966625,0
-0.8330964158028836,0.832840223745938,0
-0.6876882874682445,0.5639382425035648,1
0.061305631603855416,-0.4257264463535265,0
-0.8372770287011948,-0.03914255586345432,0
-0.8654667610559266,-0.4212593953678689,0
0.7164576468555189,-0.26037138894555584,0
-0.10178352619050522,-1.1396956433595646,0
-0.6202224281962851,0.10024657376558258,0
0.5025833515133864,0.4446440975144311,0
0.3847375737718854,0.23164295244434388,0
0.16660160244047614,1.6365587296406345,1
-1.166948241858389,-3.3477544738370604,0
-0.7895229604612688,0.33125068435663746,1
0.35479330040532214,-0.7607609844792796,0
0.4339261331305036,-0.24309843055723507,0
6.347788110444044,-0.8558824662775398,0
-1.0217629917348134,-4.082218424426785,0
0.5871151763775134,-0.19601368896725294,0
-0.38652310483863805,0.7181350427853184,1
-0.48912726810612733,0.009563968576070548,0
0.4286363469318015,-0.6150913815109542,0
-0.6233772466956248,-0.22397196441932365,0
-0.6049745185033466,-1.1228421146809335,0
-0.9114600071059581,-1.3460984439077757,0
-0.677069862447237,-0.05585919869765849,0
-0.8643987981478672,2.2379262521515355,1
-0.3927417822473324,0.0615691744230443,0
0.03151585616424811,-0.3282319543528685,0
-0.7147862342755429,-0.530051414275278,0
15.278226751184944,-0.7142629958105078,1
-0.04879936647873476,-0.28236728094477065,0
0.3849959919447327,1.4146708440257185,1
-0.38497037404217876,0.5065007805725278,0
-0.7529956728729419,0.3248159321051441,1
-0.34816682895601136,-0.06250518470709551,0
1.2690887939357713,-0.3269440734543175,0
-0.702086593069552,0.46669275366879254,1
0.22650891503980114,0.15795786065810263,1
0.9506252033758118,1.2017650425755948,1
3.4887528531054732,-0.1339755482400896,0
-0.19267652209518998,-0.2647201644730554,0
-0.08597213059183707,1.2446307416294367,1
-0.7986094727565197,0.718503659899591,0
-0.6245124917466242,-0.034750389018486316,0
-0.9247840330939098,-0.5763310310555653,0
-0.8877417067138957,0.7850182705993723,1
-0.6085349264790955,-0.19568568257262517,1
-0.22616655923390633,-0.3000795698862221,0
-0.6286468472288007,-0.4228035124930264,1
8.309313920613763,-0.8851731004338055,0
-0.7150453111533063,0.08278711846231977,0
2.2251913063986857,-0.2929907509833506,0
2.580574233854523,-0.26791552738984536,0
-0.5421713570109622,2.2514977079617577,1
1.7475274593667465,-1.1117065860095758,0
0.8154134074045897,1.0477142826820602,0
-0.8258644686790511,-0.11932365756924175,0
-0.3161472933784624,-0.11872485287767105,0
-0.8715905537416087,-0.25738988728961665,0
-0.5828123762088174,0.13645443485716247,0
-0.22684399248392748,2.943984083849568,1
-0.5404166863823798,0.14445403062999781,0
-0.17932061692137818,0.11268053985963339,0
1.8776270948818223,0.5930274959100413,1
0.09944381149918115,-0.14846793350622883,1
1.6505191506855204,-0.05034001558020409,1
-0.481838119212875,-4.07157679976225,0
-0.7784834324937747,-0.1469274587066883,0
0.13358659096049813,-0.3508340014261408,0
-0.7217949531856821,-0.1954652177710362,0
-0.6323955562367375,-0.36220720619502444,0
-0.15982839311140432,-0.3313827281658644,0
-0.11503872190059661,0.8084667672250413,1
4.315215853550571,0.427635131488553,1
-0.8279982329950286,-0.2929808222916449,0
-0.12252878523368341,-0.3082856503777872,0
2.0119884344356374,0.82945797256397,1
-0.6864393180758788,0.9470987187656335,0
-0.7404779907551579,0.33767382026101433,1
-0.8361187311214355,-0.05493109969086257,0
-1.1219615222121981,-3.0546165802078926,0
-0.7671508375464089,-0.3879626967842433,0
-0.419911573757431,-0.01266074485558978,0
0.37419200768494953,-1.9441511465366592,0
-0.23655434045975196,-0.42203166775199324,0
-0.7639275755196092,-0.31325116967035177,0
0.4328664737248544,-0.3002901114304584,0
-0.5109304736627192,1.711926749506273,1
-0.6210240986400967,1.0881227925554953,1
0.5953461769721762,-0.49123967096911636,0
0.9063396213465682,0.018846899852401264,0
-0.34234413267806735,-1.2380956141571973,0
-0.25445949861210776,1.9524898369398977,1
2.5610274766232632,-0.6073080981201874,0
-0.6777726242415468,0.6608086357011446,0
-0.6551566666101251,-1.1629719999176698,1
-0.30651008968548166,0.2528873829884435,0
0.83582137190835,0.015310056107081287,0
-0.6908929439864314,0.08593726172158875,0
7.844311340337587,-0.7345763986593347,1
-0.8187701930853852,0.15967550307931339,0
-1.0386527640289236,-2.427835674666295,0
-0.8333702108002393,-0.9347580824109909,0
-0.4897685846733439,0.777522192322486,1
-0.1698864485966339,-0.06697733780839613,0
-0.18169000992394135,0.36769368190931856,1
-0.5708542149152316,-0.32233568692589926,0
-1.0330267923525338,-3.331565667295904,0
-0.7235086491936131,-0.6074672376387343,0
-0.22969960653846572,0.9973644513454168,0
-0.5503868032885073,0.6335368526418127,0
2.0756602212186768,-1.0815476910051374,0
-0.18398875671759302,-0.3716047730981609,0
-0.8119659566489446,-0.5645398569447754,1
-0.7494714969308682,0.00694176893097355,0
-0.489203231269129,-3.1187080215100353,0
-0.18399441694727692,0.7673748116931681,1
-0.4124602303233392,3.5853802150354417,1
-0.8062970171021789,-0.14710405886837202,0
-0.9973106922869399,-0.21138817222280257,0
-0.6761685797070817,-0.27364991082302054,0
-0.3366638412184658,0.12432787657971604,0
-0.5891345442984472,0.020307818358814792,0
-0.7160373939590327,0.38314432916824837,0
-0.20015235565511993,-0.11337023218207237,0
-0.9319794920729958,-0.7707591546143101,0
0.18424971985326405,-0.049652874445633356,0
-0.9366259428716883,-0.3335627993622224,1
-0.7997255514051193,0.3175717158478776,1
-0.5940750108664629,0.1922740712080002,0
-0.11671344470187316,-0.5084471282900259,0
-0.8326399959328751,-0.6835129537359081,0
-0.7686833453783021,0.5739445797389703,0
-0.3117935370961202,-0.35972694632136787,0
-0.33354403732956933,1.300621151666157,1
-0.6706126274992444,-0.16193886555996215,0
-0.7561816642850148,0.06416884940722803,0
-0.7241258164465645,1.0593002597850854,1
-0.6529777034218942,-1.1664807276115068,0
-0.7471195799553125,0.6891435424369127,1
-0.6686478317818149,-0.3666714105944734,0
-0.10494096265151533,0.6727919629266577,0
-0.9977263577487598,-1.2419959646201417,0
-0.94302236508106,-0.4315937277247728,0
2.3758378292827307,0.6510130019714789,1
0.8507399010238449,-0.5090141385073645,0
2.5900291866836294,0.47375587521179985,0
-0.7405904314187496,2.4177966226694103,1
-0.12837506111159036,0.5957651904359256,0
-0.5369168940098744,1.667691785249337,0
-0.689897794039796,-0.05162060080752651,0
-0.2804825876400826,0.010828997652442402,0
-0.8712507701575442,-0.3116592854707141,0
0.0954056204131392,-0.08957982888227438,0
-0.3237951412331107,-0.3201281433210455,0
0.01278786530378488,2.063137022044827,1
-0.7906417531795857,0.30831067327073225,0
-0.8107889762703726,-0.15953855978066703,1
1.3224904743819255,0.08584786620352983,0
-0.16496232115497172,0.4990279817056461,1
-0.5510196979733799,0.6749981256726241,0
-0.3973218570422957,1.0910588974226374,0
0.8210218298686017,-0.4367480289601379,0
-0.2538317688829591,0.4406816859462634,0
0.579980340874904,-0.3352693840195315,0
-0.13724560921690646,-0.175742640852895,0
1.3994812983928615,-0.06689695139767095,0
-0.3712639839710065,0.3176667527830478,0
-0.20037821896683072,-0.044505011141737896,0
-0.41287307902223785,0.2548017644835606,0
-0.4275777147843919,0.4548673555416115,0
0.7808067607342624,0.5154957946484283,0
0.2695543223132681,3.543535219932335,1
-1.1282838817092484,-1.6247414004144018,1
-0.45503037705101246,-0.4052847346265499,0
8.869836914909275,-0.4602921770800323,1
0.07864827323974277,0.16835592837698107,0
-0.6886530560016163,0.007252133171609142,0
-0.1997056849196936,0.4616534765470913,1
1.5090709320113114,0.6039727956891747,1
-0.518939919642168,-0.41757021107063425,0
-0.924214070062099,-2.0935775810314783,0
-0.19201424728749406,0.21929162211255623,1
-0.4815278581902475,-0.3337547687970336,0
-0.7808279366902292,-0.327705178021943,0
-0.11447616088139828,-0.5622854929936435,0
-0.23711833377759436,1.207410697183819,0
0.9252895562442339,-0.19178729780643017,0
-0.8640475811659938,0.027356687570028716,0
-0.6449201609756059,-0.0836062784377833,1
0.5756849866866122,0.228837887120093,1
-0.8403055018938512,-0.003133647334198483,0
0.3331271673575042,-0.4286933340453253,0
0.39742797917760403,1.536620088837583,1
2.1081106481296588,0.1864114927293065,1
0.7765180654234399,-0.20670312858906487,0
-0.7920587966683859,-0.13882060646314415,0
-0.8682465253201717,-0.3499021005883252,0
-0.1960868803091091,0.3583959450548693,1
-0.7136620427918543,0.45506749094689897,0
-0.5381780223370952,0.6518051770942127,1
-0.38064549388175256,0.14184574528385502,1
-0.8487483063054139,-0.5997275733288489,0
1.274952327593437,-0.5369037823507078,0
-0.874813175563041,-1.5329046629614764,0
-0.723200358197837,0.4030321012527247,0
-0.30743371961354643,-0.25979966957035255,0
-0.7172970002499504,-0.7425347943769528,0
-0.2008269176436145,-0.31798928947275884,0
-0.20291391426191668,0.5988246637196913,0
0.41207453000962424,-0.2531549503319143,0
-0.5863952826541472,-0.21694773453415034,0
1.4125834852040038,-0.10727722046291559,0
-0.04124647199078914,0.042229741464391145,1
-0.5271700650196706,1.8002283714354348,1
-0.7910477227012988,0.06402157766751834,0
-0.591731987312514,0.1792263776987305,0
0.43207250538481984,0.3123932260561481,0
-0.46047932474613584,-0.4665428844798284,0
-0.10128351935232241,-0.5613948510958736,0
-0.8119933435840067,-0.10038233603962926,0
-0.6248672340035643,0.6224081716451803,0
-0.5166780464127845,0.28049634950449565,0
-0.5745778799133202,0.8248640363115439,1
-0.8022298898654608,-1.5714137940297292,0
2.6221958301655044,0.22795892696106504,0
-0.37374343619445555,-0.027224368775685816,0
-0.34742628464684966,-0.6363656571669477,0
-0.9796157669904988,1.27527346403474,1
-0.5391628660947787,-0.4187904256333915,0
1.4890161074054749,-0.10482613303489437,0
-0.6609319347230039,0.02817947458161658,0
-0.6432205236094211,-0.1340107696607894,0
-0.6846839165981332,0.013421778158774522,0
2.4067391295732437,-0.8179850156988061,0
0.8031885226276863,-1.9639367517441895,0
-1.1207820559966577,-2.6274000609069468,0
-0.43794706756473767,0.5508792276359173,0
-0.8194368220423234,-0.3080358219222219,0
-0.6577250538663105,-0.9640061267204968,0
1.3774941423822245,-0.5251498717439996,0
-0.8754206792046114,0.12583143733967297,0
-0.7067530204622969,-0.3917940935413244,0
-0.7846781445370922,-0.5290180224614918,0
0.6927268013430713,-1.019905217136802,0
-0.0009051756432247923,0.19134774856892428,0
-0.6558837372016295,0.3845426865223509,0
-0.8736008504143571,0.3570923602728158,0
0.18406656335501273,-1.9212500395170866,0
-0.8955138833508117,1.780223333180821,1
-0.48445775276141245,-1.8253471435821074,0
-0.5796714316609588,-0.2887005996647121,0
-0.4693222667229659,-0.2642649532640658,0
-0.6941385394332604,0.29058229343954994,0
-0.510978015189141,0.07154029143997886,0
0.717245240779361,-0.9946329458029955,0
-0.11649857004245083,-0.2246575955703755,0
0.7678038389899126,0.4326377187963498,0
-0.7118462172855144,-2.543620239832924,0
3.066221924633339,-0.3324677483991652,0
-0.4640106470291084,-0.23250416862537307,0
-0.27470638597050434,1.1213910555644657,0
-0.717921825123345,0.4316733468601618,0
-0.33268839941281697,0.6090944440791318,0
1.882472761136189,1.7820474824021715,1
1.3677047964222147,0.9150358289228107,1
1.1128042023439695,0.2154266275924801,0
-0.49933579359065333,1.3216314113133625,0
-0.8402009155731519,-0.10245087963066131,0
-0.5539627621565482,-2.306747377570253,0
-0.22459911780854033,0.4526897505175582,0
-0.452711475931526,-0.5337155749040082,0
-0.8388768122653145,-0.591142859720451,0
-0.42910535074097256,0.8643311611779317,1
0.35675983696295754,-1.0804077432266512,1
-0.4531200443622356,0.1634548138510264,0
0.3834271886938428,-0.3304524516203907,0
-0.5121509668781352,-0.3327803077552878,0
-0.5076407051853726,0.6953739726712692,0
-0.7978810415507255,-0.3195625829234816,0
1.478591300129626,0.41845583139403847,1
-0.825334282324119,-0.3691135582833239,0
-0.23135525355612693,-0.2980938779880157,0
-0.5623655777614385,0.22394607949786188,0
-0.5491775029969673,-0.18310270557878514,0
-0.07720072366226673,0.07573840472922314,0
-0.8835656748996481,0.014632042154125615,0
-0.5785408570328618,-0.5855660692076923,0
-0.20287705095621633,2.4873512046752415,1
1.204826105543477,3.3010363824898743,1
-0.8519650422378136,0.7639835422613969,0
-0.3139993198461015,0.33231216344526276,0
-0.6533177688179113,-0.37580754516641673,0
0.7402668167403189,-2.135214218892972,0
0.382821223627282,0.38014986932729505,1
0.9450817522953723,0.4814769229467334,0
-0.6694950519707069,0.1610014231547099,0
-0.382097900221888,-4.27537670732409,0
2.1097759892586674,1.8263294353998245,1
-0.4312916835697653,-0.38805435251875553,0
-0.7253484602870226,-0.13168300141871878,0
-0.7163605148200358,0.36344194314294215,0
-0.8890749095205712,0.939057793137279,0
-0.8637242594747123,0.1343336571529861,1
0.9408472215560459,-1.3990131925588467,0
-0.3714088581882723,-0.2326253578255031,0
0.09192700415563991,-1.0261535027413469,0
-0.7231615852309812,-0.0568919383326552,0
-0.8594850218430282,0.4666152291632148,0
-0.7478746580234666,-1.0937853082948852,0
0.5286228908077873,-0.035795349956636954,0
2.0892560969041543,-0.13865152057311744,0
-0.890610085103484,-0.17110804419768066,0
-0.8908142959454324,-0.48719249844150764,0
-0.6479163651351011,2.531133103869305,1
-0.026427858351042628,0.31935856603105994,0
0.9943446591297779,-0.5294047994511434,0
-0.6505031386372253,-0.566315538718129,0
0.5977178348443266,-0.20372226498000207,0
-0.4810324009853141,0.2561771945018388,0
1.3225006454264645,0.5165291673217126,1
-0.7061865670275319,1.9282015617333788,0
1.7415055180938246,-0.3093605781763641,1
-0.5979795007206115,1.051661559958345,0
-0.5859253125471341,-0.38838610335637597,0
-0.7898446243837239,1.0381242808521967,1
-0.8674653864247235,0.20006190100696278,0
-0.80680103691464,0.5697816334372736,1
-0.6645324252815934,2.682357113614738,1
0.45932384677400023,-0.03033582412742832,0
-0.7803877314337131,-1.126842747318109,0
2.282688666227043,-0.06534114593902327,0
-0.6889239537133223,-0.4697551344107672,1
0.6976532648841942,-0.9672431440300592,0
0.6616592091960586,-0.21200710285130797,0
0.6329727599216093,-0.5079055064511231,0
1.3443105291088815,1.0539508743867299,1
-0.11996268229693752,-0.14230056623514148,0
2.388079215862107,-0.6577288143526782,0
-0.7703569960234797,0.5523327691711519,1
-0.43761624132604576,0.31699425978139184,0
-0.7785406987343304,-1.2511658188713382,0
-0.8604647212564853,0.37170306450903084,0
-0.48283459361098974,0.629020388378895,1
-0.7319050373436125,0.17098539854373213,0
6.413412031864008,-0.8970238820615557,0
-0.42754890804643814,0.025866208328190674,0
-0.07750985315941562,0.26021134972005083,0
-0.2238066845177863,-0.42603490953914264,0
-0.8081749864644899,0.6062596974411402,0
-0.07756705787294185,0.17450143677026908,1
-0.5043891435208893,-0.8828396563598473,0
-0.5433961781573429,2.3752892251784328,1
2.4131039427073295,-0.2506657218030907,1
-0.365907403371096,1.3152879791379941,0
-0.7070559613272871,-0.13385607801812577,0
0.05827991977129469,0.5886379089355906,1
-0.3938924278240444,-0.19941085331676073,0
-0.8160108585099504,-0.39432546518319067,0
-0.4380362397057761,-0.1697486579948696,0
1.258353774263613,-0.37760270234448196,0
-0.4096858702022789,0.5402252109466213,0
-0.6080315298060669,-0.020037522855580428,0
-0.5665182902139662,0.11569923159320436,0
1.264928969437009,-0.25096701693216666,0
-0.8688953100191485,-0.8060264476035438,0
-0.6584545329340533,-0.33278605263557304,0
0.42110204031913995,0.02710675471454499,0
0.25343865411260996,-0.21044689917108153,0
1.7622566881424633,-0.07994018106373336,0
-0.7045301397174496,-0.5245864153079712,0
-0.8090631728977887,-0.3491671257030539,0
-0.923399273189819,-0.8836705837556211,0
4.112602733249717,-1.8702655690743841,1
-0.6224906030025876,-0.06316012905110693,0
-0.7537259734391133,1.4889837718325412,1
0.3628325542438714,1.3401166435570246,1
-0.9828639206660102,-0.5197498407148899,0
-0.9090822902576584,1.2791689437533171,1
0.1529545482951168,-0.6706338514647944,0
-0.5002493669349224,0.23498714326921039,0
1.3895873960362266,1.1833248350195678,1
-0.08348459223330093,0.33043527952365925,0
-0.8021191198981574,0.1887818335484461,0
-0.9986873228253457,-0.5922841831620761,1
-0.6688653445374975,0.16516795096712983,1
-0.48742545252102615,0.19115212943910156,0
-0.4085850249253864,-0.21100892415325975,0
-0.6765351021798242,-0.12145591314957631,0
0.4496104626460592,-0.09830675888004833,1
1.4292315445222803,0.0057754735489529505,0
14.079316940106379,-0.24246480673288462,1
-0.793262700038354,-0.0015807371552406246,0
-0.7262210923557834,0.9218885254091727,1
-0.6554045796850002,-1.4186411063270365,0
-0.7237573426389915,0.529621431801087,0
-0.7611452897027369,1.272724871416499,1
-0.2972034772121657,0.11581442727781845,0
0.3007061172631662,1.0159373979015678,1
-1.1395787255212424,-2.668069061506469,0
-0.8291905540087913,1.0502556015246924,0
-0.5278722271112269,-0.261952180665865,0
-0.7650659542392474,-0.4065070537759455,0
-0.5443043019608075,-0.428553104160848,1
-0.7241479801266104,0.7648427961003065,1
-0.641663372613317,1.1317157197592478,0
2.977299880513902,0.2533327612472835,0
-0.7856608303037041,-0.9645198923449663,0
-1.066180712170001,-3.1247639242439726,0
-0.8268982591212877,0.4030161297294313,1
-0.7149997854551248,0.17141078715786712,0
-0.8530038180862973,1.071134039697091,0
-0.6275223961656677,-1.0756858550159905,0
-0.3515931060574967,0.9167516980222457,1
-0.46285369592492,-0.36876093772155194,0
-0.8042990809175189,-0.10151821728628542,0
0.26297659718323846,-0.9127126422444612,0
-0.529908530623374,-0.31949157703541553,0
4.498726157742026,0.0027154134480746844,0
-0.8686851368616326,0.6817807125759204,0
3.7499530969963666,-0.22512173282104497,0
-0.4718567679213744,-0.07979417048257811,0
-0.7636084311757751,-0.6094599130326681,0
-0.8562200739818283,0.6511614789856568,0
-0.7534334773911137,-0.3747577824672303,0
-0.8387247598169192,-0.8036600469475504,0
2.4474281008443697,1.4092070279870355,1
0.5261308595664749,0.15058843608587366,0
-0.6224441003829988,-1.8610754396644356,0
-0.6780105732158922,0.3118278612723814,0
-0.78563262390575,1.2636114314809639,0
-0.43037497862078616,0.7498765618853108,1
-0.5986233621480159,-0.32123350181049054,0
-0.8552258872700217,-0.5385442140779771,0
1.081578178402238,0.15337202737843292,0
-1.0385206937584728,-1.5272094171348527,1
-0.7616676761887017,-0.5012664400917817,0
-0.805889292102802,0.19914966905287151,0
-0.8264568563381655,-2.0246523411085344,0
1.3834694142294062,1.005390203354433,0
0.8685776846749476,-0.7199701152917155,1
-0.6193033944575207,0.12986434685986142,0
-0.8324313444649494,-0.22539176692408422,0
0.9004251284404258,0.2713947545020319,1
-0.49994575630597204,0.5254327299534801,1
-0.31090610874243874,0.10557461414211312,0
-0.8294679425696121,0.0008320175419847409,0
0.14861930143520263,-0.08538341369887535,0
-0.8352710107698141,0.5341481670388589,0
-0.20164198876620118,0.36365152169088905,0
-0.6531624922058173,0.02183664863303365,0
0.07582522058695523,0.9629326783497287,1
-0.7777635127676098,0.2625148102284036,0
1.1758483182039556,-0.19499960963045132,0
2.003500866152541,-0.5848750759899953,1
-0.7320976627208771,-0.018519219045575016,0
1.9569768051036278,0.71766770593268,0
3.3589131617430383,-0.2692588858754677,0
0.14689192773763757,-0.6638181992433825,0
-0.325525351866315,0.30421245594508034,1
0.21140065459094348,0.413671920126443,0
-0.5907975622118408,-0.41153248932399006,0
0.959903217147629,0.7815783018142846,1
-1.0070017392812358,-2.2555752499263364,0
-0.8153972558257723,-0.5780069861240481,0
-0.20507889934792442,0.1773737918345027,0
0.5677820212312882,-0.5545314213839747,0
-0.7602784019833517,-0.6647418425315197,0
-0.696847684901903,-0.03904406878860559,0
0.024698946360132767,0.27587704570098026,0
-0.8298491417996259,-0.31382693182873805,0
-0.42707269883543214,0.020619162714468543,0
6.630086456637612,-0.4465540546431447,1
-0.6499365939584429,0.37153443638795386,0
-0.7582731178586759,-1.5645099797523783,0
-1.3828617489942576,-6.674551487739676,0
2.7336698711727174,-0.41115279580634934,0
-0.8065489825947224,-0.5603206452666597,0
-0.3126881454733076,0.19962204005234432,0
-1.354599982098223,-6.413418445580545,0
-0.6550539126540189,0.022652227701430133,0
3.3714072905668466,0.5567085908048218,0
-0.7947596831088983,1.4270226157867867,0
-0.8410983515319079,0.35684994226136246,0
0.49016987982685845,0.20634839599064253,0
0.44560768479635887,-0.31546353666322496,0
-0.6017664875456348,-0.33798289567059564,0
0.26817230103433615,0.4736899648798136,1
4.597140873900853,0.21559807955763052,1
-0.6461572145945136,-1.5335096626044762,0
0.462716796221024,-0.28681483362590837,0
-0.7776527226787614,-0.036708136697994026,0
-0.7137821782629619,-0.29522783472133773,0
-0.5606168593479358,0.2915966030373193,1
0.22920306026760942,0.548747203117608,1
2.39451353145729,3.2212635528700977,1
-0.6880612006233209,-0.38433253832456904,0
-0.880008786093178,0.493671950802804,0
-0.7672874978677205,-0.22082583800359765,0
-0.5455392384087921,1.2710664864161338,1
-0.6440854236625826,0.048871368989433686,0
-0.8435006998551241,0.6964024768291892,0
-0.7352602574591904,0.39877513850442464,1
-0.412444849270055,0.18050392487611788,0
-0.36289275796995585,-0.24214697193492407,0
-0.3222724246277399,-0.47910447267548956,0
-0.43640842025404963,0.9424137682619302,0
0.2957809865186489,-0.023275136255480583,0
0.16144866015721665,-0.8558357380955097,0
-1.033556596918369,-0.8678171063033663,0
-0.35756529141514204,1.080138817210407,1
-0.8609969560316963,0.5359454065353705,1
-0.6885735002347636,0.33235709150488246,0
0.3413583570909053,-0.2627162876095716,1
0.910304041064854,-0.030556607194464604,0
-0.06975283096756736,-0.43305763748580633,0
-0.067257963055414,0.35445773078432075,0
-0.7706531693226832,0.06080995986612526,0
-0.32214726578784275,-0.05858047301970083,0
2.181983269271545,-0.06240021792443674,1
-0.6062282546489557,0.24495302301313984,0
1.211146187893208,-0.5644643372037512,0
-0.6340349314838147,0.8222999582410839,0
-0.882447704663977,0.19176819508825269,0
-0.686464916581189,-1.815095500225445,0
0.5058009008062527,0.23338455035785166,0
-0.8958585771027588,0.6922456020782436,0
0.03257108875893587,0.2770114101295077,1
-0.38417320953293094,-0.5773877770759749,0
1.5418016757041044,-0.5016320364783566,0
-0.6305303849036905,-0.2218254634464816,0
-0.47512923505281085,-0.595650450507617,0
0.3351346005225908,1.131566302844013,1
0.24665811157979653,0.5806724041078186,0
-0.8944779527345752,0.033873859928636674,0
0.1077433452785459,-0.4386170465600784,0
0.20889740110091798,0.325604704447033,1
0.20116497786840187,0.9135895883611399,0
0.13526719785257665,-0.1726597762780463,0
-0.8313213369535035,-0.8656529625888885,0
0.1440551068767134,-0.45665894504323024,0
-0.39027749762772584,0.7709453023700055,1
-0.7777870972007791,0.0048515668967104,0
0.4653507834093046,0.09979998344439772,0
-0.5070013877897893,-0.3184305392442403,0
-0.35648337113769624,2.1498875704383127,1
0.6407775158346316,0.011538505926535726,0
0.13156069790387198,1.009847091663365,1
-0.5730121064814904,0.8982012125651891,0
-0.5968882760445605,-0.3350466424912423,0
-0.670754349301835,-0.18224511810477853,0
-0.14334977670737173,-0.34980599052253364,0
0.061107274599563284,0.8211009197270569,1
-0.45319361203635117,-0.214449638259938,0
-0.8771119858360419,1.500490618736094,0
-0.5414014535184498,0.4761645156769646,0
-0.6452666230977422,0.43432935653924504,1
-0.756340068502547,-0.2794460268524433,0
-0.7398385898487043,0.6725023981292839,1
-0.74616933487213,-0.6598007680115123,0
-0.7464468634169491,-0.15446616607474883,1
0.6340406772995505,0.06607871190489939,1
-0.879713433383259,2.535418835692204,1
1.707571491686312,-0.06538231015083433,0
-0.586131372355912,0.036661999989783534,0
-0.5411235562420179,0.23403168882683925,0
2.4113379432528057,-0.2591237710060876,0
-0.8984851857940188,1.2957698639747715,1
-0.804964286938457,-0.31599697248590464,0
0.3208957112594867,-0.6228653291310952,0
-0.8681829930816943,-0.09542865801650241,0
0.04439587827663607,-0.5279783957863793,0
0.07797244175585799,-0.5387239534576177,0
0.40885640601138495,0.7690946421049903,0
-0.7504212885596138,0.3420479408418946,0
2.0854431519961896,-0.012217463045269656,0
-0.6073107945281158,-0.5091784431190867,0
-0.6944962786714228,0.5368058234445426,1
3.7902619538594062,-0.46538051566318234,1
-0.6442504575603438,2.274725520636617,1
-0.8307610820577206,1.6822009511701157,0
-0.83905773511282,-0.2571134662275351,0
0.5249804280378227,1.241751279724268,0
1.3499230197240761,-0.4097169359638806,0
-0.6795983958716475,0.5653308763554985,1
-0.6612538318232698,0.8720790295811043,1
1.1223196073739181,1.834766685481825,1
-0.7724260592226764,-0.22392165812751857,0
-0.954553373188845,-0.536737087393724,0
0.08749944402137899,0.6476253611997862,0
-0.7204792134045114,0.6361263338766191,0
-0.09627847934816412,-0.2547445380653539,0
0.33858211430984964,0.26019001505946887,1
0.02035621486796449,0.1646574538324684,0
-0.8185401038808701,-0.47219840114835016,0
-0.06410849331584978,-0.06015150054149961,0
-0.3624342696922232,0.20750537258468593,0
-1.1333537860550535,-1.5133680365715458,1
-0.8921430301575252,-0.65109941226011,0
-0.5853870850026403,0.1132393544520911,0
0.21764818724236806,-0.04889415615696799,0
-0.4728617309390034,0.10429627982649829,0
-0.7837545783779426,-0.5433154570902016,0
-0.17577839802030004,0.5110270559853515,0
-0.1768015052809617,-0.16465526358405527,0
7.598692919727387,-0.5357484320362405,1
-0.6932916313470014,-0.7976084282395547,0
1.472662299980966,-0.7589900916197307,0
-0.8888825126379273,1.471586595704425,0
-0.766855495211378,-0.35421391837728444,0
0.014952784086427851,-0.11663621697890764,0
-0.0335834960582658,1.4151142167563813,1
0.689338378969326,-0.15343553051187386,0
-0.34973667028505556,0.2782609169912301,1
3.1056872019782102,1.487717222507814,1
-0.8160527103394158,-1.3288681292060367,0
-0.6304796449901613,-0.6185686193016291,1
-0.8202288986413039,-0.022307209298993814,0
1.2477272191813222,-0.3113097552959666,0
-0.5969111631926673,-0.04869410864768912,0
-0.30741349220254127,0.032550726801344375,0
-0.6969241735654078,-1.2145442534379147,0
-0.25359831795635335,-0.9397524835822839,0
-0.2932336128314827,-0.45595369647143325,0
2.6008273735681917,-0.4733599959999694,0
0.8111061990211391,0.049688008575595924,0
-0.28037306470820295,0.38075253013452476,0
2.0634506058193196,-0.23954100007184742,0
-0.6875133472516773,0.30158086380212373,0
-0.33922175405960886,-0.19446069158880552,0
-0.39464318787976554,-0.3827015758620515,0
-0.813609054249077,-1.2496288354260514,0
-0.17332579344381635,0.6079281080805402,0
-0.8485697173587631,-0.2893911024555883,0
0.009429592295171655,0.8946473391580805,1
-0.10099469429469828,0.1905517160748753,1
-0.17441775037111842,-0.08339450855851019,0
0.6503690641695414,-0.7365209695560962,0
-0.5949875070751974,-0.5821887371537344,0
-0.21918286501214482,0.7596055703584662,1
-0.6852393248768128,3.6405988516364327,1
-0.6007469680759856,0.08392684048122642,0
-0.7800638265409119,-0.5521784553346047,0
-0.6952138656090572,-0.11823480061439912,0
-0.48272774443459504,0.9471376067335472,1
1.1146133764813253,-0.08549531281236493,0
0.2627254116600694,-0.30611004944189185,0
-0.6401471275254426,2.9877367084830233,1
0.05788264144743946,-0.014350539155888456,0
-0.1417825132879053,0.3025351520721086,0
-0.8222647523689425,-0.6827696765785637,0
-0.1786911711514146,1.386535507476868,1
0.16606760397909634,0.7385288263885297,0
-0.03584419196861915,0.11604774867610053,0
-0.7627024236642266,0.8345705017681492,0
0.39173816999071026,1.1471151273143412,1
-0.442570609044111,-0.19701387390699704,0
-0.8588190617568716,-0.08484845715335482,0
-1.4354958968256248,-4.302402237491894,0
-0.866373603582726,-0.2625660218361094,0
-0.4294093359277338,1.8548730999550418,1
1.8824695097135782,-0.46532249301739326,0
-0.16796616797843666,0.18893842994466933,1
-0.22319328215807147,-0.24185765195230993,0
-0.734242222597977,1.3058244457218937,0
-0.3406032021529251,-0.1302885298165464,0
0.643817350910452,0.20064307235199197,1
2.3125171845215164,-1.2127740708055608,0
-0.07684419256190074,0.6843503421844042,1
-0.7917931576654796,0.45840081107721026,0
-0.8538639407177978,-0.6569860997438833,0
-0.6668273898115926,0.10431103251164811,0
-0.9907972404224448,-1.3387646543336977,0
-0.13538179277887522,-0.2521094455080237,0
0.5201712632716494,0.7433120999613363,0
0.4053677301309169,0.38574425513721333,0
1.0693135570978118,-0.3975851988408286,0
-0.5831324263647474,1.5096668392050716,1
1.433021377237139,-0.04858995231269488,0
-0.07542628436946228,-0.15132641238837954,0
-0.3987217614625563,0.46181894377798394,0
0.7913633757992651,-1.4119003732509807,0
-0.7973147574711568,-2.9583363806076175,0
-1.1683198782946471,-1.9530782627801226,0
1.8481219983743336,0.25538988691336184,0
-0.8292411867397469,0.5662346955748531,0
-0.2608130539465134,0.08670493689019677,0
-0.07890689946560264,-0.028733534788627623,0
1.6029364858322763,0.22655730172437238,0
-1.178033015281761,-1.4815548256327067,0
-0.7404220327579905,-0.4842260619220784,0
-0.4850941462618835,-0.2924578930252067,0
-0.23127417564221792,-0.29229198245245097,0
-0.923670979370867,-0.20348169926039741,0
-0.36711866382015157,1.1793754079480925,0
1.329632954412848,-0.3883207396107906,0
-0.7042473492928893,-0.509716202204198,0
-0.1903822665183663,0.29186727113997685,0
-0.08260144471489161,0.17440739585644302,1
-0.7614533953259568,-0.4477343790885078,0
0.10184270740407671,-0.06263228786668373,0
0.4818533553837466,0.4420107657138636,1
-0.8617130387639225,0.2818408871363172,0
-0.9532150137440893,0.21878313259443108,0
-0.19991671015693255,0.04638878082006944,0
0.5998826498885456,0.5472586589474383,0
-0.6049307453800111,0.4673600058407876,1
-0.07692404998802783,0.45908723564926407,0
-0.5402783405922252,0.4965485970636199,0
-0.04196043964246668,0.15023101390498222,1
-0.8452176938334053,0.8763188643831782,0
-0.5020496197161554,1.6110461599049377,1
4.282333396150076,-1.3545003822643353,0
-0.6894345850563963,-0.20634970164203256,0
-0.6775112817708107,0.7292452828442252,1
-0.2524956961220017,-1.8159215143169434,0
-0.8437636271800008,0.3176050349534262,0
-0.38167686440301657,0.33442811487316204,0
0.8511073129332662,-0.07825146615905701,0
0.6838679131189324,-0.4051132650567952,0
-0.7546505742071413,2.2346998484703353,1
0.008953591464473548,0.7493748909773944,0
-0.5450420649746284,0.011272146527801506,0
-0.8447078254609977,0.1717109410129644,0
-0.7165386084508604,-0.18336755443725564,0
-0.8365802143330133,1.1124627874279474,1
0.31167178718997607,-1.1198733533178578,0
-0.5581848367122023,-1.8137394241877798,0
0.07937516825809168,-0.19891521505653795,0
1.3103334096810233,-0.3493262860293065,1
-0.9376598806419941,-0.7885280971356612,0
-0.4085365299147486,0.3761664260536065,0
-0.2437317073855969,-0.566069543600195,0
0.5614576803959074,-0.16313458416418594,0
-0.378854349848943,-0.023024815943436163,0
-0.5928228820952357,1.224659033967136,0
-0.35750747134501437,0.27387149341264305,1
0.05759809897798507,-0.8973872604461999,0
-0.7037687073577037,-0.1716098881350766,0
1.3405795767630904,-0.6750373236386067,0
-0.48876569222064875,-0.19267609800621455,0
0.9975299132574866,0.6133153608576482,1
-0.8203944535952804,0.20290191686902348,1
0.02163788780776899,-0.13414517613642005,0
-0.8343012368910059,0.9129874869988281,1
1.365360074646697,-0.1058456267680642,0
0.580365376474485,-0.16330186779552153,0
-0.6172794675806828,-0.5114882618216627,0
3.8799172661111068,-0.9902833993478658,0
-0.7378051293523905,-1.2827393479535725,0
-0.6464973793097742,-0.6989015130212927,0
-0.6041784390973405,0.2141622879956819,1
0.7744796757917504,-0.10810217971009158,0
0.025329986511394693,-0.33329250528835763,0
0.014588023730297694,0.5286520769851776,0
-0.6557970594820928,0.36436625543521867,1
-0.849156801178098,1.6429741274605827,0
0.5723149786665095,-0.25608666467338487,1
1.7065401048728202,-0.4354252797270571,0
-0.6520975340279253,0.8742581999462631,1
-0.8740620505450837,-0.21815441525580734,0
-0.5935136671381501,-0.21209958865515566,0
0.03571137012417957,0.401433555783445,0
-0.7557042939158373,-0.8976092028188948,0
0.28123609433794616,1.450728355843813,0
-0.40456544927540555,0.05593368407081461,0
-0.523857732708571,-0.4149723151341739,0
-0.9053325455332549,-1.4901326548049116,0
-0.5666957499059154,-1.4952683377992912,0
8.567152091429744,-1.8416568764215104,0
-0.3419170990993204,1.7347099959815104,1
4.220459563139974,-0.24014487772093332,0
-0.7782171658965471,0.31100124943981833,0
-0.8762174983938642,0.4833131448800705,0
-0.8011868042005122,-0.28552887862773935,0
-0.8012086989596187,-0.16627417017568283,0
-0.800294222713819,0.9005052837206533,1
-1.7361964437468982,-10.626174731424078,0
-0.6802145281404106,0.7605113031835243,1
-0.46448882451396095,-1.496389523922105,0
1.444643155963664,0.20591008548613204,0
0.23143959617735582,1.5428724580599065,1
-0.2516266811458718,0.4979508087237034,0
-0.5688097619298255,-0.6255712038801781,0
-0.8638253113393892,3.2673513978656983,1
-0.781610802561125,-0.3909802714995016,0
-0.8151491337712933,-0.43939868026486584,0
-0.4909370315287686,-0.26725955448840644,1
4.070238817377102,-0.9346829459619707,1
-0.6734226345214519,-2.5202744425589754,0
-0.9327279693423349,-0.98499744883552,0
-0.3806434891166458,1.7620428612257606,1
1.1049514878372084,0.6100586004415748,1
1.977257250418898,-0.4268866540648116,0
1.9457629086150605,-0.36403644719722666,1
-0.332904799601388,-0.30499345164004865,0
-0.8454623468946476,0.920334905413694,1
0.6561381214551399,0.04193334291705488,0
-0.4255429838229001,1.320122486920395,1
-0.32739866903770837,0.708461440523468,0
0.48681563064554734,-0.2007700697299316,0
1.0879264285351549,0.10350358945794877,0
-0.5498862772085505,0.14645526762800756,0
-0.8681313793107728,-0.19764091816193866,0
-0.8603996230685405,1.0238697640718604,1
0.20000559301842774,0.7472049215378125,0
-0.5560974822763056,0.0410311100439408,1
-0.8064820661231132,-2.284458800437651,0
-0.29081153350963124,-0.09510130659602906,0
-0.5425176717433797,2.292544069712469,1
0.06119665031570366,1.3674077754034324,1
0.29820511726592286,0.2151421794080343,0
-0.3643926163515245,-0.10086578872244976,0
-0.2637501096014369,-0.3671643578046346,0
-0.3471614182530908,0.102083522698232,0
-0.7668263614294932,-1.0249198450583343,0
-0.6140059139120057,0.4254078677584732,0
-0.4672267298887545,0.07854465463279531,1
-0.31012146833947174,0.2670720894866552,1
-0.8239596166924624,-0.21077730812630888,0
0.30322065094148976,-0.38401253942233615,0
-0.037946650146770976,0.01657639365276359,0
0.6477136777397184,0.5640925415990707,1
0.6006478106747496,0.32037781723980713,1
-0.8488076339851759,1.6007374513076567,1
-0.3519788357441901,-0.4059167158902419,0
-0.7926553818970035,-0.1098638156479182,0
0.22286523800222205,1.0985000622834502,1
-1.1592388666218,-2.202309442614579,0
-0.13852147810742843,-0.3019310123790945,0
-0.8368342410517317,1.609625138871297,1
-1.1428600698992266,-1.8464652246352287,0
-0.4478623800612774,0.16459458603605992,0
-0.5463641476920463,0.21822779006190987,0
-0.9397120698268844,-0.09908212879265735,0
-0.32673865251689915,0.5572599577188384,1
2.826010094152639,1.085833896198062,1
-0.6144316843515925,0.7460637504510433,0
-0.09048538061958043,-0.27801784709026683,0
0.058148002607300596,-0.08924436889448985,0
-0.19080694755578714,0.316077886901437,0
-0.9917914981536853,-0.10203117493942913,0
0.5556480228703253,-0.3674103661623878,0
2.193544251496255,-0.2589157765598792,0
-0.33971729788967586,-0.11110758701609018,0
-0.1809527111649251,0.3603453659041452,0
-0.5526354471028067,0.6132034230690538,0
0.033827072814576545,0.402839398761051,0
-0.5945693026209552,-0.525354255973209,0
-0.7609061367593889,0.35507479936409436,0
-0.8870944302914947,-0.9828448761550026,0
-0.060824001724642925,-0.12733306696772942,0
-0.5910293358559697,-0.15935325490473895,0
-0.5532372404049725,-0.8934144210941789,0
-0.05835338123611917,-0.08136981266781994,0
-0.9099153883107178,1.868930888293572,1
-0.259964879411447,-0.5761580533788317,0
-1.1010586023476645,-2.0995962057839312,0
-0.28874804370092294,-0.16826188185579424,0
6.145770302769695,0.7828079841751934,1
-0.3185822283951982,0.11173580710283107,0
0.2977078385251309,-0.06260493811354442,0
-0.9556392619969335,-2.3487654483173035,0
-0.1399009168546601,1.1896123874542452,0
0.5203123289880798,-0.6127504000449774,0
-0.4280481256945646,0.4123434364321333,0
-1.1574062291877834,-3.2612135349069438,0
0.17881180878237055,0.4332214808483232,0
-0.9141574666239852,1.1400748420895368,1
0.2917677971595454,0.6418713297333808,1
-0.7985440047002333,0.41754298009886603,0
-0.5922673134618323,1.7501406805280826,1
-0.8848127743190556,0.7795779495631531,0
1.5158035464827615,0.846664049727136,1
-0.7597635556215386,0.08723103094001562,0
-0.6424872619608345,-0.6697649112332635,0
1.2666165566011198,-0.9743346283240633,0
4.495501762837681,-0.6706490183932658,1
-0.8139945991407814,-0.05477603818324139,1
-0.5598650113757905,-0.555706226853198,0
-0.379377977409524,0.8536511211339876,1
-0.735096041744053,-0.7550553357446852,0
-0.7900797086037379,-0.2936825488021917,0
0.4851548542212834,-0.26334086772213544,0
-0.8028323079869174,-0.4400868084759667,0
-0.7672949647954178,-0.9382758262179804,0
-0.37675153023689756,-0.3001279654873273,0
0.8507940375406067,1.1221361569755557,0
0.6285782211306349,-0.18748328646167736,0
1.6680882985644014,-0.5250751713705537,0
-0.3405966826082992,0.09902351619364284,0
-0.613088530847341,-0.1682557334956892,0
0.19472459675349696,-0.38861935841613227,0
0.5534812285806561,0.5057695220813868,0
-0.34109518827391305,-0.32245902123544834,0
0.5105440243126789,-0.01496842016863486,0
0.539954399022504,0.17033301059204742,0
-1.0616598694470984,0.6002412301531278,0
1.9305925363591774,-0.4393175229425318,0
-0.8587268005851322,-0.18113432278345654,0
-0.8001635684602796,0.0019367751544889583,0
-0.7447640195174623,0.8344835789804526,0
-0.8399794118431114,1.1091628317339457,1
-0.712109534259358,-1.3420438679064977,0
-0.7840647525951349,-0.6434752556259962,0
-0.8074804841698131,-0.5517473566988941,0
2.8973359873149067,-1.3839971310619739,0
2.789412218292623,0.725059899070816,1
1.2884436117364908,1.11091892651781,1
-0.9958686784499065,-1.0371514548988765,0
-0.3167426996334854,0.11498770557060019,0
0.08381268696449695,1.0112342541996702,0
1.392878506727021,-0.35028276633505495,0
0.21835489845908182,-0.3834161647386131,0
-0.8846619987864698,0.5397512638893346,1
-0.11327270259660516,-0.16339482596035967,0
-0.7184627274131136,-0.40556742532141976,0
-0.9793400491776592,-1.2669169785081138,0
-0.8599368556081245,-0.34328657660478357,0
0.17329965191785465,1.4189865754552229,1
0.0003552033242610034,2.3655371858611294,1
-0.7391594618088715,-2.055699475513105,0
-0.9303935117422211,-2.2567296266876458,0
0.003639031711304165,-0.2008582848977612,1
-0.9013890051812102,-0.06658571774905117,0
-0.6692614808752014,-0.13272318777757167,0
0.6445949632916589,0.00957409873954515,0
-0.8394169464527335,0.1373377689624382,0
-0.8026697422146142,-0.919987227649356,0
0.7903150800321458,-1.293304990459586,0
-0.8508120528987749,-0.29229184185487755,0
-0.3786942539610945,0.7117156909880162,0
-0.052317496622104685,-0.5517842247837368,0
1.1860376541370734,-0.40347402488319495,0
0.8047734027898643,0.04790476550472257,0
-0.6440471215165849,-1.0851288141215358,1
-0.8052252751040575,0.05390881597255799,0
-0.17694448245511138,0.21309193329140316,0
2.4084716889306184,-1.4992214017141812,0
-0.8985333095740909,-0.16035817696722365,0
1.063639744360541,1.8947100586843046,1
-0.4640366630288576,-0.13257488523927236,0
-0.5626931763828443,0.5679517720878992,1
-0.8951210093596546,4.047425975487127,1
-0.7806202405040236,-1.4955217328470942,0
-0.8738124348113103,-0.05982881323880025,0
-0.45004034965649026,3.0811065502284505,1
-0.6383824048270677,-1.7499009675208017,0
2.3495630886741083,0.8182944712055417,0
-0.6969680810064236,-0.23449511349691804,0
0.37670963580629346,-0.8897603505091188,0
-0.847437281030917,0.3056868953524981,0
-0.9211439055236278,-1.325127707781716,0
-0.7450512232775113,1.6248389326236907,0
-0.015551832378647417,-0.08254008033543263,0
-0.7542736275109085,0.19060310744294043,0
-0.37381540550960435,0.017695299402002942,0
-0.8971439362560758,-0.062148327400596455,1
-0.5871524871090393,-0.13634496023889398,0
-0.46440085844162066,-0.4719708942989064,0
-0.27665852294076354,0.9482725627911696,1
-0.5863229947306755,0.8426543321086887,1
-1.0615405639673776,-2.1976775962125448,1
-0.41153020826257036,-0.01657031507042589,0
-0.6503553561076931,1.3896700756712261,1
1.4000678579438766,-0.09569199074147615,0
3.220337989656441,-0.28316621367934536,0
-0.675024672211479,0.9042428205838404,1
0.6690082423946182,-0.26994023024072084,0
-0.7271678468485739,0.7186966356736415,0
-0.4852434966991537,-0.07743124751556414,0
-0.3430325371607953,-0.016427043884021785,0
-0.2413468655273673,-0.5393935171685402,0
-0.8911257495671538,-1.1215372049147276,0
-0.11315747369770938,0.059214049357940786,0
-0.4322971625585157,-0.7956571184923092,0
1.0870512779712693,0.31842406542062485,0
-0.8158445312938908,-0.036074073498301246,0
0.052436932273238285,0.20184195484776374,0
-0.32070399791912263,0.05510859632758773,0
-0.050447895451523346,-0.17534419335625626,0
1.7198715436900307,0.12707993528193365,1
-0.7960238008448823,-0.24508856406843155,1
-0.15121579581458303,0.26972493291424066,1
-0.7990500375026035,0.05652836302151169,0
2.1736212227757483,-1.0936237091328986,0
-0.5890794856818087,-0.4679665783074216,0
0.11673586737045828,0.011642580071108256,0
-0.8394952052483251,-0.4739260359069268,0
0.41983729422216814,0.8942849746609106,0
-0.37437022031385137,1.0262215349388288,0
2.8515329165597936,-0.22561900093641252,1
1.2278731018368956,0.9028733055159338,0
-0.13489967137335965,-0.5922372262781758,0
-0.4372755640793951,-0.35404495561626137,1
0.39573039062798704,0.8954869491900923,0
-0.37783323504387234,0.25174711248025433,0
-0.800864031398841,0.945604569305521,0
-0.9455393023328271,-1.4535469495783513,0
-0.5371540287596865,-0.1821718247123584,0
-0.8452019429735078,0.28607484453534376,0
-0.05906928627508457,-0.25112661955408805,0
0.11846968382795411,-0.2845036424615143,0
-0.8091579554368172,-0.42850831198721934,0
-0.810578129580544,-0.20545535891494535,0
-0.7374450049310938,-0.5156255014919761,0
4.192532314616579,-1.5817613957244478,0
-0.06886443687913268,1.419966658237115,1
0.4779332378889387,0.25083959247330617,0
-0.5077635182843436,-0.09555232562264039,0
-0.8865708377184726,-0.11955058359190326,0
0.270453275369222,-0.2636975633157479,0
-0.8067578276622648,-1.1031302962389606,0
2.7774132659197694,-0.5921042142317121,0
-0.2608301209307744,1.7213394306351768,1
5.041012724957166,0.29242857943661277,1
0.9096372927276237,-0.31740612294984477,0
0.2611661703704708,-0.1232027428688839,0
-0.4534283315738465,0.5360560654920252,1
-0.8770943232950902,0.25019972931269274,0
-0.523760374199002,-0.016135409591899127,1
0.1387077055707484,2.044988320809415,1
-0.8159979693059107,-1.0389049555992045,0
-0.6577709924101824,0.8943927428603434,0
1.8055426998741457,0.05258463645480547,0
1.8825381390442384,-0.18245768932574855,1
-0.6073840237307139,-0.6939275484187338,0
-0.8707584701815031,0.5536842648465125,0
-0.7377342623931988,0.4622845622423941,0
-0.5281480847576889,-0.8042698891357183,0
2.416053245484898,0.37651642911296956,0
-0.2928353554269799,1.068357077554557,0
-0.956007818845553,-0.8126856265155429,0
0.7247375610080636,-0.3019430990135187,0
-0.8368435406111115,-1.2549810622218351,0
0.7514479090834116,-0.36320130509362525,0
0.3027661624193213,0.6620973971894664,0
-0.2025222975389473,-0.03712791924315406,0
-0.21332809892476667,0.1524937520494988,0
-0.5428471371283384,-0.08937663031006299,0
1.2280607371619987,0.43323834676766343,1
-0.6271551807308081,0.18772748389211305,0
-0.9212764603186114,-0.55627582112245,0
1.1630400033059984,1.4634581590271958,1
-0.2603031031156249,0.42409776904014435,1
0.8517129084692425,0.20196289460462363,0
0.7298922658140637,-0.9622995013457696,0
-0.7150349949793156,-0.16456525378632464,0
-0.7879229774118207,-0.2809527706152633,0
-0.40003034254823494,0.08526937373889894,0
-0.33509207264137764,0.38168754342257455,0
-0.09467017949041638,-0.1847529026861894,0
-0.8733633933998404,0.15703960312784546,0
0.9724704627061144,1.5216657557981643,1
-0.8099780534001122,0.7579795005607093,0
0.26497053875722704,-0.1712173597235409,0
-0.7861712466363342,-1.3337952834375637,0
0.4147864459149524,-0.04797255331004553,0
-0.9109788024084519,0.23413104888812133,0
-0.3613305498975077,1.7295845937385177,1
0.39469334595391975,-0.33440221875081666,0
-0.29663572083181083,2.3884334161326213,1
-1.0599715825207714,-0.2655677268058018,1
-0.3450610837935736,-0.06245249015869538,0
-0.8266126003392498,-0.7311354603620978,0
2.7389494382849993,1.1539319342810892,0
-0.7719256597564086,-0.4985013555025106,0
1.082612425065048,-0.7625312505089955,0
-0.7511042569779847,-0.23624875633597886,0
-0.8306208355972498,0.41632152543277695,0
-0.3107795531334788,-0.17204099363216072,0
-0.19507668124775168,0.3640746930922745,0
-0.576643249107897,0.44020511976705506,0
-0.22326094888009274,-0.5488349132874589,0
-0.889598387430673,-0.8307455240690411,0
4.891420574495749,-0.12408367233417245,1
-0.7459942288250034,-0.6562432141958551,0
0.5501327120586911,-1.0747030211964708,0
-0.38372584866497617,1.8884695830435245,1
-0.5780907266299271,0.02454500899445267,0
-0.6092634641740062,-0.27803910842605895,0
-0.6990641408953895,-0.028630360013595157,0
0.731976324433127,0.06260542402186464,1
2.944891100088517,-0.12216338777030895,0
1.8124064168665917,-0.40885888558317557,0
0.9298352544519809,0.23378566807435627,0
0.029572061499076586,-0.5467029889051123,0
-0.70091827127816,-0.5105563828142443,0
-0.8528800154273096,-0.2672454965213197,0
3.3636106098072234,-2.144954023523047,0
1.4670061519131716,0.2512583052264079,0
-0.9209088479331613,0.2578231131058569,0
-0.5880312615490927,1.1132582748182682,1
-0.11216930166061356,0.006806100986844393,0
-0.6088680588469547,0.3594646835013487,0
-0.90016798926204,0.9079991675950266,1
1.5362924031117735,0.4061823891692174,1
-0.8841854296784306,-0.2947292562222637,0
-0.877515672484883,-0.1226826263272421,0
-0.14407279814290458,0.7965557768700197,1
-0.8194883802270133,-0.06764593122780566,0
-0.839023093211365,-0.8409440738598716,0
0.871055434611557,0.5356727612596158,0
1.0344366312182673,0.5753436724982994,0
-0.8584063701070084,-0.35523549277968963,0
-0.21268643643496718,-0.3792140175161213,0
-0.04370305133430867,-0.2517589317231813,0
-0.5934486434864388,0.8260394323094797,1
-0.6663916620075224,0.4897964531647602,1
0.7619463024435793,-0.7965629647277207,0
-0.5233250343476064,0.17516030200231478,0
-0.25857921384489546,-0.17187591952736292,0
-0.8370811777217326,1.3029910957965645,1
-0.7222861106390108,-0.5333917327839939,0
-0.730709142319793,0.816329759277393,1
-0.9123003184070132,-1.0704448594910636,0
-0.7571712749970504,-0.0814583406869996,0
-0.810619486167593,-0.18951126269218244,0
-0.20782398061806265,0.05452585005922435,0
0.17504371251930675,0.5303408134787472,0
-0.4258387488188697,-0.12630621581067375,1
-0.7425169564354043,-0.14469997124018155,0
-0.037149963946665115,-0.14642919207933996,0
-0.8393212522884903,1.1479540995029556,0
-0.8819698900485774,-0.6819861199166842,0
0.5366326640695637,-0.14195822549121195,0
0.3230531755227396,0.20841401847271016,0
-0.8733644943679879,-0.44278653517364086,0
-0.7018560909249394,-0.11448850247228089,1
-0.9824893351152028,-0.6131600043116563,0
-0.8733189994714612,-0.035874129656507894,0
-0.3420842306216005,0.12125790677272971,0
8.671704755746775,-0.7299869796228515,1
-0.9163315162714935,-0.8627604650081242,0
-0.7212499760102691,-0.37652818657841475,0
-0.05082586347275518,-0.41314232401288153,0
-0.47789932810275104,-0.29787503307276114,0
-0.6081063528757861,-0.040454944631767284,0
-0.4440015476151941,-0.45341346495677726,0
-0.5758695362764161,0.2327482724034751,1
-0.8240157637430207,0.4561274781084906,0
-0.3879170330681187,1.4473527299046693,1
-0.2907459570767714,-0.3406718439855427,0
-0.7870779983149871,-1.349705257849216,0
-0.2917153305399499,0.5760572633949659,1
3.1574075476463355,1.1130753320885922,1
-0.8322345293985987,-0.4936001164798255,0
-0.026119442590184505,-0.059982982536867874,0
-0.8774982525462108,1.2243359608900792,1
-0.7217173694504992,-0.5570559028912487,0
-1.157842102245093,-1.538279180504473,1
-0.13756076822028285,1.3544881058976694,0
0.16069728585350684,0.33387152518705543,0
-0.8418700541719691,-1.3592573528666114,0
-0.8764652929583151,-0.1316762564126222,0
-0.4101474071169295,0.15821311955301887,0
-0.8381123591003542,1.9667791202606297,1
-0.6692061630325452,1.6832493540494737,0
0.33603665520810866,0.3110428581443934,0
-0.1868792437634213,-0.348795199153781,0
-0.5290918751922341,0.57195176266424,0
-0.26904624600091714,-0.4841848088197776,0
-0.45555793606906364,0.4097251599316104,1
-0.7130368420065117,-0.4909396752570626,0
0.19222938835250172,0.42247892372170526,0
0.8895433823762373,-0.5447598107725542,0
-0.7781835099528747,-0.36663313235869427,0
-0.8544220634572633,-0.21009618048640527,0
-0.17598858983074095,4.303648236587821,1
-0.6463327843231093,-2.50790421605107,0
0.017163062414412015,0.06631125934291471,0
1.7202496786074988,0.47894869973520354,0
-0.3007191511826921,1.5187041132410581,0
-0.23102699309553973,0.40889508582361556,0
1.8054799291747,-0.5634718419501156,0
-0.2906156950581142,0.24309297332082733,0
0.5313147516654639,-0.17785936710490247,0
-0.8357256629760426,-0.4695567638280367,0
3.6673041186861144,0.14703242395323454,1
0.8785325953443684,-0.7741746008675779,0
-1.0257793033643436,-1.0083075740376892,0
0.5840158925871224,0.5723323699847375,1
0.05564931746488037,1.2514816811085645,1
-0.7416928103044289,0.07140355396868593,0
-0.7215981321225804,0.18660369773951482,0
2.8097972877539577,0.07677803636397948,1
-1.1498593563103965,-2.6198250043410547,0
-0.8552649950077903,-0.10227372384437125,0
-0.7786786359396165,0.5931394400708104,1
-0.7033116539560104,0.5414362981844811,0
-0.293814863060205,-0.4957675816596354,0
2.5257001474580227,-0.33007276871994634,0
-0.3842751999056351,-0.4353222237320834,0
-0.6183375642532375,-1.1356086198064126,0
-0.037897930868332624,-0.1470274478645343,0
1.0640193983554003,-0.38270430502897373,0
-0.7324390287831325,-0.611567288633206,0
-0.31868221703852484,-0.26139943784549613,0
-0.7575687327481005,-1.3611542147777074,0
-0.6668471396713653,-0.9622181027316367,0
0.056762651765056134,0.08366952095520758,0
0.535192993598046,-0.17653364164838012,0
4.094737148022902,0.8576961265748557,1
0.09966607714624479,-0.20822346196419628,1
-0.16502834865438165,-0.6441171476346921,0
-0.6574447985785187,-0.5853403555065759,1
-0.7042303461077144,-1.3023248894358606,0
-0.4985315844678136,1.348325234740425,1
-0.8855500556917786,-1.0191188355084901,0
-0.8459684349182365,0.07786686951883706,0
-0.5359732429915242,0.566420387820456,0
-0.6474591593191138,-0.6528596731499332,0
-0.2041381304464547,-0.38953782424014016,0
-0.817373903379825,-0.5143374530302399,0
0.5025314567939444,0.2248107006434127,0
-0.5643112089668446,-1.1639770916517311,0
-0.8454342198608745,-0.009773618438018905,1
0.5041077687997567,0.5866966915637639,0
-0.9410195170537836,-0.16788753283033245,0
-0.7474985741458513,0.12487415080140662,1
0.41795788249995464,0.4981536330369138,1
-0.3396008516484303,0.050402044844154746,0
-0.6782991074672471,-0.40645902103471615,0
-0.8010002890861977,-0.17703492616874206,0
1.151476792143636,-0.31674094615862486,0
0.15069692758981,0.3797847284392746,0
-0.7381470649069872,0.5113092268117645,0
-0.8783345816243208,0.7877036941177623,0
-0.2882445141790927,0.008637937134602525,0
-0.8104099036535086,0.6030178077264603,0
-0.7181006331807616,-0.5144338715974615,0
-0.954021496797656,0.3013115261942385,0
0.4341106495902265,-0.1939701795245899,0
-0.26217920065142225,0.03696923158365386,0
1.0244721848725247,-0.7410580659078517,0
-0.6991589526771009,0.05755774292075568,1
-0.7533119495539697,-0.43223786107231293,0
3.319260824586703,-0.225739020924788,0
0.013266543716236683,0.16821613094769497,0
0.07403235657147805,1.8191176393802462,0
0.17445752056204952,1.5116593504427487,1
-0.3108177949387951,0.40970333608930415,0
-0.8294828913175823,0.28134190134128345,0
0.08997996444322916,-1.6954815494266438,0
2.297518950323059,0.9801101554965304,1
-0.6705443203476894,-0.32123429083499155,1
-0.22483349483974313,2.0493708026909907,1
-0.17976070900701252,-0.1815852672492273,0
-0.5424970890688843,-0.3185331485258863,0
-0.049353619674466644,4.828546198518277,1
0.07777547833063804,0.08844427576501496,1
-0.7646265262129407,0.12504087952973336,0
-0.8593623398817782,0.23518520835149484,0
-0.7364990374588688,0.6391548028904743,1
-0.8481628365942786,1.713731980182066,1
-0.4126126662834388,0.6070416962433779,0
-0.27643015714334945,0.49022184435078475,0
-0.6729060303899067,-1.4113027450943898,0
-0.0008300775453524402,-0.10978678819774398,0
-0.24712987198559705,0.24638378475015305,0
-0.8916549835556732,-0.3803985134597079,0
0.6106445334555726,0.8821328980306865,1
-0.08704001442038242,-0.07221139025893704,0
1.3922606353813294,0.8336134210418784,1
-0.4877261970664857,-0.23267033436075085,0
-0.8869662793990146,-1.082972148048842,0
-0.40951819291656916,0.1120511060351892,0
-0.7833389566194674,1.8905900388610342,1
-0.09398157955881595,-0.027578536256121063,0
0.028818133666557322,0.790095398588682,1
0.5198085631838666,-0.017339875469743877,1
-0.10695822800348125,1.5556053995004564,1
-0.6368274404113775,0.32277219065779406,1
-0.22501513236514295,-0.06685921826456508,0
-0.6504488157597376,1.9467031198115088,1
-0.7464952280117642,-0.49707483841404265,0
-0.7001414933575324,-0.7907854442486496,0
-0.830071597298857,2.1254713951397366,1
-0.5382820598822265,0.3627916540690611,0
-0.7645912016147384,-0.5885435429979163,0
-0.5225545058982739,-0.37437754668730866,0
-0.37212135579629857,-0.1923159580240497,0
-0.7766018997048517,1.9640620491069818,1
-0.3116756585980325,-0.08270138552520889,0
-0.8304003165388655,-0.39711210002130537,0
-0.8728133813782576,1.746592163763783,1
1.6558688829767954,-0.3168659189585282,0
-0.7517737797511042,0.10617095829737352,0
4.182193852383399,-0.7923658960088504,1
0.18339765813017264,0.8728319337166011,1
-0.6501039874078874,-1.6024244009649806,0
-0.8816798987951888,-0.6544013654478693,0
-0.34238137243421135,-1.1964499793899182,0
-0.7908943905542833,-0.4461320110511347,0
0.07648289563990576,-0.7783648069550396,0
-0.897538275516948,-0.7526794587366226,0
0.8381510403674266,1.0339380399058886,1
-0.2732839926971006,0.017135471644836874,0
-0.015222351177607812,-0.005800775186598872,1
-0.3204794775513125,-0.27772081499936285,0
-0.5381250120749449,0.5981131065646285,0
-0.81637825242976,-0.3964776234752519,0
-0.5970856407509809,-0.05000353834689966,0
-0.5808619593961276,-0.19409811878868344,0
-0.505847654517407,0.229916914442931,0
0.6818121448845588,-0.7646903094481134,0
-0.09259672188670345,-0.3265539596378508,0
-0.6395319551429004,0.7375371984803192,0
-0.24510246980053596,-0.8296769932122356,0
-0.6778256582203163,-0.29968553994848945,0
0.47288381713025546,1.1199532740896552,0
-0.13204755193064985,0.42538578443473213,0
-0.7769995141652793,-0.397382051742253,0
-0.47878149107836193,-0.39644641212096304,0
-0.5333355540931684,-0.4053190779354952,0
0.49474162967134566,-0.46298254292906604,0
4.528600738832929,-0.5717388740819065,0
-0.862663488119291,-1.2524276056091546,0
-0.8042548404975256,-0.461949075246891,0
-0.5822932591551954,-0.03147668273344492,0
0.20628766844139126,0.041610344106381245,0
0.21484383182356367,-0.3921303017327168,0
3.2600195392717413,-0.5011638600664585,1
-0.7934293560023401,0.8421475292445146,1
-0.38350918061590117,0.6091442067191714,0
0.010088299307241703,0.48510245615533276,0
-0.3508661828467809,0.12875678577496635,0
-0.523375563714664,0.5848722267802935,0
0.9150516733724776,-1.197933411097669,0
-0.5316739653230529,-0.220871428684436,1
-0.4533604192292802,-0.01978105963743698,0
-0.6358052085647063,0.5456357473345457,0
4.014259218687773,2.3918204368813822,1
-0.7215155513474661,1.6862463721667555,1
-0.7190943852229209,1.5372068792045899,1
-0.7159171957024735,-1.1895164619536196,0
-0.8533798834756627,0.13820990999497018,0
-0.8197559077497719,0.31281376660766713,0
-0.09399583395872732,0.5598817739727968,1
-0.6473012139366738,0.765575059010804,0
-0.4554842442001452,-0.7156416127350651,0
5.7994549066137075,0.10891321285963113,1
-0.8559695214680964,-0.4457121864990098,0
-0.9890619645842864,-1.224284994645877,0
2.359995003316455,0.04427483605134304,0
-0.3675718628082516,-0.2168078874863101,0
-0.8562018968104955,0.1364501089984216,0
-0.6053595777970961,-0.28510536386214935,0
-0.751742688909161,-1.688796979145481,0
-0.8041563155705389,0.8234019968507286,0
-0.1902940740676754,0.7874145648220329,1
-0.3742083561848918,-0.2664388887143432,0
-0.9342426989789927,0.6138749016976542,0
1.7609488149328647,0.9811167325436558,1
-0.2624567075389858,2.068056320139045,1
-0.39273834103630434,-0.5367776595079615,0
-0.8242119693523576,-0.1761990062093007,0
-0.8359665243777348,-0.10151070503283587,0
0.2501383180449597,0.10997761526173346,0
0.617391612702876,0.5985805804194961,0
-0.6017993639353857,1.063315944925737,0
-0.355460751984827,0.7273987569758211,0
-0.14088048905068615,0.23610600306462637,0
-0.9155733548149179,-0.598485923850585,0
-0.6039000102625045,-0.39109921094570055,0
-0.5700884235471627,-0.023581708551492553,0
-0.8594977298245383,0.7113362624030449,1
0.04754465381892977,-0.2576569182919652,0
-0.4151768525109386,0.5899400414657652,1
-0.8033038302120205,-0.22365752915471354,0
0.4227471261412277,0.4185119538155429,0
0.33031387733707956,0.10861954504360384,1
2.1903361723769157,1.1740524872788787,0
1.3789380767958388,-1.3034418908023901,0
-0.7466834356776076,0.03387117359114442,0
-0.29539205956990416,1.724085290309782,1
-0.634683363589418,-0.4042130142600195,0
5.487512733644435,-0.07535038561792652,0
-0.36717417556505616,-0.41020751602758715,0
-0.7386254757080243,-1.8200540058162944,0
-0.8446171979771633,-0.3060114579775549,0
-0.3697083690518677,0.6594667575158695,0
2.0824656274475477,0.49644669678810655,1
-0.6131272084036284,0.0044495130374227684,0
1.198496983744396,-0.5735833064426432,0
-0.7393421493863692,-0.531992256582539,0
-0.7771369761934088,1.2907216719575694,1
-0.14150851145761953,-0.925762521909136,0
-0.8479924369177924,-0.3448602424690033,0
2.9031556975684114,-0.9206690925559106,0
-0.044820569779961045,-0.42063833992528193,0
0.24640187041820852,0.40792352625199946,0
-0.89960810008709,-0.11102021924213269,0
-0.3041426579096477,-0.14280509957873888,0
-0.2958675989335207,-0.06732855334499703,0
0.10625521315513156,-0.30428241559299957,0
-0.8290618801979368,0.2822619890508709,0
0.34148193229909213,1.1000773167631548,0
-0.39345147821842485,1.6376359779438752,1
-0.8131807558441974,0.6414348779210488,0
-0.40793813079312174,2.4362631166967272,0
-0.962736914913917,1.1062360210896485,1
0.4592453345780102,0.9450781204211097,1
-0.6548931922057933,0.28287331580889874,0
-0.8057509733452707,0.5869610740093324,1
-0.3705634574248421,-0.3199149388212218,1
-0.2936536834514235,-1.096491460357679,0
0.05800272594826511,-0.22701005229205845,0
-0.8262346939682418,1.0588561812195934,1
0.5562773316021214,0.36116548093970907,1
0.5827509514564954,0.8565781751986089,0
0.6067391305474862,0.08063329169303489,0
-0.6207397861134023,-0.6907912444551093,0
-0.8102629397091212,0.04551470195679319,0
-0.3732746390011326,0.7642976069467801,1
0.02773930830205706,1.2220607114351307,1
0.1081447767727413,0.11612180752391713,0
1.2482230314641303,0.5228480927509129,1
-0.7552964656657503,-0.23299404759196085,0
1.6004747853498444,1.044173514856784,1
0.04897998122655495,1.349732234615438,1
-0.9215124416620278,-3.163003957581129,0
-0.6728022005601468,0.2916483219681247,0
-0.7720066425228302,-1.3194819187602265,0
-0.8278880647663769,0.29528805909864586,0
3.5479574516074597,-0.47959583827238655,1
-0.779747093124772,-0.3954983509990616,0
-0.5825434172795716,-0.4785075814219375,0
-0.6834445325111116,0.5914564340660061,0
0.8492369108293668,0.022711864365443684,0
-0.2762655727494329,-0.060311603571173884,0
-0.3668217999670339,0.8763785436903715,1
0.8775158607959104,-0.4237084427917737,0
-0.2707190900917179,-0.47521675516332296,0
-0.43357140542795536,0.3747215640787617,0
0.44150795852350666,1.2649760997667714,0
1.1905805787483055,0.33835034766548444,1
-0.1135725237690736,1.3163331656305008,1
0.8694884903586161,-0.27551965538306755,0
0.17384751213103483,0.3200334944561322,0
-0.8782364714592523,0.7813096273358582,1
1.317716559558436,0.1743189201901011,1
-0.8139333181031183,-0.6225642077176573,0
-0.9412570124339126,-0.46190701529414985,0
0.3108924057854893,0.4809282762845194,0
-0.6271230187434091,-0.20335224829039916,0
-0.8826654875462124,-0.3821008470218227,0
-0.814726459661611,-0.12255172604017346,0
1.9588909624768382,1.2452772035033235,1
-0.8503396253278117,-4.067843756524651,0
-0.5879719553421724,-0.15148433385754242,0
0.2757211167938579,-0.4772732113801581,0
-0.22844304983855282,0.05151271505554062,0
-0.8362441014877969,0.019455917436556787,0
0.3894702942559041,-0.9144431871422207,0
-0.8678003336051885,2.6234698513233066,1
0.9327264262510411,-0.14648846114471012,0
3.161597146716569,-0.8332365456972894,1
-0.6828109113048638,-1.0070046464211064,0
0.0025350819290882003,-0.0054003708714617125,0
-0.8044032659046138,-0.06792190482430603,0
0.6273871089660027,0.7428056923468026,0
-0.8485288067558768,0.08568796157141309,0
-0.776655775599755,-0.1440818963451246,0
0.9730312407305011,-0.3176414726845021,0
-0.5745058846077055,-0.11266577058985199,0
-0.7681742243022885,0.42507626557733214,0
-0.35391646376348523,-0.03743783027493236,0
-0.38533540041142894,-0.13857642061514025,0
-0.46871343154777856,-0.06872475797626566,0
-0.8098382279616103,0.06114843888919304,0
-0.7325845204145789,-0.21522630657817224,0
-0.8754966094522638,-0.6524642958068557,0
0.3582440831174905,-0.3246002086500971,0
-0.4123076998606711,-0.44181152150407027,0
-0.3475643444921554,-0.7718477935758419,0
-0.7868793673473576,-0.27584504752673217,0
-0.8366245320471575,-0.861720406379569,0
-0.7855782382980588,-0.43312098444246067,0
-1.0040882232388535,-0.21586775585675344,0
-0.8931691333964831,-0.14562406925819346,1
-0.27667331434621106,0.9390050320864628,0
0.22855839788602328,1.041780386189534,0
-0.17405638594777162,0.4500903501217771,0
0.3175677443675474,-0.3273573028877045,0
0.11404377369574528,0.11126616516344237,1
0.1627419999472151,0.012259714994735986,0
2.6718271406312977,-0.09459628996658886,0
0.12782050352925328,-0.33406370308550554,0
0.3275473282059665,0.029540867486036047,0
-0.4413158128776701,-0.20778303559252476,0
-0.8905136576626488,-1.284642605162672,0
-0.685148759156541,0.4356668152949644,0
0.8142400340765081,-0.0744618039848362,0
-0.3781332081472574,0.2237769008100048,0
-0.5347873824140713,-0.6044808174949172,0
0.3356326344721283,0.6233950799050034,1
-0.5880876238179744,-0.3292631884666014,0
5.275469193484943,-0.5586543251998792,1
-1.0708800663182676,-1.7823271063659296,0
-0.38346130673861073,0.19214421947790478,1
-0.8064121507404991,-0.9120927216544602,0
0.5986881454489961,0.4704675637648826,1
-0.1603715466741224,0.019399100343238617,0
-0.5880227611962451,0.14627500149567624,1
0.621932380425712,-0.30330995811797584,0
-0.8044047974265114,-0.029257116705516166,0
-0.6354565197251624,-0.6897313445989981,0
-0.21490999050643056,-0.014540714713212914,0
1.9249592000975388,1.9326276067583255,1
-0.4946017917372629,-0.6905083989736729,1
-0.8871729341971806,-2.0620667930202194,0
0.5242464487594427,-0.021959647713195724,0
-0.2328353009245864,0.050574630687210444,0
0.5024375821522411,0.4536819123762631,0
-0.6279952953902698,0.9905796497911917,1
1.2945111069639454,1.7276190386360661,1
-0.2213556488371065,-0.12311652458551778,0
0.8328514966697527,-0.4727530315003785,0
1.5865672652861493,-0.42112134514689875,0
0.19310988669415452,0.4196686887310064,1
4.337474090276891,0.289842180866637,1
-0.47147700921777413,0.3054481462349051,0
-0.275299226976449,-5.134621895742075,1
-0.7787685419455603,-0.6519563776361091,0
-0.6561010017278393,-1.0287288137305144,0
-0.8116554646873065,-0.783319059085962,0
0.6709141911605306,0.09208830599620976,0
0.19333384220616248,1.5852539381978412,1
-1.2037936668204452,-3.2983183497175217,0
-0.5376147775409341,-0.4281900277171744,1
-0.6518142886274705,0.22290551525583538,0
0.5275132971539827,4.506001622914655,1
-0.9678273439734134,-1.1178879055735325,0
-1.033761905870187,-0.7787065802466256,0
-0.8129807678924166,-0.006940725765092033,1
-0.3269004873629736,0.03060023792393006,0
-0.788101806316201,-1.3571267281799488,0
-0.5749455799993539,-0.020626692448216476,0
-0.8003865334878437,0.4370424394627522,0
-0.7338332441680633,-0.7391962021217352,0
-0.4262502525536083,0.20965390129204045,1
-0.11410792987903212,-0.7008165029068937,0
-0.5639549124777449,-0.5569977644298895,1
-0.40235345368642056,-0.3149710257011864,0
1.558340840962503,1.5736248699658684,1
-0.03628605180296427,0.2636225893497332,0
-0.9058512657992681,-0.2487346315916572,0
-0.8483445125250091,0.7954458828048904,1
-0.6826856643685038,-0.06049715246665051,0
1.2171234081914941,-1.536287414588611,0
-0.5413986162533582,2.37439238865721,1
-1.0627198144429484,0.116576376347104,0
-0.06333072359169609,-0.8656325153821036,0
-0.7559567195616802,0.2648324733983483,0
3.080866558521801,0.7290401520131787,1
-0.8385651445499367,-0.7000771900818611,0
-0.05789689308334878,-0.1746406181714326,0
-0.08452096246952664,-0.06440988275719764,0
-0.5035162878590423,0.05059798086965033,0
-0.34917588059112237,0.6298729666647505,0
-0.8404741242026779,1.2477449114323955,1
-0.527099977911611,-1.2834681977872844,0
-0.5466547132814855,-0.24519445442191434,0
-0.13967707567188617,-0.19139716975947746,0
-0.06722195544815059,-0.47229677215907034,0
-0.05182564173607941,-0.054187277226911454,0
0.07074464575790354,0.19319649823695545,0
-0.4361310982857215,-0.9229066832325009,0
-0.4390560498800117,-0.39938357019482057,0
-0.09271969476965657,0.9476544252056212,0
-0.8337535416626726,0.649581953647345,0
-0.4818453834902553,-0.40007921864337925,0
-0.7534922491413203,-0.21951285015331123,0
-0.7974685624592291,0.3282750547882122,1
1.1320453300154782,-0.1602282112212153,0
-0.10820074198159556,-0.2942542053324669,0
-0.6109724301491778,-0.8920645322733857,0
-0.1534192720909479,1.2485787578352614,1
-0.5644045505430917,-0.27375071678139923,0
-0.8998897833967178,-0.7648012332374954,0
-0.7347100221788618,-1.2118609306891097,0
-0.7817049376661077,-0.23343990088710628,0
-0.7784108099747653,-0.2609387143003878,0
-0.816988870785606,-0.09274849170274262,0
0.5279537835880639,-0.78685078406439,0
-0.611077883308764,0.8555337851805694,1
-0.8535052636468919,-0.0844070151403978,0
0.5326611858821134,1.7903054604048436,1
-0.8266421511015352,-0.08485478519802409,0
-0.6639399928402582,-1.845474720520779,0
-0.702527778972307,0.141343474767247,0
-0.715466332785395,1.3147601448363233,1
-0.7221847428749425,0.5392759592396694,0
-0.8676111318944755,1.1431012923305104,1
-0.23804251768811224,-0.3442712428844369,0
-0.8419578573865824,0.07136890097845333,0
-0.01626842474429856,0.15996397175071794,0
-0.46115096845755194,0.4558573675261979,0
2.181838328295117,-0.4210342911246553,0
-0.8178032413260286,0.2790073403031767,0
-0.609635672968226,0.2610426625367252,0
2.383109211749354,-0.5067475454556751,0
1.1865386559340276,0.23679231923090166,1
-0.8254678077538952,0.41787612089712006,0
0.0926883155191045,-0.28609379003379015,1
-0.7721707723567602,-0.042278759415664016,0
-0.7364337023478807,0.9980645715974231,1
-0.4424903053409984,-0.4180849920076896,0
2.3310781515066497,-0.712195532350811,0
-0.6083990893597803,-0.13074795725878793,0
-0.5707887677937811,1.3376669399630434,0
-0.9757500148930176,-1.6023484985591427,0
5.351151578777776,-0.16406113928482333,0
0.11895630334932163,-0.2654567853990401,0
0.20774027501800713,-0.1414737807662079,0
-0.22045132558908756,-0.04584169334782052,0
0.3218963950141294,1.2060836336357725,1
0.6103468896645883,-0.35584579132679356,0
0.34802734587383855,-0.3462745924232398,1
-0.765077426667078,0.8144895459265193,1
0.7378403884425645,-1.154178713941039,0
0.5054419018818748,0.4908219708186932,0
0.4679307186900405,0.23651947664160106,0
1.6788358855333059,-0.7473514086869857,0
-0.8397323196433383,0.3376015255244394,0
-0.5421551514292056,1.294428501689337,1
-0.07699556807470338,1.4844566671560204,1
-0.48615502490477286,0.5999221955190304,0
-0.8257550992067539,1.4454266582864286,1
-1.1281395758197115,-3.936076085687154,0
-0.4467509561985377,0.65387166475214,1
-0.3839758681413671,0.3873822902092859,0
0.3405723848299378,0.3617813411150176,1
0.4467817791632453,1.5666996375867859,1
-0.8232368458122289,-0.16203421778176577,0
-0.6860067726822292,-0.8685655717977275,0
-0.7768015106161751,1.5572422311750571,1
-0.8144044127711867,-0.8751516438066117,1
-0.8179241047813522,0.8939834962790516,0
-0.9164639905825882,-0.1097746628157662,0
12.580194055885114,-0.6972944122962134,1
-0.1749719729228591,0.3350330106541299,0
1.7532046300090767,0.9808921612907682,1
0.13743975041677609,-0.29817729724150693,0
0.7812136765625162,0.5885770825231598,1
-0.7602284784445812,-1.1472957930281866,0
0.7231988484305208,-0.5672293362378692,0
-0.20588289167081364,-0.26882538877063283,0
-0.6215528427328488,0.3464398183550389,0
-0.8267034465239816,0.5524996933223683,1
-0.7326292378635896,-0.2282819559329719,0
0.0022413989574108215,1.4430653270479195,1
-0.7275322278140511,-0.20970324243008265,0
3.586505591973127,-1.394231393949245,0
-0.5120715564120825,0.5836535722346734,0
-0.959473291587054,0.17021060564167237,0
0.8182457501303388,-0.06551060590467778,0
-0.7919652390237545,1.1832524840319565,0
-0.33172813557262826,0.5757093202998481,1
-0.6580374971086127,0.22749390319809834,1
-0.13872595365451454,-1.9080254692571652,0
0.32503595959344583,-0.23289563592500417,0
-0.7870676810528601,-0.5242220321975183,0
-0.31786005646100857,1.6039032815799843,0
2.1512261422449614,-0.27757205833592,0
0.1590383413546732,0.055944991755346604,0
-0.8232315860613201,-1.5281384151733708,0
2.508215132320438,0.5501747279753857,1
-0.8307388288797775,-0.3842962634684867,0
0.8185056274382825,0.3925257676200918,0
1.3605325972195397,-1.124417972094944,0
-0.8343113131067142,0.20613609285989085,0
-0.3534526061415843,0.7741405077136432,0
0.8066835723257549,-0.04753498975942703,0
-0.9275834494438385,-1.5419097523775103,1
1.6748559935677352,-1.3177884572433114,0
0.34178368289235855,0.276038924812872,1
0.7403907185546158,0.6050201961782259,1
-0.5987884082522081,0.8112548996666537,0
-0.6175674204465896,1.3055853710446246,1
-0.9185025075718461,0.10136631951392054,0
-0.3641896171706648,-0.235570093165395,0
-1.055133102142613,-4.022095631444135,0
-0.9827083185716705,0.03740406790644446,1
-0.8265068460637469,-1.4152451377365007,0
-0.3630054909702727,-0.898403652090368,0
0.15341358966457802,1.7934314565198772,1
-0.6629093978691792,0.3586161695693027,1
2.9158924255222227,0.2583650917286673,1
-0.3720895274196395,-0.14578022342065602,0
-0.8702526711162701,0.3413257085962537,0
2.480329940038505,-0.18263666976664278,1
-0.8431196581560413,-0.06782373515536748,0
-0.552643100994576,1.8130090298440646,1
-0.9226410415234508,-1.4199139315389167,0
1.8409707812131433,-0.06396799182651898,0
-0.5319218257446462,-0.41867860203591334,0
-0.15370405929746958,0.12021004062647898,0
-0.607261712162466,-0.9268840805168874,0
-0.7819556113920307,-0.11391804506925765,0
-0.8586042190624403,0.6678621685804749,0
-0.9095111133921281,0.581738137853317,0
-0.263325284874351,0.1298113401022342,1
0.026429611691759943,-0.6029186657824944,0
-0.5538707097228526,0.10193685662014232,0
-0.835425788645052,0.1810263208230967,0
-0.825042192373927,-0.2731411728896561,0
2.6124246490129805,-0.27921782904992354,0
-0.4890650068506197,0.008017955458156898,0
0.5279606429789065,3.204376245634085,1
-0.7038259827980536,0.7516389077309056,1
-0.39562365053185056,-0.2491021635414619,0
-0.7283575086237235,-0.5233883407776954,0
-0.7564675176709158,0.39236589438986147,1
-0.7791349689626919,0.37751787341229887,0
0.6765918058990896,-0.4514135939496003,0
-1.0179869840586477,-1.1680072044177408,0
-0.20844428688966143,0.5063697219408206,0
0.47266655280506314,-0.08065484291453905,0
-0.8402262104543495,0.5807600345073204,1
0.43816747085752933,0.5435102291321153,1
-0.6319588385157769,-0.39226711435000233,0
-0.37322764066534975,0.36305916547879014,0
-0.3535917896819057,-0.5081131291743043,0
0.6824613187866204,0.23713425296005747,0
-0.703463320088329,0.5354424431398517,0
-0.7087980022049886,0.18947181627660553,0
-0.5075621862803243,-0.49032689333718216,0
0.019354638991459925,1.271401690809896,1
-0.7927075280491567,0.7423079672985691,1
-0.598420474704929,-0.7532570120185104,0
-0.9028965185472774,3.957503414011928,1
-0.30732290996571,-0.28725041621287795,0
0.9571434172568966,-0.31791648994348126,0
0.6149654789781126,0.2986322374301227,0
-0.7531770401833643,1.0538140256463997,1
1.1631581559637416,-0.28716722104875714,0
-0.7580113659558914,0.07261288382879752,0
1.7763304246903664,-0.06511893062626471,0
-0.3136144618790122,-0.6619503177961484,0
0.13606869324503287,-0.12329287089339666,1
-0.32447522053310923,-0.40305511205875594,0
0.7628217388694036,0.08749001026655473,0
-0.11226811934124066,-0.16595854333031088,0
-0.5263611045623945,-0.1352346363568306,0
5.354311610909861,-0.4669850898087154,0
0.13536548728892078,0.48450311153177716,0
-0.8971897700713858,1.4696479195097596,1
0.6172786254856191,0.5258144895876486,1
2.017213187119805,-1.0941398726805502,0
-0.09400597123956567,0.3986706156422722,0
0.4665825415348497,-0.14004486720571305,0
-0.8684319979595788,0.2368008828328098,1
-0.5110527827655194,-0.061664862733976714,0
-0.5589583432104079,-3.332190333641426,0
-0.6007076777895414,-0.6932838583383609,0
-0.14258926108813133,-1.2355276878965722,0
-0.8196296819177956,-0.45408869573726,0
-0.29718811811227375,-0.005591450276577312,0
3.6443039475679546,0.14275645311647403,1
-0.6685093143356183,-3.5110317770067714,0
0.41473080046207905,-0.5735698815606766,0
0.017836379996494848,-0.23764779481929985,0
-0.5303873037259735,-0.4913984758294101,0
0.5600779818467863,0.5946803073806884,1
-0.24820251892503084,0.41365336477794906,0
5.919756002435671,-1.1322975657181913,0
-0.7795163291518417,0.22388321344771267,0
0.6605188685065867,-0.09475241232511279,1
-0.7518938984685534,0.5443451007157682,1
-0.45919790172591374,-0.3801259130135447,0
-0.8382839969849715,-0.4185723828396496,0
-0.584711749982725,-0.0728292304598471,0
-0.31774322686896794,-0.25570025095680043,0
-0.7463153521693003,-0.8255062479256484,0
-0.8220519522807207,0.5604594997844996,1
0.6901581733008681,0.027027938276685138,0
-0.6488106374037891,0.6139721246457588,0
-0.690370768624734,-0.2981875956366044,0
-0.7077467052125483,1.7529878567958401,1
-0.7859969508357241,0.2680438410513529,0
-0.8678006229385412,-0.8274139019068925,0
-0.6480515057301268,0.044275707439455456,0
-0.38502469278680673,-1.7941499331414812,0
-0.5430164918841789,-0.33712042409404347,0
-0.3655858432765663,1.2457090598239258,0
-0.8149189708231509,-0.13302538542476683,1
1.4222414880658163,1.188617468023773,1
5.798351107836292,-0.5645621570926191,0
-0.8187836167357683,-0.280517856059892,0
-0.8504886052790018,-0.14630391397147702,0
-0.23468557614889973,-0.16955683973290975,0
-0.6564915046495678,0.1204783258289466,0
-0.22709446489907245,-0.3327307538537464,0
-0.3759573378462343,0.213112765327224,0
-0.681990311536116,0.5928943009682082,0
0.5955023355777169,0.2883478941281294,0
2.0676121886949472,-0.41468831389974226,0
-0.5818574331945165,-0.9138125626101795,0
-0.5360144145380886,0.19623942751350026,0
-0.8115626746504294,0.7164610848395812,0
-0.7085901470115288,0.8607777349694978,0
-0.830422406502642,0.7383110986780214,0
-0.48856621199226946,1.1635866765607135,1
0.19720866635015927,0.6761291203613996,0
-0.35882831938810567,1.0515067815162762,0
-0.6954506225763774,-0.09774640299511339,0
1.443759936870641,-1.1837248379256895,1
-0.25333865107176246,0.48663955465680686,1
-0.3043169088142152,0.38601831780637264,0
0.42176217541241123,0.046821154634921175,0
0.026119738759839105,-0.27233594621219775,0
-0.4017581304379099,-0.3150265188869281,0
-0.7918099255896545,0.4614106423476784,0
-0.1760018175230773,-0.08220769750978182,0
-0.7854104282308216,1.0294709224909955,1
-0.6986909655683785,0.027585541766913888,1
-0.02635531477888297,0.517372890726953,1
-0.40579868837893857,0.3192415517517674,0
-0.8841319970233034,0.654253532663022,0
-0.8370739325859697,1.0710624494811243,1
-0.09650564104778947,-0.3432879138926298,0
3.6452734597373655,0.2985311741635772,1
-0.8469328847009583,0.41804753831972075,0
-0.16181509686025244,0.019717683392888378,0
0.040540174941817275,0.05964945766440407,0
1.223096904161536,-0.2581755462184844,0
-0.7758289735931749,-0.6458171576345895,0
0.054409577089623885,-0.0609272933004159,0
-0.5705359757359725,-1.1930217608985392,0
0.26677023854660703,-0.4132226060664227,0
0.8906532520688077,0.6244028076490202,1
-0.5861307171137634,-0.2516254348259548,0
0.5784269654813324,0.19887273161403646,1
0.8817507104448532,-0.670891157146631,0
0.007236901900607661,0.6607904634579208,1
-0.7530346326896292,0.22252868681795793,0
-0.8161354677456807,-0.24115812833618153,0
1.2623427673307883,1.3243963407462849,1
-0.2989761238847608,-0.26237327444790265,0
-0.23734033411076813,0.266822641840637,1
-0.6235288702300557,0.42372599007677364,0
0.6996404889668206,-0.6642654649021733,0
-0.385146737036561,0.2445755123234044,0
-0.8576613276239704,0.11517284546965904,1
-0.25043429501424114,-3.558958026683402,0
0.3183157803744341,0.2606662814888225,0
0.1428599578145949,0.8844025964920698,1
-0.7867551863164368,-0.6959888423015694,0
-0.9284683901447128,-0.18205540329109507,1
6.6296517440462095,-1.0782989091509816,0
-0.6378925866328998,-0.21799957911891135,0
-0.8480644519967641,-0.5060480620581003,0
-0.3641566747483536,-0.16213600451122478,0
0.0014761125949886236,-0.6702440225412208,0
0.5424328592612431,0.3205221308244711,1
1.162620300974559,1.069138191125131,0
0.6635462803723684,0.33993427031172785,0
0.35032462253708163,-0.6615573287422521,0
-0.11738646517743274,-0.5915387832250872,1
-0.8041087762023904,0.11605327620416779,0
3.1924190541162223,-0.1786040840746279,0
-0.6100414097851204,-0.23655696278688085,0
6.579015568406186,-0.21004986697699907,0
-0.9692189883958647,-0.9698903235437061,0
-0.7954078883579057,-0.28066722613393574,0
-0.42984474203165496,-0.45459523971696814,0
0.11052816671025716,-0.3322585655794213,0
-0.4838829458596701,0.6502407985273634,1
0.12227270223052061,0.33588307030574144,0
-0.8134349343950508,-0.3860982925585008,1
0.36568438819995924,-0.38527820957437303,0
-0.12571880218682197,-0.07711289840636673,0
-0.6592808788581604,-0.05049712218140677,0
-0.8119484440765194,-0.2954298139528664,0
0.1169761715420658,-1.2685322812256044,0
-0.4107684938185843,-1.0748650171375171,0
-0.8931134894703027,-0.38353438288721486,0
1.110556521118982,1.0220407881314362,0
-0.10417158039642543,-0.49367208690971515,0
-0.7234007312916817,-0.17838040544002345,0
-0.5133435405753202,-1.191803106564347,0
-0.6540261522400698,-0.09670868034759661,0
-0.21660425893419386,0.09535983818986798,0
-0.4198860941950518,-0.05486042740797678,0
-0.8532251671198312,3.8853586827149496,1
-1.573176030612854,-7.905810647221502,0
-0.04392212754340685,-0.11903191206786937,0
1.166068143059281,-0.08917375987027541,0
-0.9848515105088111,-0.7122163417163013,0
-0.8754137334335695,0.5715860116784505,1
0.32136446220448234,0.16690224475249382,1
0.454350180095765,-0.3450749407488072,0
-0.14371496165407435,0.03933915110790187,0
-0.3688468579975745,0.06633107932276835,0
-0.2640058128364927,-0.24146394684300823,0
-0.6764001134905554,-0.3608514132896855,0
-0.8973455216343669,-0.6746752980454582,1
-0.1650665766115061,0.7757322168013627,0
-0.08619591849855242,-0.27196004704730486,0
0.14171041056504471,0.3454608609031101,1
-0.9496179182449103,0.531277554178805,1
-0.8736158897670946,-0.19457790189787993,1
0.7187641627275512,0.910348422913835,0
-0.5535167603636253,0.24717833216149493,0
-0.60581983089942,-0.05592147153898393,0
-0.7537396658046209,0.15489167044090127,0
1.2999919476103565,-0.01120648757300128,0
-0.1607846923738751,0.5482503755892717,0
-0.9450595630886429,-1.7093846983525154,0
-0.48460625405889735,0.9121510414183358,1
-0.4409524067626155,1.6496584108706818,1
-0.8321240527454047,0.9038211651478553,1
-0.6484904107238608,0.7775075975653992,1
-0.801197738323774,-0.19100986325354838,0
0.08607960839144567,-0.9307550814742134,0
0.18844488422671382,-0.15786732444470247,0
-0.6874568955231461,-0.23666567404296804,0
1.255078464480102,0.29838624580573603,0
-0.8283000841964038,-0.6564764966622754,0
1.0400180066352065,-1.5836502468316336,0
1.0835121350560935,-0.7406442755458574,0
-0.4802073457463017,-1.2994326439188417,0
-0.40655165012751643,1.2782386153355298,1
0.3852912953343387,0.6380854720215325,0
-0.7736974924052806,-0.2261534041191451,0
-1.0474464293421724,-1.1541708145828757,0
1.8964316475407734,-0.3893914158839718,0
-0.7684314002022777,-3.1218547565420107,0
-0.8311394508834224,1.0715565808028105,1
-0.2728854676786732,-0.5061498662433507,0
2.9113479236545516,-0.6309564245031632,0
1.5602468399501848,-1.3386190488757275,0
-0.6108480814134813,-0.05402736772108477,0
0.8156035752246226,-0.27101833932925873,0
0.25786886732280595,-0.215608567094479,0
0.5453588564544505,0.5013347787686028,1
-0.6869275700463827,2.541754213693818,1
-0.6089036630215815,0.5111430590960822,0
-0.21072632558978668,-0.20020262595689572,0
-0.6987006543597959,0.3817375492638146,0
-0.7694842182552833,0.18983324010830757,0
-0.7864992814456775,0.27132637604177173,0
0.049349503761056235,0.3039469568982095,0
-0.7145301600388764,0.6666777265618054,0
0.27142010127052485,-0.608063100250702,0
-0.8223436438005063,-0.49462496849200793,0
0.736159668940532,-0.4084086061492426,0
-0.11483156024379149,0.43985773472640766,0
-0.8088998021891057,-0.14442222783652,0
-0.5005188535424523,0.5999168463347505,0
0.6636029380140667,-0.23655727905430532,0
1.127867318115259,0.2505787321669247,0
-0.5569728659574924,0.38929668912849485,1
1.4471749841830543,0.9942652020073054,1
-0.6778666804270014,0.5278213688924857,0
-0.7001388950775539,0.19157575419532114,0
-0.9772793088972039,-0.23065399580259338,0
-0.9471664562530889,-1.0421995486026587,0
0.015637865320079703,0.44631925360524644,1
-0.6763040224860851,-0.25029120929386023,0
-0.7213368133304062,0.059567014718903084,0
4.44681782516482,0.08473549847439732,1
0.2121968434906832,0.8620700997418731,0
-0.7250306073166723,0.6350246558010222,1
-0.6643219342187306,1.4906415039762935,1
-1.0506618433622477,-2.351530851373465,0
-0.5422241910199951,-0.22527390375801562,0
-0.3272741187441769,-0.8641325503192945,0
-0.3294229576569303,-0.06549034807343962,0
-0.292534888359969,0.7211979129558954,1
-0.777065266076502,-0.7284482744362034,0
0.16979925289124428,0.17420402805296037,1
3.417308733525627,0.0508839746038874,1
0.24194041261413188,-0.8621118639301618,0
-0.5155522736920175,0.784439093135532,0
-0.6432060848959193,-0.16015662909760545,0
-0.09504514258704845,-0.5409622973315276,0
1.172090929851844,-0.3558497876007589,0
-0.14678782790982922,-0.6163222961398619,0
-0.760912235607666,0.4037397410880686,0
2.136033607530174,-0.0007297421887896553,0
-0.6159434750310008,0.5834370740375535,0
0.29019860317271884,-0.060074481778862945,1
1.0284465384380659,-0.9449998304820493,0
0.8759102974307109,-0.005143875698168059,0
-0.3499277876098249,0.7740537547850155,1
-0.5788100525013498,-0.6517659185145798,0
-0.775461410520636,0.08233540513043243,1
0.04224798602787492,-0.04472720201379374,1
-0.7480962535108528,0.9704670266898253,1
0.18140441660233028,-0.08301537238710517,1
0.15838586216380707,-0.7815482850875269,0
-0.8496656562367808,-0.027447704521782634,0
-0.802048826088846,0.10364473499122318,0
-0.7068131205567959,0.3712644824245972,0
-0.8436315192031988,0.4267040301787646,0
-0.8607351403413334,-0.6873719815082162,0
1.3857869550770023,0.04410635984213629,0
0.045017706571253834,0.12464283769085203,1
-0.8129074683697944,0.7980637579764878,0
-0.7664270436335352,0.5258992916143338,1
0.2528221833258633,0.020562018714179172,0
0.5975000440649102,-0.02068353740334371,0
-0.26436863309212455,0.7375869976229901,0
-0.9354463161372446,-1.0138613675648753,0
2.84643218335177,-2.142325363199668,1
-0.5695790101981183,-1.6840831650678774,1
0.17301575788375667,0.017433127920930488,0
-0.2537415594709017,-0.59868125999055,1
-0.5556661736595765,-0.05711920607885497,0
-0.815899617166182,-0.21533443558645787,0
-0.5239768945081679,-1.469070130138361,0
-0.0019718218756248403,0.08884994172016762,0
2.983689928282542,1.6541600251912427,1
-0.5325471209114552,1.7162928892911284,1
-0.7581680320581239,-0.2162502403164075,0
4.29226414430266,0.04968665507875265,1
-0.5542444077926507,-0.7089836375376527,0
-0.2242827679243358,0.2136839011245678,0
1.683489550096824,-0.2831849863585062,0
-0.7881349299353322,-0.29486603199358813,0
0.19695645020547575,-0.28415711482540523,0
-0.4194508939121328,-0.15618709214731963,0
-0.9597360581851073,-0.27423052184857943,0
-0.5329313642235253,0.009287652829080232,0
-0.7434599487148873,-0.28754112505645485,0
-0.5798625772803273,-0.5068912527170337,0
-0.7847134786102351,0.5249277762194134,0
-0.7797102798295431,-0.12505742145825222,0
-0.7539375156926614,0.2441330397535498,0
-0.8302856889560674,0.05715870160106415,0
-0.8716420153213765,-0.3758173432350076,0
-0.8809794186942189,2.2323810040873564,1
-0.8891567615324646,0.047540057227751696,0
0.6528322295120281,0.348242405287107,0
1.8134885502021212,-0.5049105134486271,0
1.4123763915875478,-0.07084205890593895,0
-0.6617792053951129,0.7778573672245029,0
-0.9608251201498768,-0.22848704351393445,0
0.3431509242362024,0.4238839060769937,0
-1.1819203207961284,-1.6609599666935955,0
-0.37544303526662526,0.6577081704984704,1
-0.9327622223927293,0.23345430509207998,0
-1.0073811593272706,-1.147639987043482,0
0.3484696788631734,-0.7718467644639254,0
1.2911411014739458,0.7472148043193632,0
-0.46560915516396256,-0.15333534579856928,0
-0.40630264802833566,0.5691039240634375,0
-0.7217540893436719,-0.5928480153138815,0
-0.5377874209293576,-0.11532956282152022,0
-0.8351363487993018,-0.19976986227755567,0
-0.7946207821139506,0.3942569344300332,0
-0.8834157361740271,0.037651405267707536,0
-0.9221166737237204,-1.35729272564635,0
0.8342996334816023,-0.06792992744734537,0
-0.878166366120001,0.9725279803049593,1
0.12447931414077448,0.14529388961999812,0
-0.775035806419633,0.38514266668000463,0
1.7988696049789592,-0.7940066352972486,0
0.07090610699862358,-0.2365975479065509,0
-0.7719287171885312,-0.6342820484130401,0
-0.9877128404806963,-1.2049811150059035,0
-0.7162358591201906,-0.20804009678913477,0
-0.2664526481939575,0.39249125643149313,0
-0.3532183110237661,0.2760354535087034,0
0.5674088120449488,-0.9594709646169669,0
1.9215969434950977,-0.08528867422641156,0
-0.2643776211788596,0.1985109562577086,0
-0.8546246190528033,2.4697900795683627,1
-0.7984817738607447,0.2670492126999572,0
-0.343362038403167,0.6134142806927508,0
-0.7308035975971846,0.789749812793136,1
-0.8329275841462667,-0.5840909823029475,0
1.8227607363558098,0.14159851758733397,0
0.5027290355684353,-0.21441400787484857,0
0.29505724949108375,0.43403536893830297,0
-0.3760744770382427,0.07379852219682619,0
-0.75518714388121,-0.4491793907339326,0
1.2123834731250145,-0.0016384711107687825,0
-0.7561542642783352,-0.08476764413001,0
-0.7585864049299959,-0.3731734429540729,0
-0.552855411903963,-0.3003636274000544,1
-0.11483104343996942,-0.5865882254201935,0
-0.8378511856360169,-0.03165229991301304,0
-0.05291655724780338,1.1630747155397183,1
-0.3079598432868247,-2.625898118530318,0
0.19775011881477642,0.20604501804431116,0
-0.9702596833326987,-2.2737094020225235,0
-0.8629652966392618,-0.0006410937351026176,0
-0.8921004817785657,-0.056283034027856706,0
-0.6692195369086044,-0.38776419309455396,0
-0.46240352974583027,-0.5687608955484388,0
4.912351600428936,0.0774375429819492,1
-0.752903989941527,-0.25569551325164247,0
-0.07294856713231779,1.479216328430501,0
-0.2747287198582581,0.5505534569970656,0
1.1812013295676635,0.46806990657271647,0
-0.22901213079501853,-0.48075085410392215,0
0.6828578408864012,0.02804942870678533,0
-0.26150000628299735,0.18769609645833757,0
-0.6240680327077325,0.10272048389090663,1
-0.7629213066512597,-0.5121117834945185,0
0.2942553760492141,-0.26342210494234314,0
-0.6448037043389346,-0.3509678867528042,0
-0.719969607949027,-0.16493847918717675,0
-0.882593143556919,0.21862610031077245,1
-0.24000074124369145,0.2420065252566942,0
4.468870809674592,0.03537120289395465,1
-0.2398843764334468,-0.5016911144182318,0
0.43372744413987263,-0.6511329675235801,0
0.7259660097833339,0.17365002068781552,0
-0.795800735137526,-1.050946166631862,0
-0.39599209145915776,-0.06320024012892372,1
-0.5642207034265391,-0.5392055468894533,0
-0.8852262595468218,0.9051807090247783,0
6.069976319289985,-0.9781766610190186,1
0.26235145241960733,0.20776312088415924,0
4.826212453488405,-0.4356093723674017,1
-0.593185323106327,0.08318346413038916,0
-0.8556350226256761,-0.11946476787118145,1
0.17436885602535337,-0.18684525694786788,0
-0.8618080431550283,-1.2428733813598845,0
-0.7920844188657312,-0.10909873835120168,0
0.1348865500783313,-0.1771810594182889,0
-0.8740398145315541,0.8529013708657578,0
0.14914678173695425,-0.007874493272680555,0
1.6884423079985231,-0.26149664804226425,0
-0.2264489731034269,-0.1087506856603774,0
-0.8154548945871394,0.6860166674289058,1
-0.6017571995537453,-0.16292723239772602,0
-0.8139114378064134,1.140961978367873,1
-1.004866316863497,2.0056754577232137,1
-0.49946899774673187,0.9339283641387268,0
1.094235552213331,0.3525033737061206,1
-0.17549152765723974,-0.664121203077653,0
1.5496797405939156,0.8521521756553426,1
0.11898300788964498,0.9800514765128612,0
-0.5787678757266342,1.3296411354818318,0
-0.9103737432722936,0.18171526120700324,0
-0.5633126658923577,-0.32247931249301204,0
0.07314289042821623,-0.21735299276842862,0
0.29073101745924984,-0.2779446443417374,0
0.3700246217401716,0.6839024178531643,0
2.0254426508478343,-0.1497548248635922,0
-0.8674182902797881,0.9859335505201116,1
-0.48024313389934814,-0.09922350603055853,0
-0.7680422103655263,-0.3823062221253985,0
-0.6753675208657943,0.3861256685437637,0
0.367013753242427,-0.12948849293868286,0
-0.1505201970803271,-0.09126126476745335,0
3.260127066536098,-0.5579557224300158,0
-0.311963456086498,0.6707135524584699,0
-0.3486609113038648,-0.3537931309612884,0
-0.7753660011068366,-0.5468346072570327,0
1.572613797568109,-0.03761146245034083,0
-0.04767672421064005,-0.49378519118588987,0
-0.20115031044894427,-0.22344527888745788,0
0.29353483789582163,0.8159071168266626,1
-0.9365608998637117,0.2714765423018529,0
-0.8658709739637205,-0.8513316987329566,0
0.11063310287968851,0.8543810814576894,0
-0.7119286211221002,-0.44115773566338773,0
-0.8256623934498978,0.6534956513669506,0
-0.5145854767944963,-0.11420833687483505,0
0.873281666055694,-1.6412467072849646,1
-0.8206301557102539,-0.15889847979132882,0
-0.018119901792266236,-0.9564659524277719,0
3.409592246428799,-0.13212162012150833,0
-0.6495302116518882,-1.8753728259659739,0
-0.47824383195828796,-0.23311964717253067,0
-0.5561413830421456,-0.1639477004541626,0
-0.9578265482468844,-0.9114265516853642,0
0.11986607222322454,-0.08882820088246522,0
6.96769514490583,-0.22548947844969017,1
-0.5445382690324879,0.6706417740477739,1
-0.49142950802036456,-0.13799803440911565,0
12.112902472361146,0.16862938277070075,1
1.456706743839239,0.931134391492185,1
-0.4938644571701781,-0.5257337202869529,0
-0.7797586974764533,-0.6812140891993559,0
-1.0717989608976701,-2.0085390812434696,0
-1.0120849964360092,-0.8951268667916222,0
0.278525825927219,0.22656901743814023,0
-0.4848825324683884,-0.2980019435050992,0
-0.6285492187894803,0.5674266530846611,0
0.6219759614931911,0.81405377498642,1
-0.9786761588362693,1.4364828085214691,1
0.24764763760010225,0.35683896630152045,1
0.5057943021058929,0.2268293301458443,0
-0.6389511805097765,-0.004121521727543726,0
-0.4216689789712954,2.348583160195051,1
2.6237060053832715,-0.25731133830895986,0
-0.9098697016039344,0.4556392720889296,1
-0.3362081610493958,-0.5775564398467319,0
2.05943953735017,0.22484775399079948,0
-0.8580857036867584,0.33168927689104827,0
-0.3674015947415397,0.8468935921907936,1
0.12646923701987764,-0.7189975838067815,1
2.269606491729201,-0.42960958338788,0
1.26872398672824,0.3340477280773909,1
0.33925137195119714,-0.11838087200872038,0
-0.5065258917265109,-0.09426585629457361,0
-1.1236551799926542,-0.40859427083843214,0
-0.5504483500228563,-0.6146821227295667,0
-0.2484944437417166,0.5650306254612927,0
-0.9589969122120019,0.35282513769002394,1
-0.9224804033233454,-1.4527713321737372,0
0.48899657764974874,-0.2530655903157324,0
-0.8831834637118462,-0.1709192449563688,0
-0.8302057542232166,-0.5668662761088011,0
-0.8149494615254604,-0.5734519064534753,0
-0.4935301136285279,-0.5473246398679433,0
4.097131594795868,0.09281062737380733,1
0.3128676450438359,0.027714860435555995,0
-0.44476436096887534,-0.19384991621766043,0
-0.9308589765742233,-1.1756920849751966,0
-0.9208317297550875,-0.6482231624449065,1
2.1279816136208494,-0.4926610147830031,0
-0.5938016077277308,0.6699657413025437,1
-0.03651306909362167,0.3643838781132546,0
-0.09763676133704152,1.2193695152176098,1
1.4714577573280188,-0.45574994318060924,0
-0.6874293164144647,-0.04769402817859764,0
-0.839464368056535,-1.140171520725137,0
2.468906346877542,1.1360505679345636,1
-0.8095349562881666,0.42107661706757,1
-0.9651037210998282,-1.2824522089157533,0
0.5568368505086956,-0.5577383144970952,0
-0.7947145084675457,0.365929961443873,0
-0.5534193424515219,0.8017032716280451,1
-0.058037494008125114,-1.0513467446217035,0
0.06178904366692045,1.134363826793508,1
-0.05480194386858811,0.4105410749481422,0
-0.8018182546470533,0.23162255088922687,0
-0.34802645849725783,0.4132678881294313,0
-0.4709189008729716,-0.43268030625538706,0
-0.3182466618678725,-0.10712365698187341,0
-0.8360415401880399,0.628429801505129,0
-0.8489591531546908,-0.32659368994093996,0
-0.2649542437937396,-4.109694025551944,0
-0.10079192382097614,-0.26109945599769213,0
0.49271251993016096,0.41232973765904385,1
-0.40432523362083067,-0.061375525414659925,0
1.7019775798736811,-0.534299819084053,0
1.3476752413164512,0.20874666284555835,0
0.8988380796128627,-0.5504616287882858,0
-0.36890032555346747,-0.059785309613111216,0
-0.3152975217283096,0.5462307571460823,0
-0.7381112731602698,0.4276653688588808,0
0.10657828439474702,-0.3086104079749045,0
0.4194543900729486,0.2796802618037287,0
-0.19820836383606796,-0.04586026061172765,0
-0.04959864114232183,-0.1980878636709075,0
-0.8768678056821966,0.06891458792885895,0
-0.42924123996151897,0.2656880362422504,0
2.0976986797030417,-1.7809519819465982,0
-0.40482362396807975,0.07459392497924053,0
0.36258832473807884,0.42686340949061763,1
-0.7175010767378627,0.054168942515233784,0
-0.8347549562517941,-0.3868121029528636,0
0.4585313546337414,0.07367206746465228,0
1.6804448767280302,-0.4763919064672917,0
-0.8542379632129657,-0.25896059141114675,0
-0.8081208440589649,-0.18210318331544495,0
-0.6943176698628019,0.029470499719931036,1
-0.8391985013423584,0.3144473188024355,0
-0.5131657673570431,-0.22361482008609976,0
-0.4056984002548278,0.781052456445296,1
-0.9001656044704304,2.8233820876768125,1
0.28161897359513505,-0.6078447744219475,0
-0.6507833923081575,0.9938750604347475,0
-0.8127401710845907,-0.6179244546465691,0
-0.6217224576809962,0.5554577627813878,1
0.9558654403463666,1.5051724893791132,1
-0.9088944955180834,0.46479550040609974,0
-0.8379091980314396,-0.7260951260503816,0
0.7586218839843372,-0.06307635122353368,0
-0.3169888716401593,-3.4792146679436122,0
-0.8606304546832428,0.09351136867185023,0
1.7813901293232708,1.6427740895579641,1
0.4400556357376719,-1.180774052642861,0
-0.7195951684198106,0.4165644184804068,0
-0.4847335189405476,0.3073367408078324,1
-0.6761981601446443,0.12955756023089418,0
-0.7942300858777245,0.059101259097161324,0
-0.052758673857307085,0.24425626697125938,0
0.945204094175756,-1.7940577948447876,0
-0.37869574232800296,-1.3065618199302642,1
-0.824276587970848,0.016368111779136274,0
-1.0750761514465268,-0.7976932204765911,0
0.7069026637084549,0.049150892504221284,0
-0.5238741278035418,-0.0116221005066154,0
-0.4705343964419397,-0.5242931848050503,0
2.8285173867048603,-0.6465574281171068,0
-0.7354207198978059,-0.7765294077944851,0
-0.07085876753754197,-0.19923511747768194,0
-0.8023619295419316,0.3573658249247301,0
-0.6409597281546704,0.6274244166275871,1
-0.6149480264307715,0.801282509649584,0
-0.6265397111935417,-0.05564602934781884,0
-0.7622019759709094,-0.05840237801966989,0
-0.45590092843467434,0.4284095981361203,0
-0.29494262341038935,0.6611477746055546,1
-0.5565173492093033,1.6321976989113627,1
0.28261320321500927,0.5108686370660386,1
-0.6963524737829679,0.10400476149624543,0
0.19987573784921367,0.21992864767855327,0
-0.4798674468158999,-1.7466211791864539,0
-0.22065496666204115,0.10640798916994998,0
4.383270917444824,-0.6261104132262435,1
-0.007543901505849078,-0.1993678126530217,0
-0.27793270869583026,0.07449565226534209,0
-0.5970750905810724,-0.7827633699892934,0
0.06678598024720957,1.9181225624327327,1
-0.9459625960673975,-0.7036237743992425,0
-0.52552866759507,-0.45605247103193,0
-0.6715335649481003,0.0501773667490934,0
-0.7910777958899798,2.113903686688309,1
-0.35373122081596364,-4.119823776050696,0
3.10021360874517,1.486477846955763,1
0.9440487622115358,-0.2307858051193548,0
-0.09153236316672453,-0.04463197012703537,0
-0.4131041309235077,-0.16769304840421767,0
-0.6958214443810972,-0.2445751410158845,1
-0.8823470342475098,0.3351157893672995,0
0.11532608828580469,1.652846942912997,1
-0.6019515760547197,0.14312915507075308,1
-0.6523980085619954,0.24880594503538256,0
-0.49317649523915313,0.413765402531024,0
0.25119290461151556,0.5062925605340883,0
-0.8520467369240389,0.18097225453766116,0
0.17089166187793167,-0.03749985096084146,0
-0.8304008437602072,-0.36361953291023,0
-0.8917803908362189,1.6014127337719744,1
-0.6131748808431078,-0.020267029125571562,0
-0.7499866464306201,-1.4912695105278517,0
1.6151735046103513,-0.28376795416341166,0
-0.820032642940776,-0.02069199620979158,0
-0.6703211099663933,0.11443325324612351,0
7.557934642182849,-0.6083772689871655,1
-0.8602328571533074,0.04823308125614041,0
-0.8373265931403694,-0.7777553910842461,0
-0.7153464939691356,2.2253328047475742,1
-2.1830666009386124,-12.898263375955102,0
-0.833394254153216,0.2058765150032206,0
0.21478078903144357,1.3694412367018085,1
-0.5803474462514834,3.6225240591511505,1
-0.3417705899609578,-0.12223004535294195,0
1.5659632313989587,0.15786216764473135,0
-0.5293824232799398,0.4017284842362572,0
0.4795622119734362,0.22413015380710305,1
-0.8272803181502567,1.0942248900494393,1
0.20642367307592605,0.7249762270030523,0
-0.25497042524802904,-0.16380380229407296,0
-0.3749974657351736,0.7949151536513761,1
-0.9095014080770609,-0.5426332255085692,0
-0.2717654243550584,0.41470678500654645,1
-0.012112350069715996,0.9260601667259385,1
-0.9736551238577138,-0.9624214987484072,0
-0.5317731496949217,0.5797811366052771,0
-1.003438091621205,-0.24663826321750276,1
-0.9625013295922045,-1.417870870580772,0
-0.5390357061402099,1.0760706085163312,1
1.477036133502147,-0.2237652814425325,0
-0.8159292205335579,0.1814205378447327,0
-0.9623269309325773,1.8031735592686717,0
0.11337826555984756,-0.5933538636639896,0
-0.898745456821132,0.2524468893226868,1
1.8038782964661069,0.8407120137177366,1
0.09241789911355626,-0.6137569117904752,0
-0.84401471764515,-0.48847217143726596,1
-0.1210509334176687,0.22729252234633537,0
-0.36728584585553664,0.4848514967597169,1
-0.7457868266888388,0.6874342861766976,1
-0.7238218818062031,-0.5566699006242933,1
0.07694582744700747,-0.05477941454878332,0
-0.8274559447489299,0.814712434752804,1
-1.1068810149719468,-2.8457791135858046,0
0.9997862772444973,0.6855679467264323,1
-0.1485920532450178,-0.2892704671020617,0
-0.34638792238205135,-0.49800808354843334,0
-0.7862037839916542,3.319493162474367,1
0.23975419583696778,0.0008974532263037487,1
-0.25164988723254483,-0.8336974698354929,0
-0.7317190475109862,-0.4299340384543316,0
0.6670604764792784,0.48691929892142827,1
0.5692117565556281,0.699902644954827,0
2.651778811596756,-0.5008091009801429,0
0.4605811564202155,-0.4278130230130974,0
-0.7408009960543392,1.390749518723379,1
0.7653402911107475,0.1707187779528468,0
-0.6223368876433274,0.033950057549310304,0
0.7576947704905181,-2.1025247694308065,0
-0.3765136084720665,-0.9245910234699801,0
0.3354493722761701,0.9128644546702501,0
-0.42516985925831163,0.5225014072755985,1
-0.745188326748305,0.32412531980158504,0
-0.3687025637905073,2.0596358958127725,1
-0.8014127126924733,-0.33764872618280684,0
-0.798227083520488,1.5176947112461219,0
-0.9515298543426917,-1.6944577535696814,0
-0.4216715157239412,-0.08389656506345537,1
-0.7360479257067738,2.3849750463972845,1
-0.02984266324520535,-0.19125490445276516,0
-0.5846192287521221,1.8501435577622605,1
-0.8380694675862992,-0.7504134813312411,0
-0.8885031415369965,2.4034505148496144,1
-0.13249156714175808,-0.662399042636448,0
-0.8925921482252334,-0.9989273288215027,0
-1.1018735621224753,-2.3536740702157855,0
-0.7078997944485076,0.5777604421003931,1
-0.6838651627159319,0.09928805895752138,0
-0.7044850390494388,0.20289169042412797,0
0.009999477903565056,0.33502435486773624,0
-0.497978168685039,0.1651374486446953,0
0.7070152149403363,0.09603196937336966,0
-0.6500431698930847,-0.10627633383945824,0
-0.5519429371302791,0.6297230275707091,0
-0.7930926563547275,-0.49332632839084756,0
-0.7281221289687054,0.5918142148562806,1
-0.16906953136528793,-0.6353631146086081,0
-0.5663399637219513,-0.1172354377989012,0
-0.038405533295049504,-0.07803874943331496,0
-0.27451421238021806,-0.03464682345973722,0
-0.8288672131869135,-0.40587406039334134,0
-0.8635791319174956,0.6831543237318054,0
-0.11349675061968993,0.46779555149967295,0
1.7623673283193986,0.47390849402162893,1
-0.42430248393892317,0.5075080536869515,0
-0.8065799784948464,-0.31995304111770256,0
-0.5295298900647031,1.1835322447401497,1
-0.7324561590238393,0.5880378383768512,1
0.6367190822946409,-0.8481395317040527,0
-0.7717272909952075,0.234056408765012,0
-0.818801040636747,0.3736987163438652,0
-0.892460649041678,-0.16698173946386433,0
-0.3537712787463641,0.2784046725929706,0
-0.27638397270009796,0.5065076231713929,0
-0.7617499043690996,-0.3491295197705837,0
-0.6144884818889449,0.010385246193058957,0
0.4691196166608589,-0.36241840500122524,0
-0.4585941413270736,0.5822844068440715,0
0.2255584399625889,-0.35035986206438796,0
0.24339703036618385,0.3914514494068244,0
-0.7076677806181447,0.13603089452624323,0
1.1249218631841142,0.4033082728064967,1
-0.8647412356341668,0.5025973956239889,1
-0.028452891723363277,1.2241812196546953,1
-0.843471768782284,-0.26228056929058813,0
0.4632626846740831,-0.27088673542082903,0
-0.8941573126950636,-0.4509825335255775,0
2.0745890392405517,0.9545857487091365,0
-1.0088602484462912,-1.8799678324890479,0
-0.25489662828302756,0.13204042926299958,0
1.3035272441978143,1.1986442108122894,1
3.611444424040439,-0.6163290920599742,1
-0.7407221914158365,0.6512344899504177,0
-0.6965509468735988,0.8180645599647798,0
-0.5338617777343595,0.3806522795990295,0
0.15280939476891228,-0.9763557547766416,0
-0.32846373644416366,0.12823912821745623,0
-0.5313439450610966,0.5529068110098255,0
-0.6863154836365318,0.6296533491979438,0
-0.9009422351441995,-1.6613909117349661,0
-0.8818264454790405,0.23620723935259919,1
1.677039744387484,0.8293597926636267,1
-0.6185029887648197,1.2075694615604549,1
-0.8616050219654042,-0.16624484745869716,0
-0.7483283360984748,0.15363705456604868,0
-0.643825858819585,0.5324289098926865,0
-0.83005685642387,-0.1183491757138317,0
-0.9421280796510353,-0.9056772596832433,0
-0.34228240934595805,0.04863607131133877,0
-0.8599859508823647,0.9097066771220361,0
-0.7141092672025554,-0.028545304379582494,0
-0.26497750632184003,1.192970428042342,1
-1.0516711251023267,-1.7228237941138356,0
-0.9576735888705002,-0.15379703743643716,0
-0.923938502468184,0.6147820859716585,1
-0.7766830654327734,-0.268714815854399,0
-0.7468348543350614,0.4366825478410859,0
0.03245514004200081,0.5517618123319673,1
0.27329398804593824,-0.12364022601781985,0
-0.08843001819212999,-0.06673328363912001,0
-0.4558440873782478,-0.29304926692906996,0
-0.40215746187001644,0.11794218112805349,0
-0.2375163127039996,-0.1568051835839525,0
1.3278991335478503,0.031341220984329045,0
-0.7188930599352583,0.995017283444762,0
1.1411221581944788,-1.1835669747585105,0
-0.8118885072909564,-1.6771568596328716,0
-0.7119959995649168,-0.1988129866400337,0
4.032050619052959,-0.8539178704363413,0
-0.809306776446555,-0.49033090969495874,0
0.6857614593949233,2.438754759188809,1
-1.0673565239105616,-2.162046845884573,0
-0.6450904958541687,-0.005146869383985766,0
-0.10966987219620786,-0.6635974243919468,0
-0.88144104844437,-0.4205794268142742,0
1.3046657101354073,0.3961529628055126,0
-0.6336912931781563,0.5541552085639057,0
-0.28684507384790725,0.8918927460381597,0
-0.6843612532540985,-0.8199849380140832,0
-0.8042280272815795,-0.23724379112234134,0
1.5175829755619674,0.8409080355530778,0
-0.8500032077777857,-0.38820693595655836,0
-0.09932220757967349,0.19271483089563357,1
-0.8466173677556976,0.5216466312034727,0
1.6521239411961335,0.2515184724167135,0
0.3112653839113237,-0.14025782310671364,0
1.7540279447205318,-0.0029022443715673346,0
0.4901453161715253,0.17872947254903862,0
-0.6476572577980818,-0.3205548862730239,0
-0.8275377129728408,0.29796424264559707,0
-0.736310416009369,-1.215990142122192,0
1.2876436621201004,-0.15325651887664254,0
-0.7438831727893837,0.24866870353672285,0
0.29033800778721275,0.8204089127611697,0
0.19864917787649208,-0.0067428993146865165,0
-0.5447967509809591,0.013768264437733123,0
-0.949801793463346,-1.083046682961924,0
-0.8119344568589816,-0.46492613354622664,0
-0.602215206043747,-0.06987999937281536,0
-0.5298194114829049,0.37766685909046,1
-0.7526913402106776,-0.2241847430239103,0
0.34075524914009414,-1.7408673322109203,0
-0.8120434691242452,-1.1460897599687663,0
-0.7041750070447981,-0.5546148302184528,0
1.3759078221718068,-0.23276929227089,0
-0.7317029826148723,0.8398376060976326,0
-1.1726896206656492,-1.451653812219049,0
-0.2363443376437089,1.2957991536505984,0
-0.9155686818046315,-1.0779499862164064,0
-0.6790880701356531,-0.4063860455218464,0
-0.8189851847710852,-0.04364087129051458,0
-0.12315387325835804,1.0271690730924439,0
-0.8448448396758712,0.08933078086564541,0
0.032588189897694915,0.3661166566525958,0
-0.024735501143482434,0.22008449409600728,0
1.4459122451578912,0.7274981769673791,0
2.358251342360891,0.4989449229487313,1
0.42219082819111,-0.2104721759549091,0
-0.7707503783237577,-0.6003060119767418,0
-0.587148652326654,0.814470587616753,1
-0.40352098927499924,0.2755246760879253,0
-0.8836177497526579,0.7521196172013682,0
1.3750592466158786,-2.9601761625080982,0
-0.48505227414930185,0.6943499924651889,0
-0.844886041532021,0.24376267705186117,0
-0.3267388289315058,-0.11272118525578984,0
-0.6717767510237536,-0.3164822682259166,0
0.3822736119590303,-0.22632490763660146,0
-0.1907008689146866,0.8006892073218782,0
-0.8198060139942592,-0.1619140099430585,0
1.2949281336104743,-1.494771517008935,0
-0.14739569482761325,1.174261866890495,1
-0.34039232607215386,-0.046301091463274595,0
-0.6009885789261435,1.6727085239704242,1
-0.503313036204218,0.009472389956600769,0
-0.5908590420661637,-1.1576991762676438,0
-0.16817666008990892,-3.575184080256027,0
-0.5094931411934732,0.5331358654951511,0
-0.8508074341028276,-0.35503673405413316,0
-1.0581925769222567,-3.0889484623874073,0
-0.7853060918927063,-0.5609016942116781,0
1.9673474814448477,0.0009969083188021656,0
2.2038331271415905,-0.907619643056108,0
-0.8151963108885304,-0.28902623094164104,0
-0.9875257085835909,-0.592447141704364,0
0.24086856240415108,-0.22562647240411707,0
-0.7049036002241227,0.25509444539981657,1
-0.3229516109238444,-0.09153241310741614,0
-0.0667684701521566,-0.3903208538161636,0
0.09773963502786065,-0.05241028039577761,0
-0.8332905256668314,0.03019454255992397,0
-0.19640173587164672,-0.05072634804811818,0
0.8938753662440644,0.1244662875732031,0
-0.8367128156178083,-1.1120382893201293,0
-0.8055484602217023,2.1265608561881217,1
-0.6628327966112768,0.10459621560707143,0
1.3006818401187128,0.4167334819635277,1
-0.6984858223501168,-0.17201489212383456,0
-0.28710783526446426,0.6406441460146438,1
-0.4429681650899096,0.24345382647669522,0
1.2459666866987684,-0.5692924404701257,1
-0.8974254507777216,-0.19264558243775395,0
-0.3709498480178026,0.6906815518847036,0
0.4477921943299806,-0.09560661935596353,0
3.2089061778202455,0.13053676758761057,0
1.4640234472054459,0.27141494736374466,0
-0.14180880305204457,1.0928909203488113,0
-0.8708720929646507,-0.4514886349845283,0
1.2558782952247427,-0.1822624642661897,1
0.20625926901664654,-0.1183910813608993,0
0.4375571145819514,0.9407195286443288,1
3.6603969233279137,-0.7259107505475523,1
-0.2715730271366589,0.4860428052225919,0
-0.2892314367016144,-0.5680441840863342,0
0.2444538912498611,-0.6414395289401235,0
-0.5974531751923382,0.6226243785424356,1
-0.7029913228928644,0.4376124621322022,0
3.548782326573037,-0.07452799753246957,1
-0.5067910386834339,-0.05349760099683763,0
-0.526042112811393,-0.33532484917089916,0
-0.36270610519528407,-0.2836865017911198,0
1.0100752110984377,1.7635132964440126,1
-0.30961481333186763,0.44348740473972764,1
0.03732472047623485,0.14885283953621656,0
-0.8609109919061595,0.6084185083292258,0
-0.39318389328161435,-0.07972743402113074,0
-0.8352895323474872,-0.12732623647107535,0
-0.2846900082968394,-0.12267189068483011,0
-0.6180871967786877,-0.1077663331513019,0
0.7537807062591113,0.08172392010399962,0
-0.48722706840667934,1.2336411308982,1
3.581916303768002,-0.4851566599466012,0
-0.41450173929585565,-0.10239315658860874,0
-0.8690341727321538,0.7778505359641952,1
0.20370134307635898,0.2564335025956241,0
-0.8662467691943954,-4.733711807398688,0
0.759916722966707,-1.7851104046406063,0
-0.7759521243069019,-0.2965929940251277,0
-0.4730804993058299,-0.007874340554698201,0
3.0814927099211413,-0.09442899641356792,0
1.7826032293500398,0.1452525916177572,0
0.06729978516356992,0.03997863874736573,0
-0.5806443362884944,-0.28414293873861196,0
-0.8271716951915378,-0.27887313251147167,0
-0.743172810456432,-0.6427075072854359,0
0.6784100110352129,0.2810370881501494,0
-0.5990126828312576,0.718262953671114,1
-0.6109105460158231,2.3076603903454034,1
0.5569031341784487,-1.8726788414608253,0
-0.7795925336444298,1.3426307168726777,1
-0.613864780026001,1.4057118134802924,0
0.26015427827269644,1.2272549793771774,1
0.59326739255754,0.24087067494301598,0
-0.6549582004808149,-0.4016902762446696,0
-0.8390532756125225,-0.9839009403056981,0
-0.3437376045660878,-0.1856938856337468,0
0.07687888820670752,-0.5807105234556342,0
-0.5845132220199187,0.36439200964788593,0
-0.5828029702895067,-0.6779886839506815,0
-0.6180494308440946,-0.40269997046356526,0
-0.3872444118626809,-0.09550471704155182,0
1.4318457303718286,0.7814172949362667,0
-0.7286099138439133,0.2274210872305135,0
-0.887439524395942,0.5648062403827798,0
1.0701455092014323,-0.28868650222927283,0
-0.7409013051649497,-0.16897565657289615,0
0.2644382755547635,0.16412740411511073,1
-0.06253210221791096,-0.09936601927782333,0
-0.05962707872199224,0.17070821828259836,0
-0.035003158302387344,1.4939810812137546,1
-0.9699106378137402,0.12938985117209673,0
-0.8298378132358146,-0.3849624730966961,0
-0.27944377105487694,-0.46325555059877044,0
0.4659815027768256,-0.1513964606603604,0
3.9380634073292504,-0.07045013641802225,0
1.552198604768587,-0.5730118101454786,0
-0.3398989879957748,-0.24546165843604956,0
0.20298052126010813,0.45586545923084454,0
-0.7895587238848399,0.047500814269146346,0
-0.17978858810195908,0.14184736654140345,1
0.38633708111767523,0.18239113326959894,1
-0.6029296993966119,-0.6437460740500028,0
-0.7302940465965766,0.2033926028891515,1
-0.5401585659261992,-0.0006250940799879821,0
-0.3020844825282213,2.1746242287802797,1
0.015527915827756464,0.12678712777637907,0
-0.7120176850697084,-0.8654521984578106,0
-0.934109641292752,-1.3484006882527388,0
2.511337550106607,-0.6306655642486466,0
-0.8029243869085354,1.0637523563319824,1
-0.8072851584357986,-0.04993074243354825,0
0.7853345146099995,0.08001947383054042,0
-0.44220882872295836,0.5976253752449732,1
-0.8464863936205219,0.3677305860470249,1
0.23556454646847966,-0.19441201777057754,0
-0.5399535505212588,-1.1290585807868845,0
-0.7353124583260915,-0.012005022007039061,0
-0.8744583843089151,-0.7000883931197972,0
-0.5874715995713387,-0.2744344466986277,0
-0.7161415320723006,0.6617640061093564,0
-0.33885953616255315,-0.22913795226337133,0
-0.9479079396957675,-0.7219517265330483,0
0.32200203655825443,-0.48307722394561925,0
-0.3435242455136511,1.0110497610901283,1
-0.6315475021805338,-0.022507313843663546,0
-0.7772275897446428,-0.725782643988337,0
3.5441826269807004,-0.9723491572902533,0
-0.5221450579185779,-0.09728937227630281,0
-0.6539035302890517,-0.19746738103749342,0
-0.29420371550310337,0.5436239342568682,0
1.4627700634736718,0.7345752197023543,0
-0.6423806616446249,0.35618717521978815,0
0.17218139432329715,-0.4099035129828105,0
-0.7482628589656464,1.186424849367495,1
-0.5715705131437618,-0.013216698556508507,0
-0.44405216565485,-0.018503570767565918,0
-0.21201839699556949,0.17145162670532862,0
-0.7170500091160117,-0.5791791731560457,0
-0.42152203374028363,1.8309104960665104,1
-0.25957730450337957,0.01972456376183021,0
0.32898740441194535,1.139546987607972,0
-1.2888464722265716,-3.7816380430531567,0
-0.8036522173655696,0.6066633553730527,1
5.250010493153231,0.6128101815487598,1
0.17446901899186226,-0.15032045063210955,0
2.830275946763518,-0.6623156947664144,0
-0.8915349011445085,-4.395744475242917,0
-0.8679574534363579,-0.013723549545683953,0
-0.8395381249822467,0.5887331991046489,1
-0.4687311929739923,0.4293914505201957,0
0.22340122324837433,0.4311600849979011,0
-0.704569387386223,1.9655376349606386,0
-0.724218665909179,-0.38915090784264716,0
-0.8772301872387882,-1.7110984424910072,0
1.4077691368019731,-0.549006558229993,0
3.188365177839116,0.374316983409587,1
-0.2293853796122843,0.19794710310558158,0
-0.22955240436007227,-0.32881845619438926,0
-0.6687837153090626,0.8652365946254891,1
-0.9443878185633452,-0.9001396786953377,0
-0.10974265816240736,0.005502597791199858,0
-0.8162125924483254,3.1895330767113723,1
-0.8014072906899221,-1.3134748101657445,0
-0.338773948902708,1.043512635035908,0
-0.8309490261182526,-0.7577571282377337,0
-0.7026395797456172,-0.08953496811310087,0
-0.01132501491692448,0.9445432745125655,1
-0.7925752254375577,0.45585252623047773,1
0.6621996205415043,-0.08413590952121142,0
0.270518339694492,-0.26821009210329666,0
-0.9609213701096071,-1.4707086983381732,0
-0.8318914286199738,0.6160293666193907,1
-0.7017269641255549,0.1810454869949216,0
-0.6671451974897509,-0.7110300380454121,0
-0.7752743402980544,-5.0293771636489595,0
-0.8108144784016724,-0.47069936697102377,0
0.05569171821469108,0.10818196633289877,0
-0.8806785948755878,0.4955010075243979,0
-0.2536049284172609,0.7307235219200704,0
-0.2445381476899337,0.6152259193989053,1
-0.8036504964554884,0.22153641487864145,0
-0.7029168796851769,0.19235772240524604,0
-0.6572797939220099,0.05891026023923619,0
0.19113171610300267,-0.36078221199459753,0
-0.8760904038426481,-1.0905827768491745,0
-0.6535002995734052,-0.4682059444908428,0
3.0871692046222328,-0.738721375318644,0
-0.8648387580603797,0.79287583807366,0
-0.671863245797369,0.3520008272700902,0
0.5567719738663761,0.012465410693869822,0
-0.4859639931341838,0.11016630625800954,0
-0.5443709983212339,-0.09649712854247251,0
-0.37315032045148694,0.2585793433357134,0
0.7295939859077809,0.3945880826580039,0
-0.3496580342094497,-0.18161344058953882,0
-0.589253514746555,0.07658248895491857,0
-0.2980356698166185,-0.24939385395362748,0
-0.7886052924417606,0.923280190810974,1
-0.6688616510246056,0.8158495325516668,1
-0.7546761603769133,1.26731855604501,0
0.49271873998117943,1.1676896276042126,1
-0.9487353081677619,-2.550421680381462,0
-0.8896489401728416,-0.3628765759816534,0
1.7043022718754874,0.4754693879345249,1
0.22390280035089274,-0.002990644649342635,0
0.2868488445044374,-0.7653939695003635,0
-0.47456996981228683,0.139696963229537,1
-0.3766459573460691,0.30691786029722123,0
-0.6915082116271708,-1.0808511234800593,0
-0.594156337359703,-0.26585086011746834,0
-0.7615379842827699,-1.0380268126374932,0
-0.5120785848009023,-0.5024190390018459,0
-0.5248647076309609,1.2041813400105652,1
-0.7439512438975716,-0.7010213504784293,0
-0.3893259827010581,-0.37260999851320153,0
-0.7331012936480592,-0.01831684810502805,0
-0.7481343859213699,0.7791660874905952,1
-0.11103155632603236,0.3077596359437981,0
0.6390305010756346,0.47142012576314424,1
-0.7485954896555587,0.08380141183801126,0
-0.7425952626301545,0.006072824190347279,0
1.5773927793803666,-0.4717605426189856,0
3.7157736586749923,-0.7407882610488215,0
1.8128397220365726,-0.05383293979458187,0
-0.25719041812837506,0.7556655481064556,1
-0.34024141459150054,-0.6500119415056472,0
-0.437890287387551,-0.3714186035802173,0
-0.8448392802313782,0.9787207529077488,1
-0.46501499149153797,0.30526726114182384,0
0.33942732844097223,-0.3838907847955117,0
1.7225630367703029,-0.3410171075386759,0
1.852614240677008,0.2510243798722034,0
-0.9420685797435017,-0.4567595186608488,0
-0.5677675611537509,-2.103555053612454,0
-0.7356345251858291,-0.16613809058832926,0
0.8985871800481205,0.6316018108252552,1
2.5247311503886314,0.7898444640280335,1
-0.7876595736464198,-0.046960867842237686,0
-0.8599132710934583,0.47444192705147353,0
0.3221112599757655,-0.04392269331483028,0
-0.7970547844169541,0.5068590524865388,0
-0.3706652421480616,0.41746843725196625,1
-0.366979627008944,-0.12287993572251087,0
-0.8608225944709229,-0.34739852412691863,0
-0.21713522442859054,-0.19267637336030446,0
-0.3375384704028368,-0.08396256509868691,0
-0.8610563190048294,-0.3535441807130486,0
-0.5387188015214107,-0.03665269164774871,0
1.6793898867517656,0.7791807161205181,0
-0.8479173238470209,1.1698570957452243,1
0.9548083645352567,0.8542937066760057,1
-0.8812686631191343,-0.8274965692601177,0
0.5723922357981505,0.5154010340351728,0
-1.0704038527257629,-1.7263292761430653,0
0.9752663284441109,-0.1745594924797132,0
0.22841531462854092,0.28211410873515763,0
-0.4762416756210647,-0.15213018237816173,0
0.3199227446927465,0.46367505741543613,0
0.43904852054353205,1.117941524007249,0
-0.8528937402907604,0.2751926114731046,0
-0.6668305588631275,-0.13678038443611173,0
0.9234454416351418,1.5529563856047306,1
-0.3327259468302896,-0.28973046329581387,0
-0.604390584893698,-0.30527285820381106,0
-0.7524831296653597,-0.29578415199858316,0
-0.7858449402539913,0.5585299390703695,0
-0.7848342573756203,-0.5607614990084145,0
-0.17620574803002634,-0.09881049531329869,0
-0.7267855635484344,1.2620426572417947,0
0.3185754795526034,-0.12175196294891769,0
0.5097978572492209,-0.35191568869221057,0
0.14055652762644102,2.814856176548787,1
-0.7019036083342811,-1.516097419361949,0
3.894072621696725,-0.09499609023595959,0
-0.8788190394651493,-0.19558307574761466,0
-0.7535785079768883,0.7060027234923691,0
-0.6633763384279415,-0.5394875876081167,0
1.421836881195305,0.0738186207926711,0
-0.9974997140618702,-1.8426567014835225,0
1.9952394822155508,0.09004572140142003,0
-0.33586601463583776,-0.13543957784501479,1
0.2156574249516865,0.500970706581653,0
-0.4395258952238379,-0.7417143538932168,0
5.6986837528729675,0.5677377445309579,1
0.451451671352896,-0.42238537591487113,0
-0.28733649114237,-0.00530535098452313,0
-0.8574335818545264,0.5689927718191942,0
3.8265480392405986,-1.0624777639243168,0
-0.5884718255691678,-0.3165319183246542,0
-0.8681117366906165,0.3429585704051586,0
-0.08554223271172422,0.011367287295698915,0
-0.5095184378290427,0.16019259371836236,0
-0.7942472713805693,-3.9544959127520265,0
-0.4296789660230875,0.8663062120514281,0
0.17146432571057302,2.334415770075856,1
-0.565499838609922,0.32993242431725867,1
-0.7859960714248936,0.16429555624706307,0
2.205690675758533,0.3767535223690301,1
-0.5774742851873592,1.0921751884138184,0
3.9694432411692544,-0.5895387930816919,0
-0.13999667013308137,0.09079867516123707,0
-0.8811449621640388,-0.682403749583782,0
-0.4908538275567798,0.41068665801922066,1
-0.8132565068589088,-0.33643593447212666,0
0.8200859453907448,0.1698365050312931,0
-0.4415239070335411,0.27287726232381365,0
-0.2940938080996316,0.25036607620463136,0
-0.7315375740955242,-0.2426533343919328,0
-0.0662726148599562,1.5105497723798527,1
0.4051879525267785,0.30228204546630966,0
-0.6219115119519419,1.5987957109075446,1
-0.6795204484120771,-0.8961409545066866,0
0.40729399044608466,-0.3299046555685013,0
-0.6327256089362361,-0.7829131977754847,0
1.7614700772089444,0.6708096663164487,1
-0.9121323619950517,-0.3296265877897033,0
-0.6419242633711614,-0.023372954863787473,0
0.16162474284184783,-0.2352678812905941,0
-0.8980921906836744,-0.5773965435647834,0
-0.6014705700819455,0.20215552519332386,0
-0.6238466552474953,-0.12502971350526024,0
-0.42978315006479867,0.7605446682774929,1
-0.6718995264442345,-0.22724347202225872,0
2.097478577316426,-0.5794817580743585,0
-0.33626325699052356,0.19372178983281457,0
-0.7721922812593771,-0.1815262403836772,0
-0.766103153126593,-0.07256062584948962,0
-0.34303877658593646,0.35991678947604017,1
-0.7612438804516236,-0.5050027820725418,0
0.8768441002651183,-0.21619848948670387,0
-0.6927375796293982,-0.38919401743602355,0
-0.5909022323244072,-0.2054655218245961,0
-0.4383206924841914,-0.739961164488079,0
-0.5628333241784315,-0.28246250160917025,0
-0.9109032310330166,-1.5703019241686462,0
0.6518368175140885,-0.9428564266543659,0
-0.43373366950941583,-0.3917803080230866,0
-0.9846943747448116,-0.9111909979645866,0
-0.6853096052589295,-0.20894398273071632,0
-0.4555610000595898,0.6986495736825823,1
-0.8038376860248861,0.1950402071421513,0
-0.3049731196565226,0.12469535032854567,1
0.8154707577842222,-0.207095534596891,0
-0.0889657241348107,-0.3772217231500128,0
-0.6856350909666936,0.4483450529264193,1
0.8898906071192431,1.217404239151832,1
3.6222847205289597,0.7823328233228641,0
0.3756522193051223,0.3524326595165419,1
0.05511562098421691,0.4120605245626212,0
-0.2397667728896732,-0.05615394887767444,0
0.5578176459485006,-0.3294965579996654,1
1.4162278517267306,-0.3987776214784504,0
-0.12775533277875456,0.2847230549065713,0
-0.3183961082260906,1.1481727382230966,1
-0.5905147203532086,-0.976842297514711,0
-0.8112198802766738,-1.1001998789668366,0
0.009792306969823935,-0.19887380717583664,0
-0.9165870027420897,-0.4993552199755007,0
0.5006875108190045,-1.4299502965137,0
-0.954128931317764,-1.4064918430576985,0
-0.5764950556181031,0.7066512244110531,0
-0.1314601051847246,1.278172330393663,0
0.04541709357903054,0.3357584423951663,1
-0.6242449126047658,-2.3546129572641905,0
0.5260159086037514,0.494254266057701,0
-0.5435186886463474,-0.3741589096177945,0
0.15734092526844548,-0.14851600562920098,1
-0.9787547109586824,-2.0615043267743225,0
-0.6790912908028363,-0.03232672107972837,0
-0.8187796476320083,0.8380581413758236,1
2.7106908589968044,-0.39983941814878,0
0.0874413045301942,0.5254083250176417,0
-0.3247584974587959,0.29464149978473686,0
-0.5540364571485248,-0.11561327589058569,0
0.4039131348218703,0.0966069692741872,0
1.3442592373666742,-0.06258755887347582,0
-0.473186472895052,0.047958890739232485,0
-0.6957701277064064,-1.546102457401894,0
0.41670481153841027,-0.14463954847351523,1
1.2089804579351182,1.5851410836600088,1
-0.8410843832921604,-0.03547393854231363,0
0.051020100355077445,-0.03884800830882504,0
0.047237299626945006,-0.21874530372024178,0
-0.5044156834660759,0.8653373208461748,1
0.20113065937225624,0.5227307441478132,0
-0.8839166158571217,-0.6337514794152632,0
0.6629163177124507,-0.09507380316377757,0
-0.05244483596831661,-0.16917966296548112,0
-0.18395669702290945,-0.17434827188637997,0
-0.9222494886301438,-0.26341136718596564,0
0.5164282237212914,-0.06601193942109233,0
-0.40762948169139457,-0.020242109162174806,0
0.7420821353110416,2.8807668276972884,1
0.5625266742743805,1.8202938274037024,1
-0.821414497401437,-1.6832340812270292,0
-0.874181624706139,0.009557064537481445,0
1.4013356590980153,-0.1319274339983813,0
-0.7161786009179243,-0.44521320432071576,0
0.16411029702161015,-0.09066676405429103,0
-0.05417735772052799,-0.43620601432953193,0
1.473864717552867,1.6328746104238254,1
-0.8700038251223035,0.22176616499776083,0
1.88328515843162,-0.36140774199215886,0
-0.23098015677321154,1.230280364408391,0
1.4313064689814463,-0.5519812706614466,0
-0.661788842785299,0.2796017922899642,0
-0.6601417329741125,3.3901289283564675,1
4.448572029214709,-0.026643415273645592,1
-0.5077132639071361,-0.29200451405688904,0
0.196040732378779,0.3494791201622497,0
-0.6096469703306449,1.931819390530018,1
-0.5138371921978879,1.1930589935484621,1
-0.6799247061264367,0.05168027156409443,0
1.8833582578006256,-1.2175453309747806,0
0.8756565079671771,0.8575293147932769,1
-0.8932924867274254,-0.6162034592045283,0
1.2575525338862794,-0.3589532117738012,0
-0.8131043348751329,0.7777283149629773,0
-0.0159946599871688,0.18616116426800122,1
-0.821694744691437,0.32476237340160896,0
0.18614246646113436,0.795750183462009,1
-0.5041266914419642,-0.4711418899620563,0
0.1957831626842734,-0.21561036162534822,0
0.7320782406783036,3.451316221351209,1
0.5976457530138571,-0.07870349836174956,0
4.8421650251753805,-2.034881801310039,0
-0.672587654156141,0.25020843436790413,0
-0.7094840961011042,-0.8262977289278847,0
-1.1536300594726188,-2.586386814718891,0
-0.43487788283495465,1.4619182238616564,1
0.1469108656108396,-1.1044997187370567,0
-0.9959611643015351,-0.9865292778272949,0
0.49305079812192865,0.34286755401898605,1
-0.4640245027816058,-0.23685479608081425,0
0.3889907555563565,-0.5205084219880186,0
4.332784797414604,-1.251675406691106,0
4.32880544487746,-0.2010918166661134,1
-0.8632197366640415,-0.5552725987300839,0
-0.15811462114718375,-0.3368663009927802,0
-0.8198089331115519,-0.05653917946941939,0
-0.7664800426673779,0.8808613702442075,1
-0.12245990249836972,1.920697537351124,1
-0.8450353263107857,0.4358240032973326,0
0.39839424913797633,0.8132105285064846,1
0.09590073356166215,0.5651910984070002,0
0.05682905936598337,0.1537512925674012,1
0.2661696091861679,0.36273854716028614,1
-0.6959347312946029,-0.15252482815082088,0
-0.07730822972225582,0.1848448297768237,0
-0.10827364023776306,0.444422841775038,1
0.11910451493009176,-0.43336612889284176,0
0.8332570698563045,0.3829469094068578,0
0.06970760776602489,-0.3302717735638637,0
-0.9471911931361884,-2.451700026881142,0
-0.48043869423520796,-0.10716485573261561,0
-0.425315458092027,0.5012292109604156,0
-0.9977329953781882,-0.8918705531899731,0
-0.8450573341400418,1.9210733375848665,1
-0.24054705701943752,0.4597560295122538,1
-0.5716615577958308,-0.4254293503691156,0
-0.8996877176994879,-1.1076339228514238,0
0.06681827858495211,-1.5747463737607097,0
0.338715918970779,0.6426851167794009,1
0.15242986525858485,0.04881441979155888,0
-0.801981956519468,-0.6677746839823033,0
1.4512222231221414,-0.5469716590348902,0
-0.6690046820285813,0.15840614468826442,0
3.3820252848103816,0.4593068910050197,1
-0.3869808257306892,-0.8540981517028189,0
-0.8175034177934017,0.16428434161760622,0
-0.845086597062731,-0.6742319619102373,0
-0.5543044746492597,-0.5007570119446139,1
0.5784342570265782,1.057081155533396,1
-0.2961842619549842,0.7442275860974878,0
-0.7297413045035883,-0.5448709753415618,0
-0.4617072624644487,-0.26445533970032786,0
-0.05832224536323373,0.8664259394007554,0
-0.5008278307221227,-0.664058218429232,0
9.4443524915725,0.1978606921697046,1
0.9808317589498873,0.5496852849807009,1
-0.8761197214645325,3.1604207730800224,1
1.1608355078691137,0.7346879322677422,1
-0.26424724124779303,-0.0068500908584461,0
-0.7157834778244571,-0.4357283583710197,0
-0.7278341941122551,-0.15833484650968851,0
-0.20744406759575815,-1.4511647342648346,0
-0.8351190128125653,-0.0699254149136223,0
-0.7271767054174563,0.06432553815669961,0
-1.022361698228244,-1.224273136261721,0
1.5928775057252897,1.6729292837248408,1
-0.43800493888083114,0.08516649365480898,0
-0.739957988439213,-0.7557263340384998,0
-0.8394346221569591,0.758889102946665,0
-1.0318813206046655,0.3713536052748714,1
-0.8331354515804699,-1.2971510589465454,0
1.5357379313131554,0.7859243575037809,1
-0.5411508421407034,1.0159754673941386,0
-0.8387232581408385,-0.36204203314244937,0
-0.9173972609157325,-0.2637626238224666,0
0.4401784139219523,-0.17270187588007857,0
0.36136109705597086,0.5826867697359215,1
-0.2734205106587921,0.9239735972820838,0
-0.4562178303777587,0.05328312590313474,0
-0.8365842857456238,-1.1827794966598941,0
-0.322809376835308,-0.4038124677386753,0
-0.892687959223357,0.7275496375620252,0
-0.663809910115773,0.16503315910504382,0
-0.663417737867039,0.8095625940804404,0
0.0009585652864415995,-0.5740305460480299,0
-0.13994193369826752,1.0695509764555344,1
-0.6568521021109931,-0.43694404294420675,1
-0.946880180748956,-0.9957384619155527,0
3.3075577209755838,0.10022339706087206,1
-0.9184497473695515,-0.8538524084297288,0
-0.7054983338757425,0.32954168526151856,0
-0.6642583923561373,-0.016044856478003806,0
-0.9296688913687083,0.08668617005176589,0
-0.6486119829213612,0.7239283302335988,0
10.27283091663499,-0.2912283344254585,1
0.7796850228188829,0.2652613262510797,0
4.342301378462533,-0.11199691614926287,0
-0.6137701769922769,0.3546419474916969,0
1.8469499231238655,-0.17816892090460212,0
-0.4642470212559573,-0.28120991804214873,0
5.516576181122783,-0.5473394614696482,0
-0.54902134563203,0.3409138204979721,0
-0.6079739243508936,0.7821465887113512,1
-0.8470625660897859,0.20599336566538765,0
-0.9335359982014843,-0.734456147959499,0
3.2924189306240783,-0.8528876739142676,1
1.0085421605464118,-0.3719680619013602,0
-0.5970514368943527,-3.134819199409037,0
-0.712001487213073,0.048817511142250344,0
0.33698431885609065,2.8714826712358374,1
0.6037142543679893,0.5043935202627436,0
3.2929633932973674,0.4444125697984796,1
-0.8543925031869286,-0.538927450463771,0
-0.8616036806361257,-0.23934225841815956,0
3.4622966324428943,0.7515654428898458,1
-0.362331453619871,0.1713132573577084,0
-0.16698076279036903,-0.04713597369060857,0
-0.6916212601160509,1.3912578563064508,0
0.08019389112877129,-0.20745389926257438,0
-0.15501229946297568,0.07962012378568242,0
1.8832050544989873,-0.48176300111760123,0
-0.6766721777743019,-0.2724857602575528,0
-0.9684969217101141,-0.41275898117406185,0
-0.42224403973723174,-0.21485427340437396,0
-0.539512168419645,0.6549023557819208,1
-0.7661479575671247,-0.29748401834182214,0
0.18654861530233216,0.333956959528728,0
2.359693341352499,0.019732346043605235,1
1.5057047271210806,-0.25832194235808387,0
6.5541087322812155,0.5136609026476668,1
-0.681846667792168,-0.7514697350308827,0
-0.49925929440439787,1.167142039467512,1
-0.3777858917641811,0.21228852798981196,0
0.032394667913356996,-0.19692538436498414,0
-0.6621067939260669,1.4219446291683993,0
-0.5960073398139987,0.7002334490006525,1
-0.5107002575361863,0.998025826071231,0
-0.8399410101182693,0.8314292615100353,1
-0.8929960568504389,-0.6980933452477167,0
-0.20492208729450223,-0.6286732122331772,0
-0.5734966894940857,-2.675532027048233,0
-0.8202007498575696,0.16160929325590326,0
-0.0051642946498012205,0.36768870254465486,0
-0.5030913519230074,-0.14061642850875894,0
-0.6166695557413248,0.4083985345618793,0
0.040829630599676175,2.057849296743493,1
-0.40146842148268436,-2.1355390606468347,0
0.9007705725285199,-0.5090246114652606,0
1.206415883013504,0.2391978286256836,1
-0.5564332445722182,0.11608427119283077,0
-0.2109913217917942,0.13988492797766575,0
-1.0086668584473373,-1.3802310338619772,0
-0.13608404542821437,0.08254684174548467,0
-0.3151690328164552,0.0012064392747215204,0
-0.30014441078520027,-0.5173354658051735,0
1.4026547714875013,0.3810903691775569,1
0.5955934504147901,-0.4071986410971927,0
-0.536006035180008,0.6472517541293491,0
-0.7090096308233671,-0.20725158481032843,0
-0.6940748753137278,-0.6496428617834791,0
0.175271301398102,-0.023908086576196825,0
0.2842324068775438,-0.385890786305916,0
0.6872132289300535,1.5341589761915546,1
1.219074976713366,-0.1068816280716394,0
-0.9483909307805698,-0.2645326806395474,0
-0.8392430887890138,0.18690282485506024,0
-0.18566153719207806,0.11830199926450363,0
-0.8703559099725103,0.28078383159382503,0
0.4448586346623164,0.1470050935905498,0
-0.4584288552157808,1.1609837133136265,1
-0.8314168454703292,-0.29057324114710575,0
-0.5596763112473847,0.10681211390546481,0
-0.767942608096142,-1.567942487558685,0
-0.17297687773984396,0.669274707103619,0
-0.3544773545588247,-0.1255418262941942,0
-0.8220948714572798,0.04998523374635382,0
0.7094680553620512,0.3345727069930556,0
-0.96201625254675,-2.413200891977108,1
0.6406967293632622,0.7569521232333299,1
-0.02598350589600103,-0.43871291743139085,0
-0.6710964404706237,1.9896569550510692,1
-0.7568114734614191,0.07335464305274006,0
-0.8083403773707355,0.22781761593845232,0
-0.6918841470486979,0.23367117268237372,0
-0.8200424052052786,0.45733578242999,1
-0.7814476163665998,-0.527829625021659,0
-0.13866639484196952,0.13277767672671711,0
0.34596445364558953,-0.045272623680896046,0
8.798036810083303,-0.15118067789102532,1
-0.7964042705272569,0.038825880405767,0
-0.6140196265999533,-0.8386804247720436,0
0.4373581343474122,0.4895506463828037,0
-0.7420259657733039,-0.2255098644950854,0
0.01319765899716718,0.4243242500974205,0
0.3090428540612396,-0.2784479797968031,0
0.682351225054358,-0.5903044445638473,0
-0.7041463881442663,0.24387494195035825,1
-0.6956470175931053,1.5569761428289597,1
-0.16950537755477013,-0.1245099866931581,0
-0.9330747786098946,-0.5972248795047286,0
-0.40991260553389286,-0.7447528367292432,0
1.4218601017521149,0.04512905570237234,1
-0.5921774895188684,-0.6225969441667275,0
-0.8092600333865122,-0.2828483986836299,0
0.08581463108388332,-0.44648617699235277,0
-0.6090689717944896,0.5332700211350735,0
-0.5740546069230174,-0.5315285549093757,0
-0.5017161742450457,-1.1518025580485842,0
0.3404007692129054,-0.6800747567793816,0
1.2554717114565346,-0.005314476499542442,0
-0.9104708659162627,0.25342156083123246,1
-0.6457622784766017,-3.1519988851788057,0
-0.4882589931374834,0.6715980725380015,0
-0.8605660154427791,-0.7448459087243152,0
-0.6202014858314948,0.004559137337598161,0
-0.5858201831164168,0.019981785656904266,0
12.17647428536425,-0.683280297747858,1
-0.04229791647446354,-0.30888757954110396,0
-0.6817040926348761,0.5393082323688823,0
-0.584241352333878,0.43234352201030135,0
-0.13413383252933744,2.6723759538492677,1
-0.9244306309009077,-0.6689303944284886,0
1.2811417303453208,-0.15808186419808926,0
-0.8140846041071443,0.10153370269570752,0
0.6248612199539384,-0.7207418114944927,0
-0.7983145438916953,-0.18652080516338848,0
0.45522803644679466,-0.3151824341051341,0
-0.30600520905792045,-0.4483630693640612,0
-0.5668510588436217,-0.6725031636039533,0
-0.7798394460368858,-0.40528349503369726,0
1.7213584865731375,0.36943444573815776,0
0.5629888318192708,0.2498047348123092,1
-0.8919674072969368,-0.60337587505537,0
-0.7472718496377868,0.07895664679995172,0
-0.8131645765738268,0.39043677049324194,0
0.5929944643102516,0.26330180526107233,0
-0.18156857128361445,0.7269793897087841,1
2.1885658029256887,0.4716903978390912,1
-0.19506925424618768,0.5510569346069099,0
0.11347547328458324,0.12569039649181896,0
-0.7978135208075982,0.12951273278929606,0
-0.36001067615002813,0.8838004715298903,0
1.0273133174730067,-0.5197084509235855,0
0.13573042571022143,-0.5841015129785838,1
-0.33415933067395637,-0.46798652892825005,0
0.13889481187247332,0.7700402965984868,0
-0.6474567915054461,0.1886510723020808,0
0.3105501928799178,0.9563248500395389,0
-0.6956238210259515,-0.09126632145307685,0
-0.5087934991830955,1.5724469713752318,1
1.4928168766653476,-0.58869305984868,0
-0.8842862637798875,-0.7002239423578492,0
-0.10796200206272176,0.54538238405813,1
0.837255096835246,-0.13723786123583426,0
-0.822641976442569,0.43221342923933054,1
-0.6703242452771443,0.5670152606142984,0
0.228024677188608,-0.6906260371173627,0
1.2284713907870937,1.8917527952122195,1
1.0482741040958041,-1.1023561239257578,0
-0.6167662518508608,0.017535452166118133,0
-0.7229172582485264,0.8256441363252661,0
-0.6116095984906338,-0.08634433279765913,0
0.11356732091626812,-0.4626629925784001,0
-0.2419293300011634,-0.8580945222755334,0
-0.06048819671008951,0.6700968456967874,0
-0.5522058357509654,2.055910494936103,1
1.2225913252323348,-0.38902028235990593,0
-0.5883619320340826,0.16090160191885766,0
-0.7236293019874801,0.5588916696844992,0
-0.3614288286262416,-0.522021093139442,0
-0.0390562638021256,-0.25951225341373796,0
0.2932529291596112,-0.5064079197138633,0
-0.4682917340469407,0.7497451089587763,1
-0.3994877837807811,0.3223314028256902,0
-0.9416421962095126,-1.1626647785743802,0
-0.2141754714856745,3.09988613421826,1
-0.4042277258064424,-0.1470081592066049,0
-0.5637819224957389,-0.20655150290983593,0
-0.22068942551501633,-0.7079724520030909,0
-0.8103509213139057,0.4581002435606689,0
-0.8073892823845482,-2.7648853686147117,0
-0.5262940160031072,0.9710377080167413,1
5.791595774486343,-0.3037166035086599,1
-0.8480039174105501,-0.18896594933745264,0
0.7541095224602142,0.0024602231559345206,0
0.4928291622765678,-0.6288662849902064,0
1.3614119815832368,0.22235095788877862,0
-0.8638437243015509,0.2230867820793366,0
-0.14422177903453634,-0.23221363791308192,0
0.027811808113238874,-0.1887981374965684,0
0.3801169153731393,-0.9966014380235778,1
0.19052186316509725,0.4280533924285397,0
-0.22324337613437484,0.18034332193559696,1
-0.8129652667447991,-0.1775360882617497,0
-0.017768266194821487,-0.17922409366239458,0
-0.13135545127806478,0.31345816689106487,0
-0.6982435686139769,0.10852838120135758,0
-0.9173796044054756,-0.4096638939007477,0
-0.46790151498457105,0.061216624179863566,0
4.057855951312957,-0.09068006906859534,0
-0.7784779906579374,0.17227032467098263,0
-0.9987257788435672,-1.537495062302327,0
-0.5543787549179344,0.16848697716398506,0
-0.6817783553602589,-0.6495103774302693,0
-0.8752465909269177,-1.1173625826975992,0
0.01581120680337885,1.3227167515249205,1
-0.8874345998528581,0.6077860192545882,1
0.25806102680583315,-0.07964479672321319,0
0.24669545057724643,1.1077263048930164,0
-0.6300695489475193,0.3239337668173316,0
-0.3064926615915218,0.3545542769202215,0
-0.2353954036056446,-1.1781458475263311,0
-0.258735740729092,-0.2491928484227814,0
-0.8808471585413111,0.48710135131786103,0
0.442028175449637,2.5388270528728265,1
-0.8346619727229393,-0.8170866756552257,0
-0.3001641230272942,0.03610682457039499,1
-0.5590871665388132,-0.03847909658275537,0
-0.634334364809368,0.12170141996148509,0
-0.8811288318374039,0.9069722365343978,0
-0.24126783266011959,0.31775102165914304,0
-0.4516187565706035,-0.04251397944576659,0
-0.6668214839533986,-1.0991231814931293,0
0.8074234132192825,-0.24801437296049225,0
1.0464844205664852,-0.465739799194775,0
-0.6513930627968975,1.328092109789721,1
-0.20874323996757643,0.22734657541504286,0
-0.963004882342112,-1.214185552872884,0
-0.6093289164322389,0.8645204273239786,0
-0.018122556412023785,-0.2313917836588126,1
1.1698620352959963,0.4357230872156931,1
-0.7264087687203833,-0.03220723537954289,0
0.7321522054908669,-0.3216228293995771,0
-0.7454016223591021,-0.8510637727988071,0
-0.30456432359567,1.7500470420400847,1
-0.949423336421317,-0.1652183157838949,1
-0.5340716829293943,-0.37691198341970206,0
-0.7581599656143975,0.28108207209715047,0
-0.1786941872118625,-0.07270476532063917,0
-0.7205126788918861,0.8615946951744037,1
0.21393093095612284,-0.1614298560395791,0
0.7267603517616505,-0.24302956658334363,0
9.529533869025496,-0.4945311622479001,1
-0.3031801928565984,1.0107676831620902,0
-0.2757090339393328,0.44527470317021745,0
-0.0683811272212981,-0.21773951237019196,1
-0.21050693718045,-0.23892107733301943,0
0.3573548566747513,-0.9978895801746477,0
-0.3887416120343964,-0.5052157451175786,0
0.14668490645197713,0.5814133345504118,1
0.16376587613231466,-0.19478963858432224,0
-0.8004283584513416,-0.9902887308123604,1
0.8778558171301692,-0.3468037286557578,0
1.0909910959619675,-0.13585289924993516,0
0.9914110382588102,-0.6511196777804802,0
-0.8641510979798384,0.1888055222942332,1
-0.4659994378051237,-0.46254448546171906,0
-0.8047396285934272,-0.11519975212180071,0
-0.6075265696952327,-1.095501456050219,0
-0.4271598978341182,-0.16819908084481874,0
-0.7534116944354503,-0.12316920012068731,0
-0.6750951854959318,0.5227362535408641,0
-0.8273184887884494,-0.43439166663158163,0
-0.29516773048887407,-0.6738398037530353,0
-0.7435956787677539,1.2879717685194687,1
1.5419619470842434,-0.7087685450425413,1
-0.3855489626555569,-0.3660890018499918,0
0.8905049726351721,-0.5481318411684362,0
0.8039094188000914,-0.041251010163692696,0
0.22542697269560963,-0.32883005466864695,0
-0.8304553936599062,0.2689211772087018,0
0.17890937148085923,0.6380874089222595,0
-1.132070886149592,-2.4102440616778895,0
-0.547204500432006,0.15068239018666282,0
0.0206526217573651,0.8821010066618926,1
-0.8029714744187143,-0.26347796725539213,0
-0.0472280024683138,0.0936139670179519,0
2.1427256688782954,-1.3551123585194864,0
-0.6024498251726566,-0.8525924132314827,0
-0.4235571906236173,-0.523649138800305,0
-0.16092505120676337,-0.5805949481625098,0
-0.5073980733881258,2.4798789244062336,1
-0.56688522376679,0.9284806510414418,1
-0.24110722656437428,0.5376516481326118,0
-0.845660780328412,1.3506280481096709,1
1.810922936780661,-0.6265568119048563,0
-0.2930280375261815,0.0359665765853644,0
-0.36369470095611106,-0.4122484353094041,0
0.7785459361552652,2.4112471658001886,1
-0.4164748391277105,-0.30448945913682396,0
0.9650479113201902,0.7892437450670944,1
-0.7214500677017968,-0.2813854277160029,0
0.07096682353512952,0.03486023025669388,0
-0.40130110190390644,0.5614635464005766,1
-0.5479467225224699,0.5871373920431087,0
-0.2456721705171989,-0.20501542588889837,0
-0.21828590294585953,3.041154978590264,1
-0.08255159896023737,-0.697663436505578,0
-0.8293632985123001,-0.8116531861278594,0
-0.7024304892546505,-3.022789058448664,0
-0.6949298332699528,-0.32786913584927774,1
-0.45634987930698423,-0.4144830587376894,0
3.00533322328674,0.31394437552846566,1
-0.6780192240957513,-0.4237308821200273,0
-0.8777495960734238,0.9853936695449269,1
0.2795761744663027,-0.038757205402341476,0
-0.32290200210211106,-0.16740452569143702,0
-0.05071494547505029,-0.6162355380986215,0
0.8926723492926386,-0.05329790363883534,0
0.2389214704916672,0.21347939323993576,0
-0.6041018451403373,-0.19591430737271975,0
-0.8307639967979323,-1.8020384225672474,0
-0.541005882564086,0.07935631950002045,0
-0.5731794331396787,0.06327429736792708,0
-0.7104418292150504,-0.4387999100222858,0
-0.7701217987750446,1.2623805704322635,1
1.464982572654196,0.0519167787529361,1
2.5765446450376683,-0.8535077502230601,0
-0.22136231222124542,0.7422067724498251,0
-0.6479843736720261,1.1234565970004966,1
-0.6173468922117515,0.1939416358669672,0
-0.644394717150203,0.5184209482182663,1
-0.8356573538745077,-1.6326716879525816,0
-0.28396314771080927,0.30949341508172984,0
-0.7395804170846854,-0.5684951643505776,0
-0.5367925085119488,-0.2822572570823771,0
0.08571911228382985,0.1780508793698006,0
2.2614119802305854,-0.5925398434169117,0
-0.8241052370631405,-0.2618961475647698,0
6.954420430370788,0.735016815519827,1
-0.890890876581139,-0.3303092195660427,0
-0.632654467594199,1.4927961426095169,1
1.3062643586104257,-0.7579169563060643,0
-0.656984676268536,-0.19176866963750025,0
3.435560544640192,0.9892001522778247,1
-0.5380549400522502,-0.10189434771906455,0
2.2798144211603635,1.0550096085601743,0
-0.02489925068190687,-0.2626633649936968,0
0.12984418770799092,-0.10638821707765195,0
-0.8043335968830431,0.10662357439798534,1
6.772720217044966,-1.8871101754256137,1
-0.831566894549756,-0.2876345132011111,0
2.6808451541918554,-0.2653266415379641,0
0.6785286494085517,-0.4338524477175724,0
-0.8512056255813261,0.5560516453790889,1
-0.33474919699378025,-0.09521429390145014,0
-0.9955374953479424,-1.6855810101827795,0
-0.8128108109266183,-0.28603734826693755,0
-0.2494212687210868,-0.7483236438472597,0
-0.47822669377761284,-0.22878028190666086,0
1.5529828685447595,0.6863307490444951,1
-0.7526381217743008,-0.025920149494497488,0
-0.5033357970557242,-0.03876029169432072,0
0.9119871294440847,0.7955754650379648,1
0.007729982146214164,-0.3760885201712797,0
2.707360311750127,1.073866034162507,1
3.294718981631206,0.7656169432648435,1
0.7017982973733127,-0.8101997002331248,0
-0.0993527628390656,-0.9755626749162639,0
-0.9539403361196778,-1.2006153066378173,0
0.5374379894978781,0.18059907224688687,0
-0.4601313264408779,-0.15643259913413834,0
-0.7836559419683561,0.26304345307426047,0
-0.8438147844514424,-0.5034504831330309,0
-0.6393671992481459,-0.45795071700523216,0
-0.7622560055580206,-0.7038749140302246,0
-0.5369044297655884,0.6257191333007638,0
0.5242989799121821,0.1551141292477391,0
2.4041349017759726,-0.27714627835247924,1
-0.8210612032982996,-0.914518171808165,0
-0.6526116570298807,0.20682111898449987,0
-0.8941899638282375,-0.2420830923698209,1
-0.71725791205604,0.2252283106957564,0
-0.7961346194449807,0.6844043099300391,0
0.034970178074554784,0.7623220279855764,0
-0.7203994790663178,-0.28164484424396957,0
-0.9784564833251771,-0.6616697129746222,0
0.25656300115859393,0.4229217504876794,1
-0.2045228637577446,0.5948449110584497,0
-0.4717861502644258,-0.11839305375186238,0
4.9736422029227265,-0.015109575741804923,1
0.3162873267433731,-0.32422071186710183,0
-0.8724405415568655,0.9067829881082607,1
-0.8335707885370296,-0.04702542890972228,0
6.658364051997972,0.5126126499109142,1
1.5978869413723475,1.95801621981886,1
-0.5134283632804635,-0.7190274555199173,0
4.487240383190776,-0.5680835213796415,0
-0.4191865956576477,0.0027795532607519215,0
0.31364223428480165,1.138749413540007,1
-0.7548493203925537,-0.7069521744403507,0
0.3036864031366672,2.453824020312788,0
-0.8120780307132819,-1.554360102080503,0
-0.14919757150725582,1.385860699534393,1
1.4455358694448646,1.4437255360082364,1
1.1654963168488583,1.4498444385554885,1
-0.4101567047469672,-0.931017548527949,0
0.2665835012025239,0.6141623871909624,0
-0.7726042569940611,0.12007007286003953,0
1.4901932647451908,1.0669930677835873,1
-0.7846779083734308,0.03266528367642468,0
-0.7347638746557796,-0.4271881604913652,0
-0.6127632991590422,0.5732659246563081,1
-0.650177741350057,-0.1809782709587691,0
0.14447342337947003,0.9312920508212038,1
-0.8903959862571857,-0.7868152376734823,0
-0.4978868804446346,0.20327179364275047,0
-0.6216623975413216,0.9715942854996139,1
-0.7791019228760016,-0.3212470912935717,0
-0.8173798334892997,-0.04490315303110739,0
2.04629669114931,0.7524504907656574,1
-0.3766168755331293,-0.4348999875811469,0
0.85990876202072,0.4436177632800184,0
-0.8803969693067535,0.24065523737962402,0
-1.2262321816366708,-4.141387776911542,0
-0.817259674919687,-0.29969508510667686,0
-0.4765007859556101,0.4886993316834394,0
0.001753744655487673,-0.09934769492651903,0
-0.7897818661558307,0.11739291145732281,0
-0.4601314580950456,-0.42941724898529743,0
-0.7590050799804055,-0.31029415276670586,0
-0.7566001896566221,0.5935169332228039,0
-0.6871589149348037,0.04816809895536322,0
0.8069829941137381,0.790304154629559,1
-0.7877109268614524,0.5399102912532562,0
0.5971648943016878,-0.7130806805160324,0
-0.12363443886634032,0.007684234583440192,0
-0.5847480703940513,0.05301517491132379,0
-0.12140106793986287,-1.9320910775688047,0
-0.6557334557098409,-0.18239591110318631,0
-0.3858803480508299,1.4437992155749537,1
2.597887272291273,1.2459656600989057,1
-0.8401571355918299,0.47530678061272763,0
-0.34968569594057003,0.4734199236461222,0
0.4000048225710844,-0.15897406249841123,0
-0.8710131571985237,0.38959384447087636,1
-0.8557114929883227,0.2639925978599779,0
-0.8263723990997246,0.09025307551063307,0
-0.46998558556784775,1.08171356072231,1
-0.8758521226016448,0.6360348699680293,0
0.16166987941103217,-0.08841056723972487,0
1.7853070523287438,-1.1246653634492498,1
0.6854191984593621,-0.3338362093051068,0
-0.9126698400961724,-0.2977435013155065,0
-0.15294000597720392,1.2310901172369217,1
-0.3440051041694659,-0.2978156739051555,0
-0.7715452291465662,-0.4256389431584769,0
-0.6294616769332093,-0.017886310784619528,0
-0.6446584014553378,2.0482166568250477,1
-0.09298525547123986,1.0319637738563416,1
-0.6351426808113319,1.7288227932860467,1
-0.5089359062634758,-0.8216422613058711,0
3.784104661456953,-1.2002997954551498,1
-0.77272500806556,0.16260733780427652,0
-0.8808238583424135,0.046065485656499754,0
-0.33778501764463037,0.15192274818502335,0
-0.7891010567271388,1.7981110817726262,1
-0.6061927587198619,0.8273052366956527,1
1.836285927400802,0.542181220858144,0
0.18901030184430226,0.06426359753197132,0
-0.8722171983736524,0.11381482796888415,0
-0.791708207353943,-0.12074777599348326,0
-0.7617468697716715,1.0772088743540986,0
-0.7784124336178954,0.594830171038724,0
0.3497306244906242,-0.6767845513217663,0
-0.5245185871903784,-0.6049296385987823,0
-0.8915438298951742,1.0566151347660786,1
0.20132325064633114,-0.25376200053376874,0
-0.5777615636593131,1.4031010240454842,1
-0.7269887765067627,-0.18720770303630002,0
-0.17499948696564985,0.046658351322602556,0
-0.7158199483558145,0.04990408084199998,1
2.6311884039815343,-0.062389333857846334,0
-0.5589669772486229,-1.8401964081572306,0
0.366557401500707,-0.27289454998081353,0
-0.9757987304145144,-0.45490110353215124,0
-0.8665925615014872,0.042919886877792565,0
-0.6137469486280134,0.147835247786134,0
-0.6871965336792479,-0.1997891469739371,0
-0.4106169370581011,1.0315561123670127,1
2.379005294924841,0.027595957073077645,0
-0.2613185043206913,0.3462312281092549,0
0.24760871424824094,-0.22110509532774109,0
-0.5701069289519304,0.4643720197222497,0
3.9359969873241356,-0.3241593693614735,0
-0.8908989402309235,0.12850282118454134,0
-0.1832156356680963,0.9412210689252538,1
-0.08382141630273841,-0.6659780444876345,0
2.487935282677121,0.7356923486276938,1
-0.4846985774741603,-1.7504860805613132,0
0.13426811450287168,1.0408371179386438,0
-0.5671851599017078,-0.5914743587388935,1
-0.6942923955261048,-0.26865208481055186,0
0.26627343550434956,-0.00516425187483939,0
0.4085613938931692,-0.9358789276430596,0
-0.058024337467962324,3.3813467309598,1
0.17181260698535492,-0.346291242811233,0
0.06945849049948025,-0.44465776696301923,0
-0.7732439931395072,-0.7647512386319877,0
0.11825374565148508,1.0025453306353427,1
3.162804614604777,-0.39512010885895305,0
-0.3359029999423958,-0.03256463110178421,0
-0.3026638697864448,0.3448058218674089,0
-0.0769724607133796,0.16139151146210273,0
-0.4850526008271304,-0.45529005299305864,0
-0.4638303277474195,-0.16354265672030946,0
-0.07250240732784097,-0.8022496961585799,0
0.7650022413018278,0.3139319108258633,0
-0.352764061212699,-0.05877683201585892,0
-0.7930623603439025,-0.3797851765277061,0
-0.8314753086499048,-0.5627241803935625,0
0.15431834298331057,0.3423902096132602,0
-0.8637207151713988,0.12585406253350614,1
-0.6777682069783952,1.4570938573672825,1
-0.40116560139984764,-0.959041358085567,0
-0.7787891386139638,-0.4349787933270468,0
-0.7667902941419558,-0.23762037736225441,0
-0.9295085199848886,-0.787378624175343,0
0.5135933593920313,0.6328894402562288,0
0.02536361365765279,0.519017551586898,1
-0.8752522337415999,-1.1580464031355122,0
-0.5497370528622693,-0.01731736096382497,0
-0.7842550806575266,1.494087323014681,1
-0.2762587778817313,0.6440835788800744,1
0.7511935962767803,0.10822247806530395,0
1.2943256572118231,-0.6976607044866882,1
0.6773410329886806,0.1593369548992062,0
0.5535424336782219,-0.16570101710241006,0
-0.5434175282781791,-0.07677327718507551,0
-0.7219073061677513,-0.019440269186715493,0
-0.7573167791447019,1.7979546729967528,1
-0.9111580282888111,1.9999346922128278,1
3.2238820572535642,0.13407249858531603,1
0.09699877442211817,0.3030593688534787,0
-0.13551339325661568,0.36527447634180465,0
1.2772466123649753,-0.35934788132604867,0
0.3075983009201437,0.8605287185524305,1
-0.6801511938969619,-0.011925030720475616,0
-0.2898006397654124,0.023167718958535206,0
-0.5224510979865118,-0.28915321296588803,0
-0.7623366653879615,-0.026037298160811278,0
-0.5072752943118034,1.292691846088596,1
-0.7842998592741849,1.1356361671937159,1
-0.5520723121751585,0.5698516257563769,0
0.0041520218879272175,0.1767971366263488,0
0.8283692588150713,-0.09101242274335392,0
0.13511106914855564,-0.43675571417643577,0
-0.8556687011105557,-0.05562887679621348,0
0.7405697956371784,0.5426221359144442,0
-0.7503856377022279,-0.24979517071705667,0
-0.5631463477993762,-3.615647262183423,0
1.5677113184200404,0.009332347505704124,0
-0.30238402377308227,0.06517225289661795,1
-0.882149042114028,0.15589565688231796,0
-0.7829668612416656,0.5493283999259285,1
0.8871472373508459,-0.09078265303254922,0
-0.8203698987544633,0.5279856322374805,0
-0.756829619176635,0.02279929044295084,0
-0.9267776079097834,2.0922750561791386,1
0.15011518878784788,1.632112919269019,1
-0.6495424871376864,0.9552934296275576,1
-0.21475144076734123,-0.60661795092402,0
0.133298554983906,-0.8981753597322328,0
-0.7606145847454204,0.4369899537131435,1
0.11129724406507206,-0.7043906275130045,0
-0.10010106834274131,0.14249676956669416,0
-0.7770900554268036,1.3198899027547952,1
-0.8496622369449915,0.12154052431313034,0
-0.7087665402121941,-0.23544712100331136,0
0.0010399738084133404,-0.3894588921332379,0
0.20414746202750622,-0.5067076459810818,0
-0.7303731325348041,-0.5833800459626032,0
-0.4187979842607437,0.46452008853256455,0
-0.10621552228117645,-0.42403325408205783,0
0.8637781777989059,-0.37744971406573513,0
-0.4729948402014119,-0.4708068647880826,0
-0.11922693833564449,-0.1309406828317688,0
-0.5684208837861411,-0.34381703674251796,0
29.813165605983045,-1.087191747853782,1
-0.5116059183800201,0.9111623363114796,0
-0.9440969996788284,-0.5651804967365192,0
1.4774063492521774,0.3166668552602068,1
-0.13616871554483573,-0.3498108237832889,0
-0.7661722287400581,-1.006883514599302,0
-0.7297126405630535,0.12096984870289011,0
-0.33945822685693805,0.4445376337313759,0
-0.801168806387245,-0.7426015080182942,0
3.206657341714325,0.16449007888980038,1
-0.38182565804297686,0.7358996417538914,1
3.6073898536266467,0.1537089299909327,1
-0.01340433296884739,-0.13492419056703484,0
-0.21912281737586095,-3.1238240038076794,0
-0.5260806309488439,0.6753432469025253,1
-0.49039816973903294,-0.051360564931265215,0
-0.9284846549655158,1.1527418505182372,0
0.3603085756794286,-1.1347671115893097,0
-0.8332950617702388,-1.5143417207820875,0
-0.9325064685554372,0.18298272865491208,1
-0.6938262460660403,-2.1567494818005604,0
-0.7987240715136971,-0.7451775471720317,0
-0.8943953092268824,0.35091097037690544,0
-0.8422126781985565,-0.15293581640751838,0
-0.1379682886285797,-0.04622375584671506,0
-0.5348837639960432,0.4867790674945356,1
0.7663344900535709,2.6981495755142286,1
8.275483603567391,-0.3217862846846134,1
-0.4558397492805206,0.2921269878017102,0
-0.9394228308362473,-0.023573896445095277,1
-0.507878825759229,0.14610253765287576,0
-0.993231519375637,-2.330204603002492,0
-1.1209580665704826,-1.0554615824347955,1
1.5219453689879412,0.002988302199795568,0
0.782045203170395,0.12379992915320716,0
-0.6685317142568198,-0.12410941630747757,0
0.07816179670778747,-0.24293384373518354,0
-0.7349508571629295,0.5630047081717569,0
-0.4896811261287183,0.30816986453578665,1
1.8879449594377973,-0.4354007430212557,0
-0.8614459875809403,1.6391178582241612,0
1.2414553602412683,-0.3651313723980923,0
3.805761181961142,-1.170762725163458,0
-0.09634767962447789,0.2789593189563883,0
-0.754040432001583,-0.816677886337238,0
-0.5728589487189353,0.1932724577397529,1
-0.05040952628245145,0.5356480281354603,1
-0.35466538586804264,-0.012571005511794502,0
-0.2427681983930616,0.2807138626757409,0
0.5608943959743509,-0.10694917879915716,0
-0.6687573707458776,1.3661171868365947,1
-0.2064861924021371,0.23799913781634813,0
-0.8783978958933192,0.5040768794863743,0
-0.8258247243916328,0.4871479422079358,0
0.03414506026210881,-0.26032687712007446,0
0.6549188906035539,-0.5672235821846653,0
-0.5970570837184764,0.19603202379548568,0
-0.3438521205795142,0.11663470872848035,0
-0.2694909030532536,0.4878684787508284,0
-0.43776280484294916,1.1385404632372607,1
-0.13134905992522128,-0.6250364496155841,0
-0.13579164349046213,-0.3518741059487964,0
-0.3928947365166363,-0.7564402894902207,0
0.5118604252170907,0.06008626244541753,0
0.45335707413214543,-0.5159527226230168,0
-0.5835911519242626,-0.5024660608001524,0
-0.9484612627786424,-0.8549845636676521,0
0.8415486974051605,0.5689718792727507,1
0.009246310316047918,1.044941115449797,1
0.13766359888662744,-0.23609185462308457,0
-0.5531499234918746,0.15706639669593175,0
-0.34522141694616165,-1.5270214274808174,0
-0.18513966506475057,-0.4226535276590752,0
-0.95799967929562,-1.3743288696344198,0
-0.24994410950302806,-0.7447675806301386,0
-0.8217907506118108,-0.5587825466317077,0
-0.8528772325488347,-0.3341569534750584,0
1.4476743434631094,-0.6972746660591734,0
3.0466196062908346,1.8359239261504938,1
-0.8595549612679255,-0.2180321835979726,0
-0.47306150623662124,-0.5818862124725821,0
4.159890168988998,-0.28547667736499066,1
-0.484493250322457,1.0999154823752513,0
-0.7495130475470266,-0.48913296449923693,0
-0.565068022491513,0.21644390241743375,1
-0.7794930991758016,0.7091123745729475,1
0.5697187931873146,-0.16977659925262456,1
-0.7661035703273783,0.6788214753307074,1
-0.3303593046178064,0.8779296654991838,1
-0.46624088772489963,0.021917138816467476,0
0.09296156760109062,-0.6385565865397432,0
1.6067630452360169,0.029908608684466962,0
-0.4279055421034933,-0.1516509833670032,0
1.2428144790427846,0.12145348302288815,0
-0.34193986032255563,0.5311709965156705,1
0.2682968417251188,-0.5521955288958129,0
-0.48958235439704745,2.706910634878781,1
15.75087751223416,-1.0924827350199326,1
-0.08532338619805528,-0.7872298751402493,0
-0.5094017695070506,0.4923880949335197,0
-0.2082946309832363,1.1264742035849113,1
-0.6539295143505357,-0.3968130511301705,0
0.22544176003074537,-0.43721052635242125,0
-0.8405158965563913,-0.5351426441632032,0
-1.1942074003977738,0.11775738498559582,1
-0.9044605259852508,0.007742471925533573,0
-0.2380034223686519,1.5693993419806769,1
0.6817447097681997,-0.08425634432656684,0
-1.225509628405756,-6.023648114723485,0
-0.6358746325486586,0.6127266894148051,1
-0.8436448212649754,-0.21493651055821567,0
-0.6417830834782072,-0.04513566787597997,0
-0.7245363140711674,0.07204145104540388,0
-0.7048650498492021,-0.7990851335557229,0
-0.10998017216603383,-0.4814285562438947,0
0.16664595667371895,-0.04200341605160248,0
-0.5421820531911267,-0.15226275198422465,0
-0.7249319601250482,0.39960520449119896,0
-0.8558308661866121,0.23038295552342508,1
-0.640265988641552,-0.5798928823136917,0
0.2299499583770112,-0.2957338189391673,0
-1.2121112585520697,-3.348247755098107,1
0.059896240363976026,-0.3047659353034006,0
-0.8145597318826356,-0.3131242950553268,0
-0.2426540789704238,-0.12637292046571202,0
-0.6876209384190357,0.2814167233742774,0
0.496630173689786,0.3494316270113454,0
-0.5959847972680229,1.1090078269269785,1
-0.1662839957938775,-0.05965486362899548,0
0.04426085215154454,-0.18103271794666534,0
0.3879905208895016,0.8263332220825352,1
-0.12566463234326963,-0.6212591917190212,0
-0.7055813443921058,-0.28803252478592034,0
-0.43766733710630956,-1.901815918480251,0
0.19623311957725043,-0.7098207209595222,0
-0.9023359263486845,0.09528239101367202,1
0.4046548776125826,-3.113735531605755,0
-0.41910024964376424,-0.33303469821868004,0
-0.7413273946231194,-0.9398941923139554,0
-0.8230103041600395,0.03938246208227915,1
-0.032834899183618003,-0.49884903408631565,0
0.6573586868225844,-0.4045804246047434,0
0.4142238878048293,-0.6625986691923922,0
0.32232136920726784,-0.09487124235726752,0
-0.47219900896708944,-0.24236504799265224,0
-0.8777711978575145,2.311849860933391,1
-0.8066878001612099,1.6710937544357851,1
-0.5053382158042925,1.1756273488926232,1
-0.7406527724820318,-3.3797249563875607,0
-0.21159461084688405,0.6377108845868499,1
-0.7162262028149763,-0.527741211408698,1
2.0532789320305636,0.3043524038298606,1
-0.3123699519528055,-0.5601607355418597,0
-0.27686164551155557,2.906700485403166,1
-0.8530719689728791,0.5153610068012691,0
-0.6733191977814262,-0.09830191359825265,1
1.7552687353941492,0.18530642388353424,1
-0.42391356044472284,-0.26165914847419114,0
-0.594899409595249,-0.31751904304183093,0
0.1834938886244224,-0.04098074621655298,1
1.2333733871667694,0.4770799483409001,1
-0.29199018562999346,0.6546690208786964,0
-0.90805323057466,-0.0968253779220997,0
-0.832391297698454,0.961928037270184,0
-0.7863335863068348,0.27987355293162247,1
0.23175547870218657,0.6484788817939595,1
-0.38730873352575457,0.15774453573894992,1
-0.8781738695561054,0.17160909917030925,0
-0.9743346852720252,-2.1757388936122806,0
-0.6763764229025191,0.9372586380338854,0
-0.7571397568849835,-1.15317038280235,0
-0.5656667084089195,0.3249835267013794,0
-0.8906460097504519,-0.3363844734528069,0
-0.23209712520178993,-0.3859373866349677,0
-0.8546732687475548,0.44438037579801276,1
-0.1655577359040034,-1.1242993432708694,0
0.11048409193958675,0.25093273563385227,0
-0.224421081693794,0.0033960490236432054,0
-0.9535047880758643,-0.06323518518641717,0
-0.8238198320928426,0.2124649442080498,0
-0.7838939969399427,-0.27704509158141954,1
1.123110292896387,1.7701132271942697,1
-0.6313055299192815,0.7200085177269506,0
-0.32705633036438125,0.7547512126393926,1
-0.31566861176705974,0.8089633651867428,1
-0.8914554638519995,0.41819019965639065,1
-0.6965292864471341,-0.003273579351305168,0
-0.9394936916398541,-0.1390191180136274,0
-0.8178749093508548,0.8327553494790984,1
-0.1608640626652517,1.0123743639313458,0
-0.367026957726608,-0.45714763659533647,0
-0.26596937637835905,-0.2581518398973278,0
-0.9007117981140461,-0.8342503236449461,0
1.9162200153871543,0.48864617084960127,1
0.053431567502256624,-0.1982510383099337,0
-0.8365380757253567,-0.22251116697714005,0
1.8548268045012837,-0.13782151035429427,1
0.7558452415056094,0.5718205209639947,1
1.7726645930790903,0.45447673218813783,1
-0.3148460522337274,-0.31143595192720674,1
0.8333913353650431,-0.8151746987899786,0
0.019006541310399,0.38409505416926776,0
-0.6750246627975013,1.0205189108945512,1
-0.18746531324639668,-0.31370013987594664,0
-0.8876047100780947,0.4835262398642885,1
-0.06529894942212751,-0.20450316802714172,0
-0.8503214434739448,0.1905501718053381,1
-0.4154010676725373,1.014606928453482,0
-0.23291587242406775,0.06332438925909498,1
2.063447618252397,-0.4194659139541458,1
-0.1767542534001377,0.9710985643782456,1
-0.7434981697608738,-0.31882494106441145,0
-0.514320561850769,-0.2113754503941727,0
-0.7264010362152301,-0.3272054706248723,0
-0.8877939597314195,-0.5012558065398519,0
-0.6284980535018946,0.7230693159961377,0
-0.8201128329087173,1.7724659534732972,1
-0.15202978158843422,0.4192241401293323,0
0.02737859880835408,-0.16153877962217877,0
0.7088964775301435,1.1144921370390226,1
-0.5073315764014507,0.5693651173953753,1
0.3073477364603147,1.100354821914501,1
-0.5824493896245242,0.559366797411052,0
-0.4030757697476459,-0.26107337964939514,0
1.7229164593722197,0.5134858331193162,0
0.34559013598017513,-0.46335941031931716,0
-0.6320190407181934,-0.04188420435605796,0
-0.7962552476062322,0.9489435354191865,1
-0.8881223455774214,0.30606153607914416,0
0.5564652243211811,-0.6541458651223695,0
0.9178929179299514,-0.4522845641208857,0
0.11562180939844746,0.005364144500588428,1
0.7031075194955212,2.614087121911752,1
-0.8621528012552488,0.03260425585810289,0
0.14624311687244482,3.2182335896604006,1
-0.6005821067551305,-0.7058071446243285,0
-0.38893767116593736,0.07557615792018131,1
-0.7003498748174933,0.006737946913392699,0
-0.6069445221152605,0.27900471211168854,1
-0.6809583439063106,-0.21691910158099095,0
-0.7198274075382287,0.36387100150698526,0
-0.5028777171534723,1.4132223594891704,1
-0.8248490508307649,-0.1448921756344333,0
-0.7843486807863181,1.5708452837816216,0
0.15205988987314126,1.576206885673282,1
0.15300581979325778,1.62687940589568,0
-0.038099579330793054,-0.01905637605899625,0
-0.524240145724152,-0.15693476214205296,0
-0.8090674659363677,0.5900477072065099,0
-0.8901578089966914,-1.3383044833700204,0
-0.4812587906398343,0.33708385347607217,0
1.9654628829772836,-0.3944074513575122,0
4.66935971497472,-0.6082162191133789,1
1.2254413830323834,-0.07795538744435612,0
-0.1118936802179751,1.0063272530531677,1
4.24375298441152,0.15746097377880605,1
-0.7594997550563536,0.08484693176498288,0
-0.5801615695585233,0.0997502911800539,0
-0.7619787695195649,-0.059400697052863154,0
-0.6732711157167428,0.11357394996127634,0
-0.8659363932007075,-0.8506788419101675,0
-1.1708263765480407,-1.8915268295895566,0
-0.17809856458081055,0.3716027359859316,0
1.5790770339602729,1.8048457200710972,1
-0.5501350287308066,0.8394812613115061,1
-0.6200005891681812,-0.4370339218780466,0
2.367838006099057,0.51400747709036,1
-0.013927401640642793,1.3623116215186732,0
-0.6639049084726145,-0.1912069256715108,0
0.2755753571022616,0.7007924079507716,1
0.33524597919707055,3.9016913788758036,1
-0.1163781561751564,0.32398575706892063,0
-0.8002691039672757,0.09333780796501039,0
-0.7064926606801315,-0.3102903438749595,1
-0.9088471133098219,0.12692800949996824,0
-0.10760521349189202,-0.7620643143889155,0
0.031889591904226404,-0.6019542473407031,0
-0.029298303890914035,0.788349890186978,1
-0.6799979341822208,-0.4316569642013644,0
-0.367267669908393,0.8761117693866435,1
-0.799461384749954,-0.2969101717427795,0
0.16645028531606074,0.29757355797534973,0
1.7321692535980884,0.5991792509895275,1
0.19032981675361768,-0.4624676115327166,0
-0.0392686802274712,-0.5386050545089699,0
-0.789809833988535,-0.12521808082525643,0
-0.8304099409120649,0.11898596937508076,0
1.644371638495427,-0.3909756812273705,0
-0.5870728706390655,-0.03432910790838811,0
-0.2066590177998592,0.19978702569255566,1
-0.8441272863696295,-0.12156945391411247,0
0.44080171205340624,-0.9950079059376867,0
0.44381024168063,-0.16245153470944546,0
-0.9063057454794095,-0.13841956556244234,0
-0.710229407168936,-0.24085296006532864,0
-0.6288018270553762,-0.2375456800124674,0
-1.189988282827808,-4.987227003542401,0
-0.7711113454887459,0.7172713850685373,1
0.170870334182251,0.3822341346705124,0
-0.6447357941097006,0.35378785908837374,0
2.623076373958655,-0.5269068134505385,0
-0.07206034168294417,-0.27353301905609695,0
-0.5291864253181868,-0.46897693997640383,0
0.09820419811791235,-0.34516830002713894,0
1.6811881841786416,0.36619458027465407,0
-0.6122009674456379,0.12222349834900814,0
-0.6219469831364242,-0.21621356867481478,0
0.17829613354966903,-0.5196896990936862,0
-0.2122223858013088,-0.6720579683059418,0
-0.11195756825864116,-0.19384298604730218,0
0.09777117589412895,-0.4211478743488403,0
-0.3187335458451863,-0.10527847008307509,0
-0.8583757890852179,-1.2178356140884925,0
-0.667997388097969,-1.915405200884327,0
1.0468870129685894,-0.4850692946738549,0
-0.8138185800773391,0.1181181774236392,0
-0.9361188227016366,-0.30170033463142837,0
-1.011618455906688,-0.6742678871150085,1
-0.7788792052436673,0.09731296936350348,0
-0.7911579339949689,0.0704321911318277,0
-0.17191627001964088,0.17961899735816975,0
1.920988570492209,-0.8149190558688353,0
0.0317313751288376,-0.3192163735817871,0
0.10308824223945798,0.7827206557806534,1
-0.5762691677621254,1.078901870878839,0
5.2290103244592405,-1.8667835070584293,0
-0.7509061923548539,0.9063690841367603,1
-0.08542811027589288,0.4979484507198519,0
-0.7125898982937713,-0.6309065582216593,0
1.5272293646425783,-0.10630101266885307,0
0.61381679774461,-0.2981344964097836,0
2.84616384069409,-0.5479721727334032,0
8.980024147129512,-0.7750718100815935,1
1.7780853049668977,0.650577944166398,1
-0.7726863780134103,-1.2150734101996168,0
-0.028241457869105046,0.9016655201451116,1
-0.49850129641121405,-0.38702489227587644,0
-0.47821809317584124,-0.36625569336480274,0
0.2375496644888372,0.8303201140068116,0
1.2586904517238484,-0.7768238033464059,0
-0.6534348720233722,-0.2559594787947003,0
-0.8034834023276072,0.33365697444914105,1
-0.6251002531555707,3.389520061292446,0
-0.49442774111939525,-0.5646601244685391,0
0.53142000244616,0.45611980595236024,1
-0.24395672459927506,0.5962711890511461,1
0.2890840851873596,-0.30816581212056265,0
-0.9536873679602393,0.667777770633309,1
-0.8541805561605359,1.7809125731903344,1
-0.7478735011503024,-0.34234583384487094,0
-0.30141861770757356,-0.12966101029461516,0
0.20672229858466312,-0.2311575182984221,0
-0.40789476208591086,4.870630313610543,1
-0.2267759205022773,-0.06619393758049259,0
1.560398026899543,-0.20153181448487545,0
-0.9938430808973723,-2.0539974786299524,0
-0.6795734010454775,-1.042517022536181,0
-0.6991125581479191,-2.3124989974637673,0
0.1742263334731202,0.11090368314188659,0
0.9301343324299188,-0.5229634263184556,0
0.1583757904176565,0.25556715840108263,1
-0.6301597142737014,0.8879648437201312,1
-0.5498421129732173,-0.3426394321789514,0
-0.7818923635851206,-0.35573465167961993,0
-0.869633915521137,0.24613569870097207,0
-0.4898148960182991,0.28329091483438135,0
-0.8869911220152137,0.9585402567224295,0
0.3045483387551556,0.9853613989756259,1
-0.6357855230137633,-0.2995662851738493,0
-0.6683627896501535,-0.2948186761983858,0
-0.8022016028265802,0.17968379584601807,1
9.943125572576898,-0.18025008525044192,1
-0.640528493760675,0.6970987886509826,0
1.7635756428026126,-0.3177916307852429,1
-0.5032104665688163,-0.5534220427402752,0
-0.6380013769576794,0.7796635482209581,1
-0.7288180118212989,-0.6542893220106991,0
-0.6825350155363616,2.148222451210684,0
-0.5737899570928409,0.6253573238821037,1
-0.2773934031593156,-1.8530896389154519,0
-0.8225196640592835,-0.4633968518771338,0
0.33149954294605827,-0.31423461930885627,0
-0.7061147392368271,-0.3032115759010338,0
-0.7708114334566042,-0.13578211935834814,0
-0.8675734087358972,-0.8094588625514016,0
-0.7409564489492158,0.1376463416597262,0
-0.6534400501499802,0.4848797649907802,1
-0.6210444793784807,-0.41803534714182905,0
-0.7337497928344541,0.5408854762744406,0
-0.43888000143339734,0.7797022597417282,0
0.8784420756712434,1.1763284777073757,1
-0.8280094895379387,-0.15582785795605467,0
0.11047568413890553,-0.1320104172805896,0
1.1807146062407166,1.4391900752580677,1
-0.6333271455594108,0.07563050554619034,0
-1.303925609091027,-2.6490247346904603,0
-0.854034520320547,0.08921522441641958,0
-0.5535246513807327,-0.015723893246746296,0
-0.929545637868628,0.5849875133000406,1
-0.4230456926900161,0.4299303332556677,1
-0.6227293362662246,0.245830860255813,0
-0.4110063948607401,1.150012055920474,1
-0.7016133812585086,0.2590539972966248,1
-0.3065800852148885,0.19140302395580458,0
-0.08971169834742473,-0.049286062511855834,0
-0.7323819351977199,-0.22304338084073858,0
2.880802248501828,0.0063742428471036975,0
-0.4756197429166809,-0.05724668721415199,0
-0.34311114732748227,-0.5292039893830177,0
-0.7449782653897292,-0.9706605253836512,0
0.8666216492824743,0.6078004402126463,0
-0.9263962603098432,-0.21010641252750095,0
4.356420866651128,-0.43060013238691847,0
-0.08328994347277677,0.41763674187687516,0
-0.9893330883928215,-1.0277190762799877,0
-0.037662801358874384,0.5468825490490935,0
3.1270918484650325,0.6311082695661031,1
-0.49127741423799337,0.10684608976833881,1
0.8312841230865604,-0.8661448880813349,0
5.771119613995276,0.2868060600469968,1
-0.4874597234822126,-0.1461870847225101,0
-0.4326873387613032,0.6054217138993223,0
-0.15913439686817782,1.2786330551422826,1
-0.837380831765922,0.16965052658925783,0
-0.09408923807202395,0.013817616889807378,0
-0.4148779726205315,0.26489779212922654,0
-0.25744497637397984,-0.2578297544359158,0
-0.3487516876198041,0.2587906708810897,0
0.7924568806694393,-0.977272147741502,0
-0.7016504712684225,0.9812989455424048,0
-0.051341049851941475,-0.07591176603930276,0
-0.42443612240494827,0.05277653735527356,0
-0.7666860998274032,-0.9871353809903317,0
-0.6733268979984695,-1.1396466167183819,0
-0.7451762037100936,-0.9303285383772963,0
1.3874528699545978,0.11212427472167273,0
-0.0285996916632764,-0.11936317479359364,0
-0.938019918238179,-1.5379352657035044,0
0.09866351872685902,1.247126274195374,1
-0.6459650547673929,1.0306959840043926,0
-0.8220843098719902,-0.4624088415426565,0
0.1415111269895704,0.5886956287932775,0
0.014557104589866907,0.09146826734222259,1
-0.6241497940210928,-0.05324742395739302,0
0.7761090034365761,-0.5771616106077827,0
-0.8593874964863699,1.6018913308534302,1
-0.22997890040497998,-0.7523219236107256,0
-0.9030728288624472,-1.4722082250284565,0
0.39462081804023075,0.08128733947322972,1
1.2083031455386686,-0.18773657516927672,0
-0.6429852555420509,1.267539678216404,1
1.8951576197060733,1.9236030694384707,1
-0.6758503030930755,0.16698046721183943,0
-0.20853180399408194,1.843112010305964,1
0.1909907814732321,0.0259942733976275,1
-0.09729304031291268,-0.08650472727978749,0
-0.20824990821048453,-0.09859115863113636,0
-0.9578452608500725,-0.8745378647796653,0
-0.2924219969806589,0.12983285472044762,0
0.9594557639894751,0.1111293319770806,1
-0.8163379905664739,0.22311766360701488,0
5.768761573085147,-0.4987709944053523,0
-0.8549064637405458,-0.8116807786035768,1
-0.7975903510840906,-0.12111111631271912,0
1.1833507731872812,0.44935263094741484,1
-0.7752823058709499,-0.5210601912261545,0
1.001914260681245,0.704185545834621,1
-0.3642068873687905,1.4738777732489425,1
-0.36804260470684397,0.014845299322102972,0
0.3320191710494837,-0.29512541755133526,0
-0.06746198498421453,-0.04249756400576807,0
0.288816744004243,-0.6024834938155735,0
-1.1808894292295111,-2.678761059373307,0
-0.7194498441183897,-0.296135134589941,0
-0.6058068187544791,-0.2199456284019262,0
-0.3174467540713896,0.5306950545376461,0
0.35600565056030753,-0.3121521382800904,0
4.288035975725684,-0.14804869295888132,1
-0.8941033629846674,-0.8050183891800866,0
-0.8619747562386761,0.7575548084905517,1
1.495569173327028,-0.3318701421651295,0
0.7509695645814476,-0.22981886241625216,1
-0.8254939493493779,0.15836085071347886,0
-0.8155362200846762,0.03925777217041547,1
1.4946176278875813,1.7608073543662324,1
-0.7895520975050904,-0.14353309552157592,0
2.660190105291425,0.748430637425723,1
1.068921364403107,0.5479568314255642,1
-0.7568262966305144,-0.15190283536077434,0
1.4967488696379536,-0.27088221288334163,0
0.9461537660213908,2.998977902130165,1
-0.7322500646161075,-0.044239081176494645,0
1.6090971878929194,0.018869783861520134,0
-0.6150605288217463,0.2089434074790621,0
-1.003523492325816,-1.9560428553866247,0
5.238614718567471,-0.614790086889545,1
-0.8321325920539973,0.0037613456020526327,0
-0.3920695077209483,-0.9715001205484037,0
-0.8618666120121642,0.2653354211935932,0
-0.5011801345598228,-0.6512841558856546,0
2.930967175082246,-0.18842509115302844,0
2.620518415214653,-0.8544633029429982,1
-0.8050922477661213,0.8397426437401702,0
0.2926085346456468,-0.12461140641248299,1
-0.3789360534663103,-2.132504536675925,0
-0.28540405815805964,0.5568967313536858,0
-0.2836219513673638,-0.2207311143977292,0
-0.07054474599436296,-0.3560708027099375,0
-0.2781781625083206,-2.349666620676033,1
-0.04083258820377664,0.28249624066910384,0
-0.43338687016383887,1.0707955586210494,1
0.5375205551449924,0.12947763833997084,0
-0.36212228578810746,2.181962258379182,1
-0.6195356844633311,-3.331685489581475,0
-0.6211455904045647,1.5802529715258227,1
-0.8455604058241354,-0.026158286131847185,0
-1.0029127929790072,-1.5810494886442013,0
2.505475516120311,-0.06631403563391693,0
-0.8772726037710388,-0.09573547452411157,0
-0.6483857706959586,1.5595381818533107,1
0.7022808516179454,-0.5521143504401015,1
-0.32767047288172985,0.5463220000679245,1
-0.6011066943666237,0.24541175404618237,0
-0.1677107351354863,-2.1504937878429726,0
-0.34383373132661627,2.1045950029974128,1
-0.8806391104297876,0.8453241235812027,0
-1.056678278038284,-0.9190515897819489,0
0.10042532379564711,0.1331196364530709,1
-0.9165142357704706,-0.9042651960443132,0
-0.8188635634435324,-0.12323591584042014,0
-0.7487795221188681,0.06345213335115518,0
-0.8540684897765981,-0.8984262350349637,0
1.9704167528769239,0.22810319532837722,0
0.1554474313625853,0.6919414823700263,0
-0.1432049629967812,-0.009970324002931208,0
-0.6471005059363607,0.9823904306519705,1
0.6854498361958504,0.2859837858208706,0
-0.5512493515621015,0.5962536315836963,0
0.3599953339073942,0.1505075058134837,0
2.385041196010237,-0.13287926167319616,1
-0.6115423877202344,-0.19519171046634126,0
-0.8868080638418552,-0.9379955272128071,0
-0.5979564318457502,1.5997284168780332,1
-0.4296151758020564,0.0462811985389895,0
-0.898325314234936,-0.05276375341753807,0
-0.32748444165176577,-0.012573007056189276,0
-0.42154232291981253,0.22334001266527462,1
-0.9073245532282016,0.7879831907020518,0
2.0522654681086254,-0.30039149405049026,0
-0.8591072652378896,-0.004478272923395567,1
0.8005922294316837,1.3187662558932713,1
-0.8608102936871256,-0.08712430628594442,0
-0.5459565026135677,0.3751026168599526,0
-0.8275127233689431,-0.1131819242477133,0
-0.7848075757370401,1.1188965044642276,0
0.8192694298097587,3.7317934042172825,1
0.09287412755382307,0.07243835037818158,0
-0.02569992809265282,-0.3896821248484247,0
-0.8396602813434159,0.9187379588760799,0
-0.7461733283749836,-0.4750308234888251,0
-0.8501660746367651,1.1495055649384287,1
3.1190179289210103,-0.4490568315830883,0
0.9144194902799831,-0.6436442958529661,0
3.1345461442030604,-0.2969521380800051,1
0.13620714755593236,0.47147241186594,1
-0.5296710337949817,-0.6430796148633426,0
0.24357236154942427,0.9112455135236723,0
-0.18183808046472522,0.05428534346302542,0
-0.7278751748571844,-0.22060767650119084,0
-0.5756320955778554,0.3629250622084921,0
-0.7607456931306565,-0.8959626967023672,0
1.5794967885554692,-0.29719870426523876,0
-0.17295709311933147,-0.3893127279014449,0
-0.03018678951094228,0.01667593929682079,0
-1.153774789272263,2.015225515554711,1
-0.8055096938662412,0.2559066385226405,0
3.1779108104039384,-0.5183264057168918,0
-0.15100568216195046,0.8226855447961153,0
-0.8361385561057257,-0.09246578491128184,1
-0.3637645234189553,0.7871068303948535,0
-0.2514340968256546,-0.7055513032802057,0
-0.3113058947782471,1.4182918483090508,1
0.708204023228378,-0.1726980134748892,0
-0.35407067429249384,1.2074728581511212,0
-0.846068210636104,0.6964973594992493,0
-0.329795561018372,0.2362561073771663,0
-0.19284118644556456,-0.9169371576531157,0
-0.9138513076859569,-0.601908008782502,0
0.4988431560349915,0.034710082597587975,0
-0.833427650573337,0.7779655387100649,0
-0.8476834619539693,1.6070276526839835,0
-0.061002741365531736,0.27364645668996235,1
-0.8858117979722074,3.9597143479610915,1
-0.8908050046970695,-1.6232785547126631,0
-0.590457332709435,0.45424485979858126,1
-0.024995792742341236,-0.6504649584777832,0
-0.7703666093120543,-0.6553872509062532,0
-0.773643449981324,0.5783173752616956,0
-0.8263202659333524,0.27384976793018123,0
0.32955589190372025,-0.10115046263523826,0
-0.5322864536356838,0.8337590752674886,0
1.3231751693369032,0.19604144036503682,0
-0.4822538633916883,0.0382659500276832,0
-0.14437103692395176,0.9535283491403381,1
-0.8205586170260393,0.8316890653527642,1
0.4100939500699667,-0.4281167454951707,0
-0.7174527579777163,0.1341472113477919,0
0.1155356388645284,-0.22796782143625027,0
-0.6883818000901204,0.23346731455038566,0
-1.1191300819083334,-2.056063044827082,0
-0.8167411760585872,0.023005807176268142,0
-0.8251721499095279,0.02957010760265521,0
2.964915787710966,-0.10184567766280975,0
-0.8699303710106953,0.5995190804417493,0
1.4774496462205455,-0.9019676358767782,0
2.557544984203984,-0.053946168983277885,0
-0.7267024847417131,-0.1212729827510132,0
-0.5146777241081548,2.2706443210190876,1
-0.27838468418327256,-0.848056595331738,0
1.474778203723944,0.31030499548421425,1
-0.8574904478727136,0.10401045140399813,0
0.15211098674458307,0.613974234647628,0
-0.5928629911802101,-0.2411676605939597,0
2.1484664732278373,-0.3137015933703408,0
0.35386229414718584,-0.21392084416883417,0
-0.8893214474699821,4.014260779785951,1
-0.8542565963792506,-0.6291879256056745,0
-0.6147552968574074,-0.05750978031012594,0
-1.2759314281745666,-1.1718081884000866,1
-0.5766781742890239,-0.8601756157730066,1
-0.3187261356286558,0.6631620512315427,0
-0.893441313232631,0.9576949134061957,1
-0.7087481475446157,0.23570736160573286,0
-0.09586432196821516,-1.8606236908863825,0
-0.45607068290712177,-0.17126876319931406,0
-0.32713952588398015,-0.05035611996222287,0
-0.7491278250942551,-1.3807716443989033,0
-0.922296137724948,-0.5944036049013441,0
0.07937442931759596,-1.4258886952358198,0
1.5006293185084592,-0.2641432817665668,0
-0.7468554875955902,0.3253288363383077,0
1.3927393858256552,0.7022330213797572,1
-0.2579893985861701,-0.0986253543420321,0
-0.35620479816238204,0.3900067809230291,0
2.419717907010845,-1.0670089616682263,1
0.08720493738804784,-0.29390557222057145,0
-0.4973044058438808,0.004567424005592872,0
-0.4369826882926591,-1.0234877671460978,0
0.07509436788853081,1.0081821605210652,0
-0.46596696520110603,-0.1172488314000559,0
2.529673181301311,-0.1932732150960486,0
0.22486299722088246,-0.2396744054545437,0
-0.09983367916442104,0.5129326848432032,1
1.2090859994881489,-0.44948110280094244,0
1.7449127700868106,-0.8504012878123471,0
-0.9651700932470102,-0.38546863401981224,0
0.42794317226498974,0.11891923208971474,0
-0.8071295957765634,-0.6221477315750199,0
0.1384624997401403,-0.5568024143911176,0
-0.8464955980199961,-1.3809149209281741,0
-0.5103216590018798,-0.053045134351203484,0
-0.4781530995096535,0.3759061033854327,0
0.14044722818452185,0.6923085918647941,0
0.14527900253843753,-0.6422346128592852,0
-1.1581350660453398,-2.518586111956887,0
0.18075021519386014,-0.1388695227238241,0
-0.8332283332395313,0.15320999533832907,0
2.5092730405547305,-0.32276815225804556,0
-0.4514709673012674,0.8278104106226226,0
-0.06425630934920608,0.3551537158336506,0
-0.5356950427756293,-0.10841835819107296,0
5.2700729492081475,-0.7703054135283266,0
2.192324942395034,1.150740246282891,1
1.3021594903856852,-0.4700149049808287,0
-0.14099272081640632,0.012656122306455157,0
-0.6632838429591293,-0.0325640104891946,0
-0.8064096624139394,-0.05473626721054338,0
0.3050849481761655,0.7273637588475395,0
-0.9806975466519944,-1.2174569814898353,0
-0.46573486745043774,0.1306058228155219,0
0.17063657120018638,0.8218299265532069,0
-0.3796967803380927,0.28269646112305596,1
-0.7827261692657597,0.18476522251029814,0
-0.647775820366298,-0.18673673939856436,0
-0.8953939610670902,-0.4232645477928169,0
-0.8379079523621203,0.8328384696268135,0
-0.8124444481857139,0.19560444804553015,0
0.7357006298120541,0.32004163524046136,0
-1.038822135410711,-1.4853815772250594,0
-0.07230403059030655,0.007858873707652606,0
0.5407998625853879,-0.06069130450727075,0
-0.67715751383304,-0.40830191172470737,0
-0.7086861930107585,0.6112793001107298,0
-0.1079640860441257,0.060784917221088,0
-0.5804032976201464,-0.11483375364145686,0
-0.7492775752350412,1.776775657979057,1
-0.19614427969727982,0.31481998836584696,0
-0.44975455944491644,-0.5491003948289787,1
-0.7571579013172759,-0.4294985781230728,0
-0.5842758111328514,-0.28396204355620963,0
-0.6532882707492447,0.11885566973596524,0
0.2039123546588799,0.5993363925735901,0
-0.46497372372655316,2.8015298604141643,1
-0.6835493710099775,-1.0596217666850036,0
-0.5035721411086207,-0.14282260235968522,0
0.1165275369177813,-0.5977821895841114,0
0.3328371012149853,-0.27568696403090565,0
-0.2475666726889419,0.08325608282362465,0
-0.7063013691595862,-0.09842789249484393,0
-0.847559988808468,0.25119651161598444,1
-0.7542151263478365,-0.45266932299653895,0
3.366218304544984,-1.119418612660635,0
-0.5540186680619229,-0.6666512385920459,0
-0.37131215866931944,0.7731970981761367,0
-0.8326400947041608,-0.6485117380368615,0
-0.7938638317706472,1.1042014338826014,1
-0.7376158685431646,-0.12234952995353111,0
0.05473721699174299,-0.054200947820372165,0
-0.7294605835745624,-0.9228642962119595,0
0.1375833041702506,-0.3435169230867051,0
0.008146435213140422,-0.38444883081702536,0
0.4380341602892385,0.9537955097070308,1
-0.10880071738540013,0.039998792910722676,0
-0.544700375759648,0.026945732494255664,0
-0.8267677911032414,-0.20747309224541646,0
0.11771130953952859,-0.153577384532231,0
-0.03440823139827179,-0.31303641175087893,0
0.5400670179770376,0.06315461275276715,0
1.4580406242071102,-0.35743731343914065,1
0.7014621566202323,-0.27192315334920975,0
-0.7099607519069909,-1.8534007023081218,0
-0.8337336849296249,-1.5751241051647635,0
0.30538158011510846,3.6219636433190376,1
-0.8444341368536498,-0.6933728059505171,0
-0.19073930296606803,0.5609385210958833,0
-0.8709997984825117,0.19258865780972245,0
0.5711990690734187,1.5657493827039188,1
-0.8458556123857862,0.20609065474794153,0
-0.7263253221416349,-0.24153650759326417,0
18.562981009818472,-0.9290958421961543,1
0.3329601685552967,0.4071402497391866,1
-0.5119849380964596,0.5301001162794642,1
-0.625056471743202,1.3964123988995936,1
-0.4620744862882107,-0.2033813618241323,0
-0.23836996896336252,0.566084513957255,1
0.15260320095697907,-0.2570862135554208,0
-0.7743059950292632,1.8480806932408296,0
-0.5199401431344878,0.6852917339486748,0
-0.8023560256123771,-0.4095415345889925,0
-0.6094766763206859,-0.5334143775958163,0
-0.3793420449745471,-0.2734047917800717,0
2.838842323734145,0.23151849168126165,0
-0.11479555465146818,0.28223573821874837,0
-0.19600344353675347,0.8474353931171886,1
-0.7976755178121244,-0.5803604974017884,0
-0.3384570507243905,-0.019221637963597417,0
-0.14893372192829996,0.4972072471061136,0
-0.8471230741949639,4.252668200498525,1
-0.9701536513086748,-1.7858449525096256,0
0.3982196772048323,-0.5921950791040381,0
0.2608333679258033,-1.507077497115503,0
5.672537832445571,-0.4396200038383277,0
-1.088326021461906,-1.9931274365564895,0
-0.1567058669709319,-0.31632734586025235,0
2.0011339467626414,-0.9988025513210488,0
-0.4128901460174529,0.10417091936220714,0
-0.7403574252965485,-0.3787606724875793,0
-0.45224671583895104,-0.23850648214671508,0
-0.6052305351577089,-0.042289539153860016,1
-0.2287773514324546,0.08558256150214025,0
-0.7455933697338027,0.19097005385557927,0
-0.6825307726868439,0.2368179090658375,0
-0.6451169067056869,-0.4355141260754034,0
1.1631330996390232,1.0709554999216737,1
0.10533277610622496,-1.140640019087306,0
1.1087956721419543,-0.4278488943677211,0
4.636653823069152,0.29861949965648443,1
-0.6554358973846403,0.23258035472539543,0
-0.772354477795974,0.10610578611710478,0
-0.8735701646272629,-0.3452123326437435,0
1.3514568661654454,-0.2143649019917652,0
-0.5924543206845659,0.3774048071458562,0
0.6559940746144001,0.3803132853877586,1
-0.901195490848133,-0.8479570666631664,0
-0.6173243643796021,0.14322620831995764,0
1.096937392462566,0.32584069462067244,0
0.4309650101188743,-0.7113584172728337,0
-0.7470405949300968,-0.6492244733137403,0
-0.8313338917959285,-0.3068015234811329,0
-0.045494317564709306,0.16658672416480985,1
-0.7215440745115873,-0.3955971767648969,0
0.5319768869533577,0.24381754793048838,0
-0.9356850178207692,0.2644031973286486,1
-0.8981776647706116,-1.0409677789370544,0
1.6080560681992822,-0.5683308210519461,0
-0.21955267337987763,0.47318432351351986,0
0.7770910646930875,-0.13238016932360364,1
-0.8333132885204001,-0.14376783589772,0
1.3091584395852554,0.05970352383106811,1
0.19193636018055416,0.07739215856618556,0
-0.6823783729162384,-2.1086228803403464,0
-0.7820369534662569,0.2151556240745724,1
-0.8200721997981192,-1.1187283398835517,0
1.4062357220135364,-0.3270288800489584,0
-0.2589636507715157,-0.5947081771374948,0
-0.2529807663269271,-0.5869358350069492,0
0.6925997275261571,0.0016461795145635573,0
0.38664046289534404,-1.224153869977726,0
-0.1751083017964118,0.17811720093675043,0
-0.6650799230080592,1.8524591401507309,0
1.9356264668393512,-0.05673784488729014,1
-0.7853176863952934,0.6533485857669529,1
0.07322575232556662,0.5454485230325018,0
-0.14843082711436695,2.7356508950155503,1
-0.0546416186862798,-0.30108067217849505,0
0.26545673242507495,-0.018736496708734486,0
-0.3076615465688567,1.1538688150209617,1
2.45517330289927,0.1550038637016712,0
2.081832884298744,0.37978699363842344,1
1.6159479653399593,-0.1676805323075922,0
-0.8516940829170072,-0.2096467493543629,0
-0.5815762068415051,2.4266967305234184,1
0.6629350716576065,-0.012980324133130229,0
-0.8544614369448421,1.7119113167658657,1
-0.8518312991426737,0.9965693593108529,0
-1.2159395806773932,-1.2239025234051388,1
-0.596254334121856,-2.1662546861797853,1
-0.7628332097317723,0.14861294051517335,0
-0.8770950974439621,0.008716738680041051,0
-0.8509361619011656,-0.22079834547497632,0
-0.23201512857759596,0.9967951141863238,1
1.056618605650171,-0.13066651919436664,0
0.7867060836969034,1.3256982238482824,1
-0.520296200901998,0.27535865043203567,0
-0.9045031999790838,-0.8608758424219846,0
0.21310920712565085,0.35661314005161077,0
0.48778506877016053,0.23778364722258916,0
0.539027977859089,0.6520935347425679,0
4.173976231022018,1.0004524145645086,1
0.0619782126883371,0.053067450806216374,0
0.08584691775177208,0.05665059110301722,0
0.976870555182089,-0.6462479582810898,0
0.6172077000593574,-0.22291590586795104,0
-0.4215605929329258,1.3495655165151321,0
2.3679542491855403,0.14501122307264613,0
0.7239444011247593,0.3128650201020983,0
-1.1943688087202524,-2.5185589605521743,0
-1.0853799497388998,-5.167559313685479,0
3.989657103324372,0.015216023348331838,1
-0.542003072803524,-0.35792447809863437,0
-0.21581836122446518,0.524914188729749,1
-0.1968988515631455,-0.47115613295391645,0
1.2587980068129785,0.17644137546779706,1
-0.7539021419796608,-0.21999941596871347,0
-0.5849184884021261,-0.41605768803330406,0
4.996970586459033,0.9404647640527424,1
-0.3511381745903479,0.93873448251158,1
0.11345409251160442,-0.41339351434482036,0
-0.8616043081404611,3.1846738441696396,1
-0.6672162341827161,0.7534028113929013,0
-0.8750948989385616,-0.14427867612652578,1
0.7384603186493499,-0.3427093020384383,0
0.5140166062622945,-1.096781025827031,0
-0.2792342593997791,-0.8474116679150393,0
-0.02485604467052846,-0.12181499165809952,0
-1.094941364515601,-1.6205988016760977,0
-0.8987190101994265,-0.9305260088919913,0
0.1332295284627402,0.6941833811746666,1
-0.7545122931009833,-0.3969350691099723,0
1.1182302910782258,-0.5776069404412372,0
-0.776171173757458,-0.16465704068750847,0
-0.23022199378154462,-0.0299731859820644,1
-0.849258237922424,0.4446913647847456,0
-0.901029270872332,0.032136951379157626,0
-0.486352798132585,-0.7020328878714908,0
-0.7182299693615513,0.15810367883920337,0
-0.8588187589217385,-2.5441669975451564,0
-0.8952505308280357,0.08847900666072939,1
-1.0166675095448792,-2.3214561868071195,0
-0.6225802898287646,-1.0255117661469495,1
4.960288655822926,-0.16039725217774733,1
-0.003448375751559528,-0.6941985570048574,0
-0.2851733355313284,-0.16314761563586902,0
-0.630838997953036,-0.4405249076490526,0
-0.8392507828290368,-0.5338907016925583,0
2.0569815010196826,0.14010444184312254,0
-0.04167223954866686,1.4399665932417787,0
-0.37553692779458536,0.24809397266688327,0
-0.8640141495763451,0.7586837542945236,1
0.25827521910726386,0.21868799478691497,0
-0.8890995928058988,-0.023974687516077006,0
-0.6847100387850706,0.1910962186636994,0
-0.8086348674814168,0.4102755235603029,1
-0.7557368443110656,0.8017525678132875,0
-0.7699285860841341,-0.28512037282693564,0
-0.8500817550098451,-1.4913511236339272,0
-0.6659322359546549,-0.16390367381111623,0
0.20013778715525152,0.7109468132784648,0
-0.4406087068465668,0.23383496507248613,0
-0.8093629589422643,0.14443690748403387,0
1.1610511771055039,-0.6624600870673716,0
2.205925119286617,0.041882590758582895,0
0.8262152728171456,-0.6163949108187755,1
-0.591315959840218,-0.34059968527034434,0
-0.26908414869991565,0.3867794128970049,0
-0.6532458854119298,-0.1891451586478617,0
-0.743435720875141,-0.3306185851208817,0
0.7395997179718659,-0.5938172795610035,0
-0.2063099290402174,0.34162773634114724,0
-0.8627924540319794,-3.8012414278331184,0
0.19691342404598974,0.595627718123963,1
-0.46482992466306755,0.5832220230954593,0
-0.5641861667517404,0.15487525946242037,0
-0.881310996815335,-0.6881031940605921,0
-0.6361727115861323,0.2529713170025952,0
2.511257890373095,0.10647159285806329,0
0.0033040226942209774,-0.04885869901359147,1
-0.8169829214134755,0.2667582122722974,0
-0.892440123077851,0.07311399276361939,0
2.5954060015616838,-0.3939051251536899,0
4.068204805212332,-0.33760739251781047,0
-0.13245787107080803,0.05409463305066008,0
-1.0677860948867888,0.5505629944304928,0
-0.5887665978171718,-0.3369159393600147,0
-0.6817224512262479,-0.21534178204148696,0
-0.489841152000782,-0.021745615015018146,0
-0.9245913806097331,-0.4416642828763448,0
2.051863880015116,-0.17076996576777878,0
-1.0675272620859113,-2.2239592315746686,0
0.288596574713526,-0.42770703689272127,0
-0.13043163021285195,-0.5261291678417769,0
0.3811067275844286,-0.3333760665434241,0
-0.9056898037713252,-4.8528498936212845,0
-0.36786250339654936,-0.48593252874172765,0
-0.6664893346985709,0.48149640866070786,0
-0.8327688204730711,-0.5744170011453853,0
-0.8281707914807523,0.2747483745878103,0
-0.4469312763769221,0.053760859877156356,0
-0.6252046597324895,0.88007760522058,1
-0.6676164953405317,0.23617975008674058,0
-0.4587487753069266,-0.6988959441893782,0
-0.846712478803434,3.14868165021865,1
3.0543699547637924,-0.08112500397758521,1
-0.6985091381767582,-0.33409296392341314,0
-0.6642417283065757,-2.0276280265507935,0
-0.7994892088345348,0.27093062337376067,1
-0.46508086161453654,-0.3697877023641927,0
2.826012382871356,0.012782263952902025,0
1.5617441924417048,-0.8695421148107493,0
2.2865370878907,-0.137433324398648,0
-0.5463363113525778,1.1789799580680353,0
-0.872634700433516,-0.17174500330455372,0
-0.867600746964937,0.4043919276729737,0
-0.7624451822174636,-1.1073196808265473,0
-0.035093049042381246,-0.0044472534534646495,0
0.5123521300460028,-0.8246985493302142,0
0.18467844847878867,2.9024208880783036,1
0.8273827375747784,0.09932167036581138,0
-0.6923876041387298,-1.5127763207517515,0
2.0294738595564548,0.10812504283478465,0
-0.0742924938755461,0.2490052222289073,1
-0.4344496928283213,-0.4152456707852432,0
-0.7587872217698187,-0.8412850930216592,0
1.3435095119090519,1.3407823234321392,1
-0.3018018642932911,-3.5281363684838722,0
-0.8598851262907632,0.7956109246095008,0
-0.6393761456832854,0.4766775897735149,0
-0.47586497794713545,-0.13208427571522297,0
-0.8490830320109846,-0.014009318217672932,0
-0.6175748866954339,-0.18049721082660528,0
-0.8292849668106489,1.7954630344363185,0
-0.901836731268465,-0.2541246405015889,0
-0.7815396979110639,-0.31944607520653173,0
-0.49054869075357044,0.08663369259963413,0
-0.08569994223660878,0.007283473159130381,0
-0.5319334022246963,0.6211416130859679,0
-0.7744432357577348,0.39339671422149186,1
-0.4710726306643658,-1.8048384737063279,0
0.2934349632730625,0.27220943217545157,0
-0.6077776988594472,0.8017156014268784,0
-0.6489039735652338,-0.32818283550166405,0
0.0789568119855626,1.7332657327615029,1
-0.2541468402791211,-0.005716530523647926,0
-0.3310967134615834,0.08260744514222228,0
0.7143764494768693,-0.10030986327439739,0
0.2552666502098322,-0.015132452265115327,0
0.028777534976935533,0.2741436139524064,0
0.16516028730323065,-0.3810365174097518,0
-0.813200175168126,-1.0566827537812407,0
-0.7031426611974417,-1.9982143531343974,0
-0.8206032333981895,0.7073560554130846,0
-0.8679376330347182,-1.0279573913705153,0
1.7570103375288795,-1.291849156787333,0
-0.8805142475543242,-0.7612026376843494,0
-0.1160657368136218,-0.07479622911558462,0
2.8854941575131563,2.3766806164377394,1
-0.870879668325731,1.2216201210929614,0
0.7348309973069603,-0.007637743830312158,0
-0.11199268642536578,0.41544919104092215,0
-0.8709108301070043,-0.11548264458648945,0
1.3818625650452792,0.09653635206128028,0
0.731756959171227,0.595039045718504,1
-0.38486305023883643,-0.2298780576529154,0
15.209239702215237,0.08039586625074933,1
1.2497512969505553,1.3403544060626968,1
-0.88622076129524,0.5071214887197079,0
5.651151214097949,0.45384369720688095,1
-0.8446372796476076,-0.24055571066027895,0
0.2638299303265166,0.8675617227285224,0
1.3072691184733962,-0.0458563845237225,0
-0.4964503176024541,-2.137755698840216,0
-0.8258907408453662,-2.1445025130033986,0
-0.7700805179591644,-0.27608618998441975,0
-0.5740796945279893,0.4062567593511138,0
-0.5159963332232618,0.8480835730636495,0
-1.1471861686474865,-2.266215447670253,0
0.1624164607360173,0.07400553275840378,0
-0.8365035031276942,1.313913323008394,1
-0.8537158846829065,-0.3077463448669409,0
0.77117030499931,1.199518698911456,0
1.556188751418121,0.21088027678043114,0
2.456809150689797,0.07303065846871519,1
-0.13852889984637126,-0.07581952207149201,0
-1.8161233121243021,-6.484724697107503,1
-0.8902638091208914,-0.8514352456173231,0
-0.24822508622850176,-0.06751791009873614,0
-0.539566667006499,0.21346519593403934,0
-0.28994028014294687,-7.036346067174402,1
-0.06994444441647721,-0.578291679645272,0
-0.19068056030822989,0.16614260129688127,0
-0.6362461088415519,0.5390951603929742,0
1.3507756359227745,-0.31987080392131034,0
-0.9032449264662051,-0.5595877129498154,1
2.596693657969167,0.13839294110104153,1
-0.8447845782614573,-0.23983688640224204,0
0.4304294411280313,0.22020709274956418,0
-0.8128333688313776,-0.40090623798924746,0
-0.6064135170738895,1.6636594447264967,0
-0.74421362715777,-0.11121082293663445,0
-0.6600116121645861,-0.032817835488850186,0
2.3328662588862255,0.20964850372060725,0
-0.19715583611779255,-0.18548559605065734,1
-0.8043259541045861,-0.4469005435393276,0
-0.5158703312136457,1.9218438980673787,1
0.6094415367062629,0.3370648550248523,1
-0.9381891871284618,-1.4629345449357254,0
-0.19558546417918954,0.3834652774529803,0
-0.6713240819797973,1.1286253605554972,1
-0.6819902941272437,-0.13808223961872781,0
-0.707165928028738,-1.0109416545148644,0
0.06368343003387449,0.04695314612585055,0
0.3821422672852328,-0.04071373301334166,0
-0.6047032466128975,0.39576056043152946,1
-0.23176688356690767,-0.45765160552310397,0
-0.7139650963424607,-0.4009323187131492,0
0.37457591536699225,0.04220318681935767,0
-0.4793621665245135,0.330898742948092,0
-0.3466832009887501,0.44614563801850776,0
-0.34411865494855826,0.17893450006421205,0
-0.5800688297726357,0.2694911882963722,0
-0.015402650203378436,-0.8295936304780576,0
-0.7223674686448776,0.8553996855002625,0
-0.06677026978008369,-0.15915627467447968,0
-0.7858877719353417,0.10253614287208875,0
0.38567884560136084,-0.16850584770215052,0
-0.7334488972687288,-0.5912117645461208,1
-0.6850015434554806,0.19192998699033667,0
-0.3750433087016186,-0.059592767392624584,0
-0.6073489253652893,-0.406820487696936,0
-0.007103604408932516,1.6827947151714826,1
0.03737885000277801,-1.8891437775786373,1
-0.20888921167514518,-0.3728259815764135,0
-0.8168337884276449,-0.10584626288695455,1
-0.5271432545117728,-0.4432449582155887,0
-0.6434560280700097,-0.6377188314475181,0
-0.6474329790359383,0.7755189417800554,1
-0.13515254482994843,0.18940491805420667,0
-0.9444293427230287,3.5991597477897947,1
0.30580556094518274,-0.6134483879618983,0
-0.7843561931006842,0.2789450135225262,1
-0.6348215772275464,0.26212335737060105,1
-0.6592345583723028,-0.3710540262348943,0
1.2629988356212425,-0.4963313988811372,0
-0.33227819544905113,-1.2871506074844536,0
-0.7183949847573532,0.048581778188072175,0
-0.6226996697678507,-0.44265831102105824,0
-0.6852737587361357,0.4035520607117868,0
1.004712965022408,0.1446161544800081,0
-0.6703627585572395,-0.7391713591953971,0
-0.8626270581149522,0.2367037044602417,0
-0.825512268214208,0.22366111473029862,0
2.216197204120289,1.228511362838774,1
-0.36094270485849095,0.5665583982564274,0
0.5566528571519057,0.23571451302880916,0
-0.07654364864719394,0.3829085453551306,0
-0.8554774933526333,1.0561568428671952,1
-0.7824000539871332,-0.4709295555764203,0
-0.3716380364441899,-2.2879282095393623,0
-0.6109382021427789,0.4229780158624122,1
-0.5254836981727683,1.2673684219781158,1
-0.7685596300433029,-0.6469965335609378,0
-0.7332479738625426,-0.8018814783774096,0
-0.8793402106455191,-1.0619644488576379,0
-0.8727177043104553,-0.45011936036353756,0
-0.17676034582462893,0.05387324872016968,1
-0.250981891438123,-0.11284396758698002,0
0.6369682147299465,-0.3024963440905113,0
-0.7604828751939662,-0.1033759085092465,1
0.3802091604658178,-1.9583007314403178,0
3.009431024545228,-0.8394643260550598,1
-0.2903287817667044,1.1778333008531567,0
-0.3789959886820785,-0.36575189160577565,0
0.23426654968837504,-0.4510913202669887,0
-0.4786322918376494,1.9309712117867788,1
-0.5136379198388432,-0.11864262155637242,0
-0.5174137016041982,-0.24530176538586965,1
-0.32954616648935153,0.49679819574840595,0
-0.574991719796494,0.11541802882466687,0
-0.8542955117466449,-1.307078709649056,0
-0.7388603613695723,0.03888263621710578,0
-0.6133540946520175,-1.6817982604811779,0
-0.7942019929079528,0.33094916022685916,0
-0.26514381770315454,1.2855812250565994,0
-0.38227114731646283,-0.8136939848004944,0
-0.7381098142701791,2.3814277075344976,0
0.08016549392352056,-0.11951693020113902,0
1.4443733021828566,0.5800433392497775,0
2.299501741722449,-0.7787534466268996,0
-0.8101244347439895,-0.03899064630564143,0
-0.3378872552475818,2.3518261210970315,1
-0.39885475696973194,-0.7758317281507023,0
1.2946253049526786,0.8884522768739084,1
-0.8173571258921143,1.173516695970991,1
0.049600551362971965,1.0467551102417931,1
-0.9060608594335016,-0.616346024898723,0
0.20596828687121962,0.00521509638548324,0
-0.8012621721888562,0.3189858556935976,0
-0.18378269648769913,0.5165756535768764,0
-0.6766722715334855,0.18477611766003535,0
0.26621571627600576,0.04474481354886119,0
-0.43422817510347633,0.11054225839094182,0
-0.5886163900229259,-0.7083794335882668,0
-0.34731306527439226,-0.1674912523913326,0
0.1595125101955258,-0.09712650845083143,0
0.44646845119440337,2.4787103901154683,1
1.9994321639379593,-1.2308019887036519,0
0.38825203061494407,-0.6773223527300336,0
0.5634722410518965,-1.03502082304965,0
2.198681614596397,2.055326939488082,1
-0.8408430581895004,-0.9748579698833701,0
0.19891316980795729,-0.3847469048941871,0
-0.21145060189896286,0.23914705746539566,0
0.222907845056514,-0.5475620001142459,0
-0.8057962957868517,0.13794102362075397,0
-0.8988424587401138,-0.473279209862475,0
-0.8494649494010981,-1.8000913508689746,0
-0.4352181850896292,-0.04768193372454901,0
0.38119113055067216,2.6375824102829273,1
-0.8898719043766117,-0.45453424408221177,0
-0.6349254735436705,0.5547763555560579,0
-0.5043030888140586,0.5052504494423405,1
0.3371380914950819,-0.061881881321732085,0
0.6698667686039126,-0.11783957917894479,0
-0.41050621774656426,-0.4321017613133088,0
-0.8964708359258704,-0.12906013326071467,0
-0.8505321821434341,0.07787777994021555,0
-0.7784789783397856,0.2939486122944393,0
-0.8914887476169745,-0.6851991667653318,0
-0.844356577659441,-0.3594843708151942,0
-0.812042923079178,-0.2683829260510013,0
-0.20974899945321648,-3.0722320449174756,0
-0.32105983154736545,0.38253003146062187,0
0.14698993929726875,0.24885346251688958,1
-0.5067073134720045,0.09272390754231304,0
1.4542598821506953,-0.4823783211832465,0
2.717332155917872,-0.682808361194723,0
-0.3175663874514721,-0.249710383823059,1
-0.42069868131190824,0.3227308983694494,0
-0.8457273924370508,0.8589560389606967,0
-0.761218193358963,-0.05001490382325419,0
-0.6268265534753756,0.2828975608628185,0
-0.9034909137933264,-0.2746860896689572,0
1.3846906436724222,-0.5254976739310575,0
-0.026933271088951282,-0.6784798924240408,1
-0.6812134722086988,-0.14134683610440196,0
2.0712799128042776,-0.4892052545244581,0
2.785769058405533,-0.534163845453759,0
0.1694550788278079,0.5679552478869878,0
-0.7060729667974579,0.7761241506216218,0
-0.8325471698911004,-1.5406258660783974,0
3.9317837169442225,-0.3530428431544652,0
-0.6479754289896291,-0.12877474448330062,0
0.6876522031426447,-0.4553805133669858,0
-0.548019807943891,-0.7474271850241095,1
-0.3730644101570862,3.514375447737011,1
0.8928794661368162,-0.0016525016128768942,0
0.027330507792858054,0.49136270637185747,1
-0.6861546984517034,0.15191205058736176,1
-0.8700085362703087,-0.7282586244015202,0
-0.598598280579783,-0.16285927450207915,0
-0.15723288954433992,1.4137310871176167,1
0.2502151241659607,0.013794163805190454,0
-0.2535692192380199,0.042573518538210245,0
-0.3455266920542595,0.34620432286306985,1
-0.5579596387716153,0.6915243227412587,1
-0.7731712691010385,0.5217235917850661,1
-0.46612681156987656,0.0993026895480606,0
-0.6018538462355154,-0.29795087599923464,0
-0.8832245698722417,0.6925234439751389,0
-0.7213575979714337,-0.5948869967803536,0
-1.1342374662057286,-3.5719778717627184,0
2.0371933230596357,0.9856769982769201,1
-0.8087237597766864,-0.07905127993065443,0
-0.9122535948784328,0.7425712054943308,1
-0.15868892758885847,1.7905360450196097,0
1.6146030493556445,1.8264759421758634,1
0.05836644473296435,-0.25567202985503446,0
1.2397983461076296,0.17180812970108633,1
-0.34079542920905737,-0.24184881345549533,0
-0.7617749870634987,-2.326847639006058,0
-0.8450503549003917,0.4392962776385732,1
2.20441381706072,-0.2601294855611878,0
0.023018130093526004,0.33720367701227827,1
0.11559657462092898,1.577342464399785,1
-0.3413359530087147,-0.2851505713465443,0
-0.8414745797650875,-0.6467807500894363,0
-0.8749824927373968,0.024695478601682135,0
1.3495492869269852,0.30133188455542004,0
-0.9471545543432239,0.9570326362343324,1
0.9443040868614828,0.8630699906510488,1
-0.43581455875615854,0.2992455414704873,1
2.9111035222082147,0.9636275662425013,1
-0.06214039371061935,-0.3038667879616531,0
-0.6467486359635688,0.007369045233504249,0
-0.2923992997770868,0.14993896491592865,1
-0.8510771628373971,-0.46999790432699234,0
-0.6018576211082368,-1.076501972753148,0
-0.7094811763550797,-0.34475135469463447,0
-0.015396336935263582,0.15487418244342052,0
0.827435224519392,-0.20809219279936508,0
0.6343904026755764,0.09534172680900874,0
1.336689986302832,-2.5436908571181123,0
0.02471558134604738,5.329123192222833,1
-0.520237253232529,0.4950964273554619,1
-0.06921355282498454,-0.4505053033909216,0
-0.49187638003108314,-0.38681156665305366,0
1.529843751997751,-0.978246289053921,0
-0.885687012609729,1.173819866353159,1
-0.7656907996815687,0.6934626945209349,0
0.5303649851102493,-0.4576969742995144,0
-1.019286301036667,-1.2452188629538554,0
-0.9196251766540681,-1.4358762240502563,0
-0.07899990375172398,0.956031956598596,0
-0.34469002195026077,-0.9789550769169005,0
-0.41955224706980737,0.7915220558120772,1
0.578237657913013,0.47539711398103995,0
-0.23444225855342057,-0.07051149527487759,0
-0.7196516139332327,0.01975925716590096,0
0.5374845952630425,0.6713882857618482,1
-1.4249245578562322,-3.7130971634048215,1
-0.5581466436150153,-1.1401264826387025,0
0.5844768775249684,0.128906127886303,0
0.5005308409419696,-0.5148723541423386,0
-0.5694106926377418,2.983066108332836,1
-0.8218271358170566,3.568587859826646,1
0.874082409887264,-0.024498297565184905,0
-0.7703595107560389,-0.6171570349599549,0
-0.7802182390431011,-3.589964951743686,0
1.7563931061075406,0.1557519146600595,0
6.942984620550033,-0.8904539419159548,1
-0.6925116330043605,-0.36945310565138795,0
-0.4777286217819139,-0.38266196030729327,0
-0.06849445060687073,0.44389738624300656,1
0.2509780912165381,2.099383075473172,1
0.20247974584846976,0.32030946409615385,0
-0.648845276591971,0.5423051729495054,0
-0.7813836172526234,0.4439628476963186,0
-0.22160491594693987,-0.20368871328189406,1
-0.35508880028550677,1.237392901274067,0
-0.8796355671448501,-0.5082724930965186,0
-0.7670303340885881,-0.04161163261508091,0
-0.8477195954337408,-0.19374745898481566,0
-0.9243227928501893,-1.7734415270080839,0
-0.731617480365765,0.06617843664516516,0
0.7949611495066379,0.9139711169844836,1
-0.8459286507710174,0.7166172723343835,0
-0.8694003368822893,-0.9859021351714243,0
-0.8013486564966018,1.4925514757173464,1
-0.8811991590389189,1.4585472225417861,0
-0.6473305519833219,-0.0369338906681986,0
0.18128657673425705,-0.43037962060453355,0
-0.8296446589387771,-1.636993569947525,0
3.657261169686921,1.7116302394993197,1
2.5150623761398276,0.547635052121546,1
-0.05058461921412056,1.4341340633423836,1
0.34614043686490037,-0.21513288823254456,0
0.16847908343822987,0.7808204849381513,1
2.109787337001355,-0.6265059728438573,0
-0.7074685826859146,-0.6918643477875163,0
-0.32349507616149925,0.7398417008515307,1
0.3377377282875444,-0.588310444929818,0
0.08500473370365091,0.21269075344363628,0
-0.04252644081695281,-0.4872740749354998,0
-0.8209127083374969,-0.4241064972796783,0
-0.6142345706524731,-0.2793845071720122,0
1.692781485854804,-0.03944332799084919,0
-0.7837213051787884,-0.3793546690154714,0
-0.7540683153238185,0.5019913538628581,0
0.7400148224356575,0.6311562164585732,0
4.849872399367892,-0.052322399163891344,0
-0.753330837378252,-0.3533921235876252,0
1.3979642892520205,-0.42041402506225706,0
-0.6880548304794443,0.029574580137732513,0
-0.8388048759809962,2.1449834146084226,1
-0.5609173295441431,-0.1315101847544389,0
0.516453627648803,-0.011436543677362215,0
0.15578262280380786,0.2284052019150705,0
-0.3824042452145448,0.22611139608207434,0
4.167808995388093,-0.13435935860315956,1
-0.8830353534217201,-0.5325767461096518,0
-0.2604739385554509,0.03315458109222685,0
-0.2593472070721853,0.4172544780358762,0
0.4723106902880479,0.4797047147093535,1
-0.5471347959979017,2.677858456263409,1
-0.17361653235438324,0.8308443340301382,0
-0.6723277847151046,0.1573802063634504,0
-0.4196488982071672,2.0673928400603856,1
-0.6141832423714709,0.23628546156611088,0
-0.8727197342610415,1.2430636353159161,1
-0.2482778686358009,0.08050662271129412,0
-0.47586395028693973,2.1896517154240382,1
-0.14828914080857317,0.9617388923201752,1
-0.6650595945612626,-0.2586072245890667,0
-0.805283876400323,0.07224258612394599,0
-0.4960727714532299,0.2671453897333565,0
-0.29967510081639,-0.2652820151911813,0
-0.26389201787210975,0.13784045138884574,0
3.4762564823372064,0.09856099552806101,1
-0.10629589970737886,0.8752894035850974,1
2.1614262755061313,-1.3287125718064783,0
-0.5658448047993667,0.7469113896394032,1
-0.5422367895268335,-0.04741624396453501,0
9.427601257024763,-0.357425787438332,1
0.11190079968219904,1.2859666923983633,1
-0.6617899524309581,-1.017051498855022,0
0.6522605140642841,-2.212018880538061,0
5.960245589460583,-0.5575542775679132,0
-0.4554166103331514,1.6200199231576,1
0.0654775358380061,2.4006891756460003,1
0.8037427775917378,-0.08947778868050547,0
-0.31120060872209765,0.887963985133308,0
1.138751639897098,1.58096659380699,1
-0.6269826919652506,0.763768264284828,1
-0.9548948782876066,-1.237707836532362,0
0.7381990509753897,0.08474925925499237,0
-0.6388761346801451,-2.0444392853929685,0
-0.1631484415628658,-0.22333477804395513,0
3.7368981351193433,0.02955015301231783,0
-0.5079698629077128,-0.3343662375809985,0
-0.5405575262931984,0.9286865631963337,1
-0.14476797615384188,-0.11650470264221142,0
-0.25784227694231326,0.10652053435857835,1
1.3310882183904038,0.10033146039122186,0
4.747552013291555,0.30242245677634255,1
4.633662878474133,0.3266116702173317,1
0.14254119455408293,-0.5538204771435977,0
2.5464397109931878,0.23266522665762548,1
-0.875027199810484,-0.3545047854538536,0
-0.8488088128792379,0.18184791806583722,1
0.5520786384397547,-0.1083707077499865,0
0.06705440035879077,-0.3095498520952094,0
1.97656203396209,0.3679154168048521,1
4.507104955685165,0.5641947249588649,1
-0.26043982107192987,-1.585472682409527,0
-0.6870419461404563,-0.2125856162694497,0
-0.8504798206999453,-0.9268606786049021,0
-0.8971405345087622,0.3224493586931428,0
-0.1378336132397899,-0.35524604178033337,0
-0.7997759828697206,-0.8753979447809572,0
0.5210122251070342,-1.2610319122913318,1
-0.8351935979730527,-0.20536208437726652,0
-0.5354556121316285,0.5780217578095987,0
-0.29410356301349094,-0.6444580082938034,0
-0.12088592990070492,0.8490827558577562,1
3.735790829581764,0.046018370918850006,0
-0.5709219662717363,-0.5735688707828,0
-0.602674505248501,0.4574634224904128,1
-0.673560140942936,-0.8442178380144028,0
3.770069044913886,-1.6228686266573913,0
-0.14335794618006883,-0.2603552142043397,0
5.131111061141847,-0.48623996121191426,0
-0.7332660027805029,0.8861654926887091,1
-0.798307897294361,-1.2902694348637564,0
0.5048013461342634,0.8278941675960916,1
-0.8286921823854002,-0.002142246574968588,0
-0.6081027036083049,0.030494714383210393,0
-0.20079170022270168,0.26660367921559835,0
-0.46224162258238854,-0.3530718936042384,0
-1.2673313179109533,-3.2019169162040897,0
-0.7547110743726421,0.07256028718621442,0
-0.7190394224883664,-0.4676692746228236,0
0.24807869393861645,-0.6854646395152757,0
4.109418562369954,-0.6145890449681738,0
-0.02931064777955251,-0.28293121246492714,0
-0.9140959078685802,-0.6363095305338947,0
-0.7538786950756217,0.8036496493072633,1
-0.9354685739956454,-0.6483916096437837,0
-1.0035602624309163,-1.3527758890316774,0
-0.9107748982864865,-0.7495102625707462,0
0.26146703491828355,0.5741249201352651,0
-0.597477874004505,0.209276348604191,0
-0.7950692107575892,-0.6699084011912984,0
-0.1547456519708711,-0.7402897077177145,0
-0.30151544818066867,-0.27143720974778013,0
0.1699543941206046,1.059230220525305,1
0.6294975624616073,1.1672424259645438,1
-0.8429551380886405,0.25600336128402806,0
-0.11482872569884947,0.06753340070056191,1
-0.5781163568980119,0.12879930629873146,0
-1.101905303609715,-3.775488029829254,0
-0.7260385109609291,1.519628100122846,0
3.007185594528746,0.7180805805604892,1
-0.5937404607420482,0.46984674029828916,0
-0.5069315299174236,0.5588404168353782,0
-0.33451816855576244,0.114088674343928,0
1.5266053384885638,-0.43598217277238377,0
0.35249306985275713,-0.2662133998946601,0
-0.8125680340254404,0.4463322366475262,0
0.9849843549460782,-0.43947875051309254,0
-0.6720165384835948,0.07750477289133878,0
0.619614673579486,-0.5601959698207618,0
-0.9105309053872084,-1.1045957907391444,0
-0.11751499381621508,-0.18394004046698295,0
0.5407894769755128,0.4786267471766067,0
2.6806700366430953,-0.09680202163771656,1
-0.5689000393994967,-1.5076210739960163,0
-0.793869575445866,-0.5244534229527924,0
-0.7380478726147613,0.0069486195083821355,0
0.6107335508251922,-0.2003302618677485,0
-0.787975402568738,-0.4204050282895044,0
9.831040127051923,-0.9165783756901958,1
1.0936293815790161,-0.36253096076481434,0
-0.4250646326977255,-0.645051737961013,0
1.3157284715438535,0.35368766158819226,0
-0.7235656462445974,-1.5632217299946898,0
0.21595723197758743,-0.33931243663236976,0
-0.6761364604146125,-1.399563700141195,0
-0.7429640197552139,-0.03108990681573392,0
-0.7013435447898544,0.9832452167936327,0
3.9574046713152553,-0.27432198312825057,0
-0.7852923300207022,-0.4036066832312158,0
-0.9780129452989852,-0.9296865640586969,0
1.917634976969424,-0.6139792624428978,1
0.19865671323063622,0.45601248544608614,1
0.8811029366643663,0.3497654007823539,1
0.3919870841166494,1.5452533198699798,1
-1.0214076741569367,-2.0836551479538636,0
-0.7653197704411462,0.3183111648319174,0
-0.48162642327708244,-0.7093310799572994,0
-0.8593116937661925,0.5885199760471047,0
-0.7856164921278546,0.04292232692130412,0
-0.6640899915992714,0.132876465463454,0
0.2825976709012327,1.314616284035108,0
0.9617821081181447,-0.6425800949492609,0
2.411723878733761,2.004826180113498,1
-0.8663186946131181,0.489568798102532,0
-0.5118455578286154,-0.24373127707864736,0
-0.47210228550497635,-0.38856904700543826,0
-0.8030415134823237,0.07429225614823047,0
-0.09713923296237227,0.5241063580793118,1
-0.7339716284178464,-1.40231016654497,0
0.20729307508194364,-0.7737422468743202,0
-0.5189187621708581,-0.2491966341833871,0
-0.3703279152043664,-0.22044927285633792,0
0.5373548946371207,-0.31866014977557816,0
0.16203983630658736,-0.605017140011467,0
-0.6368322945344512,1.3480243304583421,1
-0.7889068604663252,2.4110805638481048,1
1.5453493383792387,0.020169286680817678,0
-1.17634728129311,-2.1143032445777306,0
-0.7331389038042629,-0.2613156403707114,0
4.455487071276545,-0.23972520138398623,1
-0.7074941804921819,0.1857958689791676,0
-0.6164105692831761,1.00172354478802,0
-0.388212278397166,0.7208063109198843,0
1.4261795229081606,0.6243611349584245,0
-0.786653563557791,1.171488827735619,0
-0.9697876977756585,0.5439536711763797,0
0.17143147284299334,-0.19289398445933073,0
-0.8428707905667456,-0.8858000561567698,0
2.4371472008552724,-0.32998560277997546,1
1.1687864992719759,-1.2401131309198812,0
-1.363505062850535,-3.367288175056883,0
-0.5416928351513758,-0.4660038490491627,0
5.005456201027797,1.8250131373027352,1
5.0677951319776335,0.016304692527040927,0
-0.8635370789792011,0.4877078440287658,1
-0.9071386273837784,-1.4880028234229474,0
-0.04713104879993643,-0.027391335930787086,1
-0.9993464443410178,-0.7523204865166696,0
1.0876623255300937,-0.552459304708442,0
0.7187404458222308,0.16359767624978858,0
-0.6935525370756501,-0.3095946400017367,0
-0.5113768564630906,0.30276197399343824,0
0.3929774534821966,-0.0832499809196031,0
-0.23811883032006653,-0.15942454213523963,0
-0.07910197665836376,-0.5371390594349165,0
-0.8749775635477169,0.6479606010411573,1
-1.0718190737415454,-1.4970431139914075,1
0.13573874145508183,0.014408602849815558,0
-0.8169439370362813,-0.10049545513611703,0
15.46245779255241,-0.5317508491512376,1
-0.9958864623396396,-1.543181652957239,0
-0.17326949846811615,0.8298022687273892,1
-0.5309547590823708,0.07514770382103708,0
-0.7503611457970153,-0.030156832960115645,0
-0.7655995271754787,0.04035506478431178,0
-0.7411557489708015,-0.14548309743611426,0
-0.5131805130952001,1.442636078272785,0
-0.41230033402314714,1.0820172691511096,0
-0.6461219882666325,-1.70027816919527,0
-0.6165150126695672,4.598728389174948,1
-0.8009809736301405,-0.2289773389215358,0
-0.31002874707036826,0.04267339365363555,0
-0.6837758958770049,0.1642470841299131,0
1.379646008437874,-0.2193935529059654,0
-0.10842843233974722,2.496136926630301,1
-0.7627001247392312,-0.39936742338355796,0
1.8441940104873922,0.073330676204894,0
-0.6456851535734992,0.9646426028360906,0
-0.8772490198910209,0.026556672416451235,0
-0.8313712021572766,-0.9082280864211135,0
0.14689405093249966,-0.2331137653455729,0
-0.3982672930087634,-0.16542330915853773,0
0.30006092200905204,-0.9132492321379647,0
0.7415552905694632,0.7743963748448722,1
-0.7887864172431881,0.4747478325320451,0
2.5552460504039662,0.14278319094214892,0
-0.5866139413064551,-0.8505782875459373,0
-0.8223113623785012,-0.18029529790803078,0
-0.5762191743592243,0.6136951172643619,1
1.5512596696042456,-0.6222093268206931,0
-0.8684289805016004,0.22335135372116935,0
-0.20702711268241822,-0.14755960349854239,0
-0.2929721642372599,-0.3125892168976332,0
0.08590614422473114,0.5308508595567076,1
0.3156106944409028,0.26077435468957383,0
0.07036880905955764,-0.3346938281675385,0
0.8846132159742731,-0.3740484842543098,0
-0.6327766341185137,0.670943974439494,0
-0.5902242060247175,-0.09196029986344292,0
-0.09088872496960697,-0.5995358124063903,0
-0.12414291435869441,0.029703062093105293,0
-0.7655208246564607,-1.5232376639738403,0
-0.9969572379871144,-0.9384862979564329,0
-0.18950294957413638,0.40259109424425954,1
-0.3784936667827723,-0.6649349078800834,0
0.9430592403558355,0.24928055491324236,0
1.0933201863686195,0.517783320359388,1
-0.5662232600255264,0.27343891238910834,0
-0.6744982272244797,0.05728125801703703,0
-0.7715830436484946,1.175927233588723,1
1.3109277841783187,0.08331036799191399,0
-0.7271351252183292,0.8134647957686553,0
-0.719950385699459,0.13561472268774802,0
-0.14326214753100883,0.4250827302864482,1
-1.1192900019214704,-1.5915762242644544,0
-0.6332402322124937,1.0570674412301715,0
0.17474346251288092,0.08683440627564472,0
-0.7382674644948016,-0.09694863472577923,0
1.0255258452563567,0.2611290152455745,0
0.4140427458883302,0.20083382294915667,0
-0.76301594092107,-0.2715748542129245,0
-0.24525480223074034,1.4534254521085503,1
-0.6124265620471953,0.30985700981463427,0
-0.10997737272152538,-0.35707463436893344,0
-0.009059824076730137,0.45206933407848443,1
3.824320316916797,0.5865979704725578,1
0.14282966871010175,-0.3793878146526293,0
2.0846883963188794,-0.7785508461617027,1
-0.28023188363823764,0.5074063314997519,0
1.3833720541901335,2.044616776542398,1
0.0834981506636372,1.7024835220023913,1
1.0015315511546414,-0.45197429573801173,0
0.002745366491376769,-0.10114694678031234,1
-0.710502251522101,-0.7540520806854248,0
-0.6339723955392238,0.6392878792459623,0
-0.8293905732028118,1.2652144277178166,0
2.2562095104450286,-0.5639787421897511,0
-0.8404447970408425,0.2413589258485373,0
-0.5535719358289098,0.17293103879053248,0
-0.8557080014241435,-0.6569135456032437,0
0.25846814513283217,-0.292954081714135,0
-0.009385447466290636,-0.3539974141250836,0
-0.6030926286814329,-1.166620789108927,0
-1.0605035018829831,-5.116833673342114,0
-0.7604447006968803,-0.24560768747259484,0
-0.3628709442054341,0.4657584708911056,0
-0.4086978635867424,0.50319419782908,0
0.4295753265148862,-0.27772957782953367,0
0.8145987607762858,-0.6649399190501959,0
-0.5689193887434585,-0.028481487421609098,0
0.6700018253975617,0.615917280335214,1
-0.5523724235062804,0.29479963037997337,0
-0.9029765772285926,-0.3997877910989928,0
-0.18109537049668917,-0.4769487945266757,0
-0.5205784568842847,0.475448352891719,0
3.69014907825158,-0.3627972441957278,1
1.3512949527942781,-0.8494183551410165,0
-0.40805489993861016,-0.16277674811618353,0
-0.35859525661579345,-0.1573819828175684,0
-0.39159438348059544,0.4833425169564427,1
2.1007686350990586,0.09025756711037468,1
-0.8700908378032279,-0.8339458115851565,0
1.1251202170360461,-0.5607719345329902,0
-0.8102907295202021,-0.3241562906918861,0
5.904087948714562,0.09868258295078298,0
-0.6629877478016716,0.6908129584126926,1
1.149736663846299,2.129907585646863,1
-0.278067570986495,-0.2509419819575712,0
2.2853475116191193,0.534937045735034,1
-0.7007450769726336,-0.26604420375264837,0
0.9207905517351866,0.17909053401157776,0
2.0621386295024116,-0.33966843434762894,0
-0.8631377776298431,-0.5394540883123817,0
-0.3289984544607328,0.5516046631830662,0
-0.8120727466577596,-0.19376514200273953,0
-0.12152603474359835,-0.34507107366996087,0
-0.7468651462743027,-0.6852970439062789,0
-0.8084227719886273,0.2940031440583557,0
-0.5979214509577485,0.2550081528446164,1
-1.042370205566669,-0.9755943093601179,0
-0.4284606052612545,-0.35168505859472204,0
-0.6418472466057954,-0.31170202359534105,1
-0.8945089410552489,0.03269329138241598,0
-0.3720039413200577,0.697401569730979,0
0.11231138036192824,0.5227926380458818,0
-0.5419848899593255,-0.8682641492766188,0
-0.41965828765365315,-0.16315713778151522,0
-0.786472007456958,-0.5672301886516392,0
0.10081960549526657,-0.18385239446436893,0
-0.6644314896967122,-0.07520867997371712,0
-0.24516502149502184,0.8397273410624675,1
-0.8038074313227006,-0.655410975229663,0
-0.09714035759393326,0.10068665399082512,0
0.08763449209296487,4.523868629945842,1
-0.7238864422462792,0.03871376302410785,1
-0.8540301770922167,-0.37314186145028755,0
-0.6964704304456089,2.1443268643883244,1
0.7963566904682458,-0.37640438505591706,0
1.2310921350609592,-0.2626739328880741,0
-0.23302068121488045,-0.3261143276932649,0
0.5850280995300017,-0.21511419101327497,0
-0.7571735233097254,0.08671140321921299,0
0.05012910848887415,-0.8961887195444552,0
-0.8112478099707251,-0.5070722716044183,0
-0.8153348742262417,0.13589511807249904,0
-0.8470999589685327,0.5487907895211591,1
0.34847902139412684,-1.0896900671993444,0
-0.6728938734476595,0.5624701468035682,0
-0.8496115088124617,2.7478962627532773,1
0.42585344086824856,-0.04546924146125261,0
-0.6217163886900029,-0.31032207608514367,0
0.7435609472482899,0.6977277998325816,1
-0.7410746277818536,0.005806748387029322,0
-0.890862531036077,-0.055199940972275506,0
0.9819235408819436,0.35765568569164413,0
-0.8460263438856365,1.2411199660806673,0
0.12038682674270614,0.19658004838878518,0
0.6441600256906574,-0.4110810045290399,0
-0.7827749722441196,-0.8081221693364453,0
-0.20516345151703932,-0.8384878186068347,0
-0.589412014220322,-0.013135014212546193,0
-0.25650303770003546,-0.8189430331751757,0
-0.6846883764428896,-1.018067519503933,0
-0.8427013149311545,-0.41708962848228326,0
0.44726599842052117,-0.6261220655615768,0
-0.16635220697046704,-0.7607678777363185,0
-0.8376005220268127,-0.47458734310569084,0
-0.43326434703240385,0.8235235382844983,1
0.7561972148187198,0.2350954163301139,0
0.0455643732738215,0.38501767317384683,0
-0.7786690669499133,-0.061637466908114266,0
-0.863630473214252,-0.563194121433746,0
0.8457870464464506,-0.7035672590405578,0
1.3353746875318027,-0.17993293253055861,0
1.4737922094612053,0.02925958365373782,0
3.337997866444722,0.15539508593993914,1
-0.6738938734834047,0.8512976541083522,0
-0.8047006498882411,-0.07403147474093354,0
0.44949317878840983,1.7771752133510557,1
-0.9426480505676688,0.12078585941631183,0
-0.02829779419215595,-0.165939176701936,1
-0.7494593536339791,0.4494866631887497,0
-0.4132898723180168,-1.0628329554257667,0
-0.45080850283495416,0.41940589326698213,0
0.822884395210745,0.05399055999384542,0
-0.663930761184914,-0.442998926434227,0
-0.48079341141411136,0.01671795078253194,0
-1.1571314608349503,-2.9023743479442317,0
0.44826754492661236,-0.7995085799281638,0
0.38926657828299455,0.07796303179445313,1
-0.6387781450195414,-0.37243707128996406,0
0.0124575687916729,-0.12015310300158048,1
-0.9600117130768338,-1.0488502591735411,0
-0.8297783385029562,0.36215143812478423,0
-1.1401427935416355,-4.375969371889674,0
1.0479239210260018,-0.15069875511080524,1
-0.9425367222858537,-0.42243766040970177,0
-0.13530344411399398,3.1242768707870376,1
0.1831439084489862,0.018285845048162403,0
1.4748422637856775,-0.10206548904555877,0
-0.319909658577571,0.1011123133455425,1
-0.8276980698222309,-0.7214547970552064,0
-0.811070354880392,0.523836871042792,0
-0.6239283615896408,0.366946121707934,0
0.07763583099906868,0.6621764895677898,1
-0.5380986312922202,0.5548973621508753,0
-0.6024012535416948,0.02715596346453838,0
-0.04995728133157002,-0.2579975036717672,0
-0.4027518290272206,-0.2503972127989023,0
0.6111437948464011,0.5203126167109077,0
3.7157903893428808,-0.1032396475430736,1
-0.483475661260465,-0.15529984013981998,0
-0.8857768065454852,0.1209015211562795,0
-0.5683481725804521,-0.17868159854002671,0
-0.9099045671786995,-0.2725713770059311,0
1.8016398392874549,0.17096536090050687,0
-0.8418068430549293,-0.41679431719472204,0
-0.39041490374644594,-0.2626720346373288,0
5.329400456058731,-0.037505057536764266,1
0.1629008232514433,0.8147486006705184,1
-0.6308974999592589,-0.3496903084998734,0
-0.755250145278885,0.6169938235034687,1
-0.6907955335201862,-0.6354834612001685,0
-0.6117769710869784,-1.5421758171367914,0
1.4102079212529286,1.1120194797545002,1
-0.7111028115897761,-0.2555127518967867,0
-0.6382753904409608,-0.9400124120301537,0
-0.8091611224190469,-0.475042960288952,1
-0.45352357342175026,0.15965056767253122,0
-0.8178207312369193,0.8260756460921079,0
0.38257219284347366,-0.5721821641675982,0
-0.11671910539527901,-0.7892484543040268,0
0.5393920534603495,1.2354681820398872,1
0.5901336378453709,-0.14173849910508166,0
0.11496535601346866,-0.1405869172537885,0
0.24163974643900962,0.24537333089501795,0
-0.11242592584551787,0.29124282924806766,0
-0.4282984094686687,-0.9958537889052214,1
-0.3930283077460196,0.25135598315960267,1
-0.7688575435548364,-0.2445233704521626,0
-0.6789900123376424,0.16430920950083044,0
-0.3030711460785811,-0.5633776422873372,0
-0.8573604045979395,3.148304948344305,1
-0.2162649281954279,0.4072857394735259,0
1.3049281095697816,-0.5350793317550695,1
-0.7668571165886512,-0.6141468832084517,0
0.7100963305079337,2.660360601806467,0
0.7294953651139208,-0.5580831758587799,0
-0.3439797012380205,-0.2880634789479009,0
2.6001077150464993,-0.391801761917986,0
-1.163199779369221,-0.9195344278900194,1
0.16672269696797598,0.400184084304512,0
-0.7990093571665983,0.3382974886341742,0
-0.8908154443407384,-1.7481876763385409,0
1.294203108521592,0.0017395750270921162,0
0.11676291701613487,1.7502044369144594,1
-2.3458533950430828e-05,0.291528403185174,0
0.07040385102640373,0.465668945939056,0
0.3281255540521882,-0.32454868612826865,0
-0.7644588122377054,0.5569991570216283,1
-0.7870879042355642,-2.294098210082705,0
-0.7062747681466919,2.0887560721051086,1
-0.7689487072122745,-0.10429507124688234,0
-0.9012031744617721,0.11933452368450499,0
0.22931683326673818,-0.8727305532367724,0
-0.8412157339175829,0.049558865836571,0
0.04229273706821669,-0.264147100686742,0
0.925996686630794,0.07480178819378237,0
-0.5582855759613123,-2.1187138873324125,0
0.040166431777846685,-0.31513166613284876,0
-0.8883294971771674,-0.5962633832801686,0
1.746168626776913,0.47509905975898536,0
-0.41653539640570864,0.17891708424312036,0
4.925655729061384,-0.20827216986014807,1
-0.564653566635547,0.43828946774068334,1
-0.7877395893419837,-0.1476665239674588,0
24.083831186233677,-1.4837561369980437,1
-0.465501220860946,-0.3790785140744735,1
1.1994773462957755,0.5130567831339906,0
-0.8441199302939744,-1.4784066836327827,0
0.5344848435435272,-0.3000477908098177,0
1.2855507217609912,-0.5964731941725128,0
-0.5584484368884621,0.515101100377368,0
-0.7601555063279198,0.3975041106551392,0
4.645247836913513,-0.07243617677743952,1
0.9514585009548671,0.20407358079784776,0
1.009820998050308,-1.1885422100279994,0
-0.8501496824700728,0.07583132182366106,0
0.7829030440699655,-0.6881233357405357,0
-0.29870946394470715,0.08578280838236672,0
0.06513269183592557,-0.01517321473219981,0
-0.12166208275811803,-0.7507712094727147,0
1.803729418596997,-0.31161102201912194,0
-0.04902272616376222,-1.0143307357670313,0
-0.1214167588303827,-0.13931882816533453,0
-0.8590110139987499,-0.36420807026575913,0
-0.49765206814441365,-0.4143996754206542,0
-0.46483043496146426,-0.5446741409124676,0
-1.0771861656214528,-3.7774382215625275,0
0.2493436377730539,1.0819308581129365,1
4.4709078787618175,-0.1375840370732974,0
0.5037732132173118,-0.5185739721971744,0
-0.6286396848702246,0.10398265925145402,0
-0.34836361259184645,-0.7556320599292788,0
-0.7431380794318432,-0.29844146747325456,0
-0.6699252382656883,0.23969368605475427,0
-0.7816088507685655,-0.7766109717748265,0
-0.6431373860631311,-0.1499342028298308,0
-0.27305598704740586,-0.3159582771983292,0
1.0251892879652875,2.8156524161668184,1
-0.47011221817854926,0.26166450787397344,0
-0.6710077600994778,-1.0028016314638704,0
-0.8798785631560864,-0.9117968774390877,0
-0.4301715969739162,-0.3922798629894756,0
2.0634185493881607,0.09632406501666227,0
-0.6648304097614991,0.41920013858019706,0
0.2831482721108309,-0.35704510150902374,0
-1.4373835813962077,-4.689188594187089,0
-0.4609766541270546,-0.12629309578262435,0
0.6913046504075002,-0.6392155190753684,0
-0.5983438154937635,-0.8037983257445708,1
-0.3301933668073807,-0.2726108872829378,0
-0.8429509158596347,-0.6818046363998514,0
-0.18004110213722563,-0.3994458746405969,0
-0.7149029194491593,-1.0075454985067906,0
-0.9344166033677951,-1.2389980710290134,0
-0.021128175828444788,3.774580486699717,1
0.5801092447101053,1.1091904886198034,1
-0.7943791015291451,0.7115276356500473,0
-0.12604358222899767,-0.02906705864594499,0
-0.7566748012644284,-1.3002362522147435,0
-0.061736529933046985,-0.8528766076904106,0
-0.8929980719854292,0.553408660672191,1
-0.6604355971549456,1.4925269310879106,1
-0.36282793795196555,0.6377422870481115,0
-0.7510661385853239,-1.5970835036959936,0
-1.0489967034213892,-1.7127420593317164,0
-0.4394579878345697,-0.04017959650892954,0
-0.09700707232475367,1.5145027741372823,1
-0.5895406653138968,0.3623787981784238,1
-0.11420239021830682,-0.18269045563488745,0
2.6490466401317065,-0.1805584844050998,0
0.1504932907710043,0.1125006378957093,0
-0.8171519725532423,-0.06240962374034383,0
-0.6338023718951213,-0.42903938666725566,0
-0.8630165574332037,0.5847838402688841,1
-0.2809486043758347,-0.5655301725512573,0
-0.6053713211455243,-0.37918753101588004,0
-0.63622198603788,6.863799109329093,1
4.274452330449532,0.7903410595655604,1
-0.7238560632064268,-0.43399554948243124,0
-0.7229910075490165,0.18607742132351104,0
-0.6618313386893176,-0.6621791417767362,0
-0.7042457078936993,0.12683173755749452,0
0.21035161287296095,-0.04737387134797297,0
-0.7259420610276061,-1.0008281812289024,0
-0.11711340994229943,1.534304176032981,1
-0.46922559197508956,0.06159251570804485,0
-0.814992198222668,2.054951216952671,1
-0.12252385355489243,-1.5259870599858372,0
-0.19900117871800738,-0.5752226702046551,0
-0.3506861767848634,0.39363115484543637,1
-0.8524366484526025,0.08212844950162293,0
1.5939927596888517,0.3236612930766695,1
1.249904913243813,0.35629278909002543,0
1.271451742410611,-1.1492548033620875,0
-0.6947805423837008,0.6343015319652565,0
-0.4398582121221175,0.387192602644849,0
-0.7139539665102235,-0.10220151557665118,0
1.513671929988059,2.870988987423518,1
0.7898537012848388,0.07162492041357509,0
-0.35145178822505874,0.4070392073888172,0
-0.8348314556098049,0.25700234857793736,0
1.5995981726312554,-0.044776615869929225,1
-0.23344995423246712,-0.24405179454867523,0
-1.4944314358745858,-5.017742470441555,0
-0.3053226058011484,-0.29709460894521156,0
-0.3707550514665442,-0.25152089813091405,0
0.6987095041857044,-0.4127859950986911,1
-0.8094463006295958,0.4220054519361883,0
-2.1044214690532588,-10.74526571585791,0
-0.7270558987160278,0.5341582573884968,0
-0.7549617557773004,0.2792275243151183,0
0.8203412189930829,-0.2833357669183399,0
-0.8058308750242784,-0.06259379760243933,0
6.087001990347958,-0.8250625310566104,0
0.38511626165985413,0.5368868258840329,0
-0.49005283295334373,-0.1990987113602664,0
0.09319338328396695,-0.04982474032466491,0
-0.635242056494867,-0.5575488027710753,0
0.34342936899790405,-0.22464459689130897,0
0.2200679337168416,0.41639542176929734,1
1.012737524230646,-0.5275895614418529,0
1.654467169932631,0.14756976854949116,1
-0.5802898059816494,-0.0053892642794713015,0
-0.8516927793997068,-0.03638659087865466,1
-0.8817319309147869,-3.862517270079628,0
0.39578942788440447,0.05352640659644117,1
-0.863853677657533,-0.6690671081024402,0
-0.740822500491555,-1.5519401510232596,0
-0.8572319619032701,-0.12694111470702313,0
0.016563656266840313,0.578085684886883,0
-0.7654597931596062,-0.46588639841531826,0
-0.2945777915798549,1.208892802777645,1
-0.40391218388096994,-1.3740698606981572,0
-0.7489772684114687,0.2228727963289731,0
-0.4266804427907552,0.016463525378617606,0
-0.19921405712986834,-0.42757654646870336,0
0.13779044059682946,0.2093078196347363,0
0.6933397673671626,-0.07037542527056968,0
0.21199358742283117,0.30587404712499977,0
-0.8763322827169167,-0.136554728958214,0
-0.8211357399561354,0.205450242340176,0
-0.22965609219997593,-0.16300331519021702,0
-0.6865484008919523,1.2297610356889344,0
-0.8216789699613939,-1.0536513156569647,0
-0.8438208301793335,-0.13574797043749853,0
-0.15032860055324804,1.6981667521772363,1
-0.7341411003305095,1.3845219350776057,1
-1.018743671059249,-2.578252229807538,0
-0.7537338108633136,2.0413069807668807,1
-0.5160302469798459,0.5408312331058637,1
1.4464217816642027,1.674768694413498,1
-0.12144565393131354,1.1611157888917303,0
1.3488872070535538,0.7913313346424603,1
-0.28714228522689955,-0.04609115771668618,0
-0.7355525236118909,0.06169027763714077,1
-0.47864361088511453,0.03905382665657051,0
-0.06545695116561609,-0.6344045058428174,0
0.21085425406684785,0.869827616552653,1
-0.17906843493454683,1.4993984520050716,1
-0.7120657248317268,-0.036530442452499916,0
-0.15981344965246583,-0.10240981246890592,0
0.10408656705696705,-0.2624554713293859,0
-0.9642372616620501,-1.4571299703885836,0
-0.7180200619132643,-0.4133883159072393,0
0.33494115208321856,0.14084571973455617,0
-0.878086238290122,0.5472184311457818,0
0.1735679754355218,0.12969533520538723,0
-0.6781331170348207,-0.018335064838506557,0
-0.6985483445721848,-0.15228283170606913,0
-0.2142152954494532,3.986532214332434,1
3.79133137420598,-0.7982749750170123,0
-0.6499508545640328,-2.200825603615729,0
-1.0465497800999717,-2.905010057455784,0
-0.8577034840703478,0.7922526722935819,1
0.1451067329180429,0.34203267406088755,0
-0.56708333142408,-0.6075612876340825,0
0.6361478490417468,0.004445111057105836,1
-0.618504779654812,-0.5440224893563544,1
-0.45722227331663673,0.20520415177555035,0
-0.6171375021536606,-0.021468015517534383,0
-0.7049603556973747,0.16026812008339955,0
0.5647725687034653,-0.09842040021235493,0
-0.15813923593599363,0.34885529546178806,0
-0.2507750165112322,-1.2954010027350515,0
0.09619572927726755,1.5642999644743452,1
-0.8874331586493144,0.04508255761522364,1
1.7229077471962067,-0.1316830131902174,0
-0.9784351491457494,0.4782170404140334,1
-0.8430023305635083,0.2608466151647228,1
0.4252097077100868,-0.19330319855814504,0
0.8980429143683366,-0.19314789511792427,0
0.11495834128527779,-0.4203751761915766,0
-0.8395531705829207,-0.2447227150882659,0
0.1258158298699628,2.342663655434741,1
0.3974441660421258,-0.26502501129159817,0
-0.6059413739716266,1.2266064466107203,0
0.366059563273707,-1.0696783189933008,0
1.5417752599142251,1.3374269619148231,1
-0.87565648754486,-1.345924379469114,0
0.9212138204835055,-1.541050967728796,1
-0.2975359644522923,-0.8370799002080208,0
-0.47736695496924814,-0.27054823772092035,0
-0.5036132154690391,0.8766634026929155,1
-0.7399327080209781,-1.513920129435785,0
-0.5689677712561685,-0.7975587738836657,0
-0.6296777335023185,0.19560612329900282,0
-0.8347291806796027,-0.08500988379135677,0
0.44109221849240704,-2.039501089885007,0
0.36039600182888015,-0.0865957302218667,0
-0.7868182644369627,0.06332339564889124,0
-0.582379200119607,-0.007190744099192326,0
-0.21924968613134801,3.5614305229774197,1
-0.7107926716642087,0.6711926603569089,0
0.7960026060199714,0.014468312815445184,1
-0.6873250047663262,-0.401164069480001,0
2.1849099170503377,-1.382850599155858,0
-0.7539658280800028,-0.31643313612380125,0
-0.3950764487615736,0.7955541236895357,0
-0.29794794939467556,-0.014002010539241834,0
0.10073225144845853,-0.7999381120508696,0
3.0272013931895807,0.7955108703501209,1
0.650842565301056,0.2590713894881861,1
4.304924495089824,-0.3050764316000876,0
-0.5090174760472552,-0.12679623590843953,0
-0.8229932479864577,-0.5468368372438547,0
-0.7474287971503323,0.3170112503793098,1
-0.7262718983820906,0.032831237323730104,0
-0.6791112993233374,-0.14516430737133482,0
-0.5877536544735487,-0.3678164729440848,0
-0.28343332826359585,-0.5360415738404088,0
-0.29432759070592807,-0.40581108124750254,0
-0.734067541405291,2.6276344929352216,1
-0.6184944984005049,0.6738966632405217,0
-0.7566050992524778,-1.3221585700380005,0
-0.7765798125869157,-1.150968429698946,0
-0.5238055814568267,-0.449660766941756,0
0.16337284425069104,-0.5680305098081269,0
-0.8553587557912528,-0.43581283160252937,0
-0.8194619887385839,0.23649157295734435,0
-0.33845545591052656,-0.34146269915945193,0
-0.6738081436272841,-0.34335877664474956,0
-0.20188706180590507,-0.11609738443823112,0
0.8127814688568087,0.322047439304981,0
-0.11681166588295405,0.246353689118315,0
-0.20654414326907156,-0.13374292708480845,0
1.1781121446687488,0.764156460240681,1
0.9565808140229035,0.16322489760011336,0
-0.5387740741001767,-1.5138025312797472,0
-0.772583042659944,0.03932668495345907,0
0.4590375851089003,0.35353517106201565,0
-0.6205181089565258,-0.10652638665871438,0
0.3874255217395372,-0.44685814352103115,0
-0.7004638863206921,0.27424306652667096,0
0.20878615203525663,1.2478427179440155,1
1.1215819677728889,-0.30463310200890126,0
-0.6858856161173997,1.0035489825322368,0
0.5622112606121877,0.27621862565772415,0
-0.7446112960558264,0.14362163931133695,0
-0.8675595713984726,-1.7168749767020228,0
-0.7773151917328256,0.3482049295024981,0
-0.007752265390041941,1.7477855680240182,1
2.8617653975487385,-0.5255721763080132,0
-0.7693755817363049,1.407725524148389,0
-0.1409346698412249,-0.15844906206577786,0
-1.0660914712604628,-1.8874470962412353,0
-0.878698441853196,-1.3085890610797717,0
-0.6446250214672031,0.6329347308151226,0
1.0060399719597437,0.009815143983942048,0
-0.869757550893434,-0.5594793391384538,0
1.300395974253823,1.054176624322681,0
0.3012930619091295,0.3152645215207756,1
1.665024094748761,0.3598891316626944,1
-0.7055668814484456,1.013820491809242,1
-0.08632148396921935,1.365603165476278,1
1.2608734737980976,0.7039213679124207,1
-0.8220705052366017,0.058074938288610795,0
-0.5574804300619552,0.7627414336119746,0
-0.7934749194939887,0.188274515497535,0
-0.8737062124990324,3.622334529949585,1
-0.39939043414936315,0.4782585388160387,0
-0.06446442823386346,-0.02797793005997572,1
-1.00491579654245,-0.4621086510234394,0
-0.6230923081734406,0.2888470078434527,0
-0.8926036923020375,2.521440536848344,1
-0.7664424771032137,0.2511381992144036,0
-0.11185297752553505,0.03556921579564048,1
1.952988014724538,-1.6739740300742967,0
-0.09705869019847292,-0.9908890288947739,0
-0.022025566599147874,0.18009149851645537,0
-0.9030644862403284,0.3455791893621916,0
-0.7389134613168733,0.3842032134371318,0
-0.3932062015243643,-3.9969748710719526,0
-0.8995506410792199,1.6572966823273718,1
-0.38559015270234986,-0.8242476812776008,0
-0.8989984932778955,-1.2690818226452116,0
0.4736286438105683,-0.4134234931748133,0
-0.8094928886193161,-0.23647695237177505,0
-0.6081569460686855,0.33404563122411507,0
-0.05880199433627122,0.9057639682578115,1
-0.11241342855742859,0.019820255005130658,0
-0.6697025783349683,0.10384469515136227,0
1.2207351926155847,0.8706947628334234,1
-0.939876883052043,-0.29284955636545235,0
-0.8444823013416842,-0.5423040277950266,0
1.055981805882798,0.7465685554229761,0
-0.2652432489380719,-0.2511870233809046,0
-0.8413466283098748,-0.34397538035950564,0
2.0740235270616862,-1.0184967362377777,0
-0.5395852411883266,0.25634534839702305,0
-0.8707982544693202,-1.2131509748444964,0
-0.6305110838725797,-0.46925785221285077,0
-0.7332327591492543,-0.6208810964188973,0
0.36321014272618507,0.009765177367219996,0
-0.1647559121285222,0.2677822832907671,0
-0.5995725524640785,1.2135733838391065,1
-0.524674086277731,0.35097816879324223,0
-0.8852548036132475,-0.4778144911484209,0
-0.8219009252317921,-0.466158104806349,0
-0.9638478871406354,-1.2277151985009267,0
0.20799324100001312,-0.37531103427709994,0
1.624448601665659,-0.2558343953063452,0
0.5997103977697417,0.29571892851548304,1
-0.43722279707241435,0.4220460839575098,0
-0.7876050813436273,-1.9349478375125315,0
-0.3748156091517944,-0.5501118363211164,0
0.7892097018703813,0.17782402829304333,1
-0.06369380477828099,0.927184605093715,0
0.10507026508673849,0.43406834976059316,0
-0.924252478137674,0.34011869136282535,0
-0.818003850893126,0.8403003037757383,0
3.4352624947968713,-0.057073773790258985,1
-0.48074301141564935,-1.0728140499061332,0
2.092920637700694,1.0471849974698222,0
0.3060855804398154,0.46747924418625547,0
-0.9187061206540631,-0.7728967292007272,0
0.13391239059733223,0.3615493796002286,1
-0.4935340447952414,-0.7657591600954889,0
-0.826160807759538,-0.6706397722888411,0
-0.8293789290347403,0.593431488816834,0
-0.8326051348349038,1.411295486778483,1
-0.6224598683130361,0.17752328721351815,0
1.1472450352896866,0.1345229586247469,0
-0.8248421657168142,-0.18274640581123497,0
-0.5262460335705372,0.11541906918480187,0
-0.8786562893511303,-0.5635882205426361,0
-0.3908438005309306,-0.481057879376812,0
-0.6921690635656516,-0.12980125406529358,0
-0.8706143048377585,-0.27460127058157274,0
6.324194505682255,-0.2766789937931628,1
1.4806059782891845,-0.5583777331871385,0
-0.8578718686699983,0.10824341774118194,0
-0.8100275499205268,-0.43395511409401244,0
-0.047752570060438246,0.20867393754490382,1
-0.43622818467854185,0.15363863460842042,1
-0.5363795129926521,2.7920650107404064,1
0.7385475190937746,0.20663343679332666,0
0.18710822679766786,-0.6991624893261397,0
2.177235082235779,1.263790509121096,1
-0.17133440576668033,0.5497594939142618,0
-0.6601751899017491,-0.04357663699272555,0
0.4890246585211953,-0.38712010502319033,0
-0.465434349055509,-1.0713751000618907,0
-0.7980174462239469,-1.03100006977985,0
-0.8617621206763039,1.6053254123437743,1
1.3172069799193353,0.3193846244415143,1
-0.872179813845211,0.24968081225690536,0
-0.29391447066625165,-0.3253067585996349,0
0.06449000111808229,0.4298693110396012,0
-0.8492912232625935,-0.4171024407676603,0
-0.7088782689240216,-0.2441868967689536,0
-0.8249026800667116,-0.8530038338260739,0
-0.19634950438091017,-0.6298962995186705,0
-0.24653151201747575,-0.7658664831235574,0
1.037637354587749,-0.3268183471845054,0
-0.5138544661498982,-0.19268765862609874,0
-0.5820004178032135,-0.7413733709113624,0
-0.6753143768942288,0.6925758307788611,1
-0.666670509284157,-0.09529265930993235,0
0.13751505672517392,-1.0373210486144866,0
0.27632412480151847,0.2414629180760729,0
-0.9928946008953982,-0.35030359214869955,0
-0.5390326579543245,-0.04948876590670685,0
0.6795268438197716,0.1628195223971802,0
0.19960083124482933,0.10274501849282576,0
-1.0070551795874967,-2.4247474418378876,0
-0.9001010894427818,-0.7356109417719379,0
-0.4413825493237289,-0.6378478564156367,0
-0.08257768507482825,1.374147053817407,1
-0.5528930756846386,-0.21228751553884134,0
-0.15378662068629442,0.3631600375395603,0
0.0884591895004091,-0.12722873515298752,1
0.5494598029664373,-0.2373906718757521,0
-0.6322020438658525,-0.04296183725353289,0
2.065131021974123,-0.34520631143709307,0
-0.8055364901029775,0.4181017446362949,0
-0.6848725100161387,0.8873532365975909,1
1.8190279342250262,0.712394229867868,0
-0.0013050412114833478,-0.008077704099625663,0
1.141239424665788,-0.3735017521435549,0
-0.5989095168233252,-0.533720754801564,0
0.5213007935509159,0.2109757870322295,0
-0.09381772789409579,-0.15461163938290065,0
-0.6344339429682186,-0.06107205453481413,0
1.6080536488684796,1.246486352262711,1
-0.5256163945882756,0.6641328120772769,0
2.1330394443061214,0.28818833352805334,1
0.7826856303181345,0.88453521613525,0
-0.3539811020823026,1.1285792209823622,1
-0.5119016282628654,-0.35024466234805884,0
0.09165505170840635,0.1357269366201582,0
0.020650486735116363,0.3035862113972976,0
-0.727640367782761,2.2775794043167252,1
1.1821881062124353,-0.013383280199942055,1
0.460224768832485,1.0611208992088106,1
-0.7477732873343508,-0.41264847395145166,0
-0.3499296481932438,2.130475215484869,1
-0.8137674138099712,0.32079314289106026,0
-0.22391646611570382,0.4685306241738152,0
-0.8932869142038504,-0.13677149909428932,0
0.9057289302376572,-0.523920445237125,0
-0.7902230923076962,-0.2876502554798641,0
-0.6519268358777922,0.13442252370009208,0
-0.9138432131216813,-0.42547859524156056,0
-0.7673466949681581,-0.21295672319220127,1
-0.626438723060999,-0.8667738657598228,0
1.1356513458957618,-0.4306792666983249,0
-0.8715317462033982,0.05984614111921864,0
-0.8280288619180259,-0.4009927063345594,0
-0.7798821542109254,1.1112293294541074,1
-0.8125274151590708,0.13393913614816855,0
-0.7916758328629155,-0.6000535632168066,0
0.13652348469371375,-0.0817933843868704,0
-0.3863156826246379,0.33519228941066265,0
0.3923418475196137,1.0187508060643253,1
0.5674799247163285,0.018125968024093157,1
0.4259855109986086,0.3301888020792993,0
-0.628417527494782,0.3467948714204158,1
2.3796025782597265,-1.8034787178594618,0
4.17348943920885,-1.1307683147126617,0
-0.25442944630725756,0.060479153269484,0
-0.5415898226474151,-0.008429648283815648,0
3.3517221454416637,1.0091531942850547,1
-0.2564665966527542,-0.22878372914852313,0
-0.09898407235492462,-1.168106032085519,1
-0.8061042447191913,-0.4197585851704337,0
0.6823093216618492,0.31987209562071217,0
-0.3645683171844624,0.12875168374743934,0
0.3654196044344082,0.045270676869964534,0
0.45907174741975304,-0.7079473058645421,0
1.1065489337993837,2.2390975998153886,1
2.0960249417058083,-0.4234361500954899,1
-0.5686307285516163,0.11192525141770501,0
0.08971052494120552,0.7639814867334631,0
-0.30524028687466515,0.8132675141703777,1
-0.5944560049044796,-0.08717847613055457,0
-0.6241281601854245,-0.39552148967760414,0
0.26457920445666605,0.2531447824353563,0
-0.8726537478370173,0.23166691394615377,0
-0.8328236269439995,-0.9249181980056439,0
-0.8074820007271507,0.6653595867096191,0
-0.5867570782379382,3.248304997931957,1
-0.7572140067029353,-0.5949506331696949,0
0.3018619790833739,0.6341659229332245,0
-0.8000423690729505,0.5616935969075285,0
-0.008443165973358719,-0.4558765021849698,0
-0.1001703063098994,0.6993176148164924,0
-0.32490926509245394,0.20609298868078874,0
1.9420201087803564,-0.23444230041119019,0
-0.6533731079018643,0.849576021482804,0
-0.6661717303460587,-1.2394345863845504,0
0.0755950187149648,0.9678423316880006,1
0.07247123287976351,0.17876560278121092,0
1.5374046541244475,-0.0940483359879297,1
-0.4504768294295295,-0.04384672095792875,0
0.95750213055254,0.3241185172249088,0
-0.6326638382534728,-0.06088082801921517,0
-0.8643848051559109,0.8031563813870315,1
-0.6977835139201203,1.3980840487717499,1
0.0011627426969248141,0.4507883319937677,0
-0.8157080488355991,-0.33439293899199635,0
-0.5215368404251745,-2.1891255647091588,0
-0.024093396550078344,-0.25917118788207977,0
-0.7730296140061745,-0.11156292287310263,0
-0.5497367931194204,-0.3244330449100416,1
-0.7836791734368445,-2.2642863735771055,0
1.4761948699706893,0.41915168510659756,0
1.24742242079102,2.200308286216428,1
-0.8015386695875871,-0.06101225672719708,0
-0.16900654104188004,-1.1796019438748806,0
-0.76851813391058,0.35955757001145133,0
-0.2226776536398738,0.15507526403170008,0
-0.8688373870581724,-0.5081188740136967,0
-0.7020948161049193,1.049035360214101,1
-0.27484496737974917,-0.3820500132407579,0
0.06536199459791256,0.582187037734844,1
-0.7523726687819545,-0.9464764582978762,0
0.2262880478309235,1.4477318736275302,1
-0.4290199711887601,-0.309403481501258,0
0.08370304627888243,1.57010922709856,1
-0.3459826150249292,-0.17406895856520357,0
-0.7006048409477775,-0.829255970266535,0
-0.059023826707856504,0.3360816036866263,0
3.016049568460507,0.2616395726646747,0
-0.18399152565731736,0.14885591088992545,0
0.8763049330465422,0.754538135133951,0
-0.36246585906883816,0.3861532536975248,1
-0.8222303250823735,-0.7743300250417685,0
0.029227782263843,-0.23432403031779936,0
-0.7783744768039312,0.17585150944834718,0
-0.5857960230656707,0.13256787062869196,0
-0.27372481340352917,0.27716876618329506,0
-0.18922754822658513,-0.15357563698981713,0
-0.38411968943502217,1.8639249680116496,1
0.6196959621052661,0.13162570698835765,1
-0.8979129622821549,-0.0857249020485893,0
-0.6051791716933006,0.07512977550553604,0
-0.015109870661027284,-0.3643395973682098,0
-0.6502277256511827,2.818863575941044,1
0.2756666070868248,-0.2584297090339068,0
-0.7991748122549105,0.3809951410022515,0
0.8267304723016753,2.642287603389062,1
0.3475691615915561,-0.4673631796749903,0
-0.8501492939683066,0.5150721476043068,0
0.43271438881332774,-0.42530084420156133,0
-0.5378130525005892,-1.2886588801994985,0
-0.7338570982580114,0.536407967768943,1
0.16155619029767887,-0.44031902347671326,0
3.5230936106681368,0.6985023737891816,1
-0.7665892283800301,-0.2502750757501464,0
-0.8872839769447181,0.5167649358340681,0
-0.18458815827349936,-0.27381100382031526,0
-0.4598431889415794,-0.4112162230720307,0
0.7773551004777732,-0.7428050929848234,0
-0.870089766719813,-0.6046297285078516,0
1.2648228937647965,-0.3066383533239619,0
-0.6855012276238273,1.3177104420427095,0
-0.18742093600623635,0.27190959158075545,0
-0.8940278143025624,-0.4736899162750216,0
-0.7653966262599177,-0.1332706118456146,0
-0.5434988158986392,-0.14775057208899867,0
-0.6950767771696117,4.46450631353377,1
-1.0547420412212454,-0.9621117681203009,0
-1.323896796190589,-5.395820373324324,0
1.8724452895603187,-0.2656915472057083,0
-0.8005835744613637,0.3279293950149789,0
-0.5465690991987628,1.9788594761541922,1
-0.49188472611764,0.09430982072257713,0
1.3906352220746754,0.18285054319025784,0
1.1794646624228053,0.04977202279163904,1
-1.3195924186721693,-3.3909811930351563,0
-0.7826246385186817,1.1702885502923546,0
-0.3579603214693349,-0.0954078836033773,0
0.1978024353704186,-0.05282057983341788,1
-0.6862360885909544,-0.057274013877803016,0
0.5425574748864075,-0.14852902017183456,0
-0.9492875878104817,-1.344647975645053,0
-0.049614721257929366,-0.4357333270635059,0
-0.220348132512946,-0.8203921034212616,0
-0.8390682008431029,-0.39640678051914396,0
-0.8545895111978288,0.20651668452229344,0
-0.6699935220410619,-0.558778299186035,0
-0.6690639058574239,0.06246201563861078,1
1.8402876835870827,0.0455379731011854,0
-0.7043626455737025,0.7052539233931059,0
-0.2829372039784983,4.051354877641758,1
-0.1938986997969637,-0.4003638685734427,0
0.5707502215568242,0.05868094215017144,0
-0.6955645246871682,-0.3960982374721777,0
-0.6107736387202153,-0.43165520221188186,0
-0.5423914668775192,-0.1453629682497222,0
2.7176213219579637,0.4205956320140294,1
-0.365509297408596,2.7722319114621907,1
0.09628364632651802,-0.2797513471091671,0
-0.7386959342001294,-0.4350803712605598,0
-0.6988916186227571,1.0331320314813377,0
-0.18788974850159898,1.4112668499667043,0
0.5917165521161826,-0.7004149278739422,0
-0.5894291917767259,-0.3641586397620408,0
-0.7861314555596737,0.9386777553171978,1
2.3974286487360974,-0.7902197411825733,0
-0.11441673891989844,-0.29885543252959607,0
1.381542173938172,0.5986936719907268,0
0.7212904714400675,-2.235272096254152,0
-0.7323123490090806,0.7804144000583316,1
-0.26018819326794,2.328246640467244,1
-0.5210545968832743,-0.08313492132117838,0
-0.8376863230164457,1.819110489370486,1
-0.5778370777202654,0.15931503981900388,0
0.4575487060146856,0.932175556944664,1
0.7614879983512464,-0.6983819668028467,0
0.5923278247508824,0.4404919520845144,0
-0.7780531150673168,0.026210785573095943,0
-0.7282168382336158,-0.9004030762967256,0
-0.2504058132125869,-0.2812806992282486,0
-0.6314424644342527,-0.6761565300456005,0
2.8270803101564645,-0.5325657330430569,0
-0.7431405897478122,-0.07890332826005299,0
-0.17545411254058557,-0.232280495648149,0
-0.0196023295888886,-0.3462760034736408,0
-0.5912468079189718,-0.7595803651313304,0
1.3768378912275148,-0.5074063747312744,0
-0.4948544971181196,1.1549882007610166,1
1.6064054061394955,-0.38265133327447043,0
1.1234410666698025,0.38159169193426434,1
-0.33221844264209366,-0.44102427103708797,0
-0.6392918054117184,0.5300599300530443,0
0.16126307014032717,0.4953512798994676,0
-0.8945594135190731,-0.805630412955478,0
-0.5655982659637384,-1.166005054900147,0
-0.5256747297486708,-0.4953963613856794,0
-0.7915118083833372,0.10628400861291717,0
-0.6807181192608402,-0.24788422155526194,0
-0.9857703893084598,0.8205496332729937,0
-0.4627547478432182,-0.44134974192374865,0
0.3510448339663441,-0.1429095133289981,0
0.12805033120776163,0.4119484455101741,1
-0.7433256903714411,0.04810631965703111,0
-0.5994522716722921,0.09867839418705043,0
-0.8233683403316315,0.12238790621410042,0
2.0201410878375814,-0.4091672773913892,0
1.339567788864279,0.37039008671570817,0
1.329505331480509,0.10304567368090468,0
-0.8256666308252391,-1.337435165180242,0
0.6289904282753148,0.7716078416662282,1
-0.6101031578841704,0.16349180962042317,0
-0.6480926692445697,0.041861467415972714,0
-0.6402025699044666,-0.06638508215750163,0
-0.8785237249891977,-0.7016287745134563,0
-0.8026870368657959,-0.9457798581949672,0
-0.8068069771452625,-0.17331463933954078,0
0.3788075842378461,0.31497165669091776,0
3.7195215828738695,-1.0628378138738623,1
-0.542585403772543,-1.2493950325998349,1
-1.7725967028009195,-6.9301534492028365,0
-0.0003180303268755337,0.46698992098496095,0
-0.7786870978948148,0.4139163513253852,0
-0.7747435865610308,-0.01660647562462095,1
1.81868332830674,-0.35853623815670166,0
0.28297160910314284,-0.9009639390283252,0
15.712937534043586,-0.9720145746029282,1
-0.12544194199021685,-0.40280861132928236,0
-0.4904189471980291,-0.5610556686197794,0
0.27915054377155457,-1.3560003769555178,0
0.15337518381460027,-0.6363508190430841,0
-0.7947832019742824,-1.182659922958489,0
1.836723819941,1.5319354414098978,1
0.06633620064138046,4.65806207308035,1
-0.6591952050196125,0.006615247389857198,0
2.3525009117801674,-0.7062566385478397,0
-0.8842858661823187,-0.07815097551926556,0
-0.8322332029087076,1.269243611298086,1
-0.6398514477187278,-0.9392475950748364,0
-0.7539925479117834,-0.021197216101667818,0
-0.8506252034507038,0.4112875459458664,0
3.453182414902512,-0.5146821057952383,0
-0.4603205374018193,0.3796851993406128,0
0.604213436709286,-0.5314884552672345,0
-0.3421086482822086,-0.4819854384695116,0
-1.0108994504523783,-1.8686541866369075,0
-0.5835081814830931,-0.45530258680907704,0
-0.861660302797872,-0.8059922231012709,0
-0.805172465217192,-0.5527759345972698,0
1.6329679478634371,-0.6158362285415563,0
-0.9410394834876943,-0.7271599445726467,0
-0.7148106297354605,0.01643313549626593,1
-0.16425226852515068,-0.002262030240153899,0
-0.6250412405086362,-1.1501104566923366,0
-0.7240527120057352,1.154222543381516,0
-0.671485576870126,-1.6531723083979004,0
0.763519841091359,-0.7021505131738219,0
0.29695539961216705,0.6945459795652683,0
0.3001361436257357,0.16025810671596455,0
-0.2766546748868195,-0.9642316186644581,0
-0.5472097182121065,0.0292477833369475,0
-0.8452366566149854,0.01232237074707657,0
-0.044305905596173194,0.0013798956137829178,0
-0.8663919820172804,0.4452201693692764,0
-0.9031994665189202,-0.4691822028777824,1
-0.3876696637159812,0.04028931111590563,0
-0.13822656100583244,0.09229998809071917,0
0.5668451372917878,-0.30291321866406345,0
0.4629382245382996,0.2569171952389769,1
0.043681255457790474,-0.2800176326935736,0
0.03917814422458015,0.4386834659393032,0
0.09942512508819314,0.3370153221719924,0
-0.35747644293241526,-0.18903097976318042,0
1.0639121694613023,0.1908938799094824,0
-0.8279847690729131,-0.39878629570919977,0
0.5959834678831133,-0.10762322517142696,0
-0.8527240787411204,-0.4925581809879789,0
-0.8315484958691477,0.7645094997878521,0
1.0308559128566661,0.18675912878774623,1
2.230310320574218,0.9643515901703171,0
-0.7005715920978971,0.5029338511080852,1
1.2193490311442965,-0.9030144206530224,1
-0.6187727468119999,0.22352144912469316,1
-0.587229639076512,0.4121902399813655,0
-0.9739488580710195,-1.5669635172885636,0
-0.845032630288634,-1.1661939511846189,0
6.78308546804414,-0.9545703506779131,1
6.237076468375332,-0.7818529545664084,0
1.3728436265938342,0.28157338190272074,0
-0.8324301443982368,0.0749461872067624,0
-0.821523663073241,-1.1867354157378742,0
-0.8834827632688355,-0.13604369351657167,0
-0.3777812508030976,0.21003716731810773,0
-0.45303466351746735,-0.3645898500279948,0
0.308892079394859,0.4156195188757225,0
-0.8804111178795984,0.3722117609722714,0
-0.6127258159651016,-0.3817249492139191,0
-0.7582597690433175,-0.9520930461253214,0
-0.3179905403491923,0.5350359851182668,1
0.34398616353956096,0.5432108065852539,1
-0.7535575423073959,-0.8045554662715221,0
1.5122191437733556,-0.2655530128981691,0
-0.5429230975893157,-0.5617345604824832,0
1.0152845255262404,-0.3715514426678729,0
0.7676928731140745,0.9722158773033223,1
-0.4491955393916122,-0.5025374715551036,0
-0.8547051107335499,-0.783453394359109,0
-0.08092025336860059,1.793030514187433,1
3.004896664361658,-0.3088655762894362,1
-0.168798173158576,-0.29586177711075373,0
-0.48119109018934114,-0.31138656996371555,0
3.4079214097938797,-0.6814151687030194,1
0.21156604565314452,-0.17392476282364977,0
2.3603942976129852,0.5833689792701267,1
1.615379198960305,-0.7539315198498627,0
-0.49528482090946696,-0.9456095446482572,0
0.0691143552556434,0.7965252247001969,0
-0.7472293668587615,-0.458435495507145,0
-0.4871231619666788,-0.05144836612847971,0
-0.9175023506382229,-0.8858560557234165,0
2.222698696206731,-0.41296493960443986,0
1.1442259730483042,-0.5087534970435568,1
-0.7299565635047705,-0.426634690097089,0
-0.839485227817774,1.6100005739635315,1
-0.23345220632742833,-0.34161334467157717,0
-0.5270134438481423,0.07370991184070913,0
-0.346850238055062,0.08932709021068352,1
0.3477379529929677,-0.6537453293580633,0
-0.7190426442411239,0.14530409758892715,0
2.6960221406507645,-0.05515598081582233,0
-0.6960646626652333,-1.250530640513771,0
-0.7991684711946722,-0.5860107969487403,0
-0.24661196406921382,1.3041428092888252,1
-0.8309928460496835,0.5121186956748912,1
-0.8861934533812288,0.7290422851979501,0
-0.4076544375663605,-0.11841159650325257,0
-0.5362670236779862,0.08955199824631042,1
0.009310651191389114,1.828882315096479,1
1.78650763535087,0.19553503233991512,0
-0.9391933313799583,-0.8650359149257463,0
-0.5498833204931454,-0.3544037469708921,0
1.2238997319686398,-0.3073683988613427,0
-0.7794509997409644,1.301244020163109,1
-0.8810034181822248,0.8049324292674014,0
-0.7209446570639428,-0.7365184824984948,0
-0.7069762638204735,2.203189076028531,1
-0.5722272907836111,0.7535109873454588,0
-0.5476879407733845,0.35067256439006356,0
0.29860306950763577,1.7510167035353685,1
-0.6682468109657062,-0.26623756297530426,0
-0.7633322624044924,1.3769624890594208,0
-0.4830191664447788,-0.307836900205595,0
-0.11127388078152409,-0.7780164440828657,0
0.993722088120239,0.33395145230372514,0
0.42654940595743807,1.7901352044440366,1
-0.8109222976079157,-0.28377639925545534,0
3.191570675920191,0.07709691174430602,1
-0.6057026813566583,-0.4177429166445835,0
0.8100183725321136,-1.3967484637111909,0
0.2249198944608232,-0.32058687298151567,0
-0.5038189027654187,-0.5279331846408449,1
-0.5097621097382696,-0.19328748211187502,0
-0.8724906073252325,-0.7426598685538249,1
-0.25071487222901867,-0.7275152454932339,0
2.145634991319787,0.04211378527807965,0
-0.8139697327074545,-0.41474722331226627,0
4.068274344636706,-0.19148408733119943,0
0.8526747029528728,-0.5981323234610763,0
-0.19800226982049832,0.317798475985038,0
-0.34138615236820663,-0.4110415821672679,0
-0.26469934021704705,0.9046401652949551,0
0.4125785844300662,0.36556842766588143,0
1.8207087776443587,0.6005877978425564,1
-0.6177286797336314,-3.6730501560285904,0
3.2667227864790807,-0.4884210700936433,0
-0.4860474475299666,-0.1519518843704936,0
-0.654352980435784,-0.8414870720459292,0
5.412669152148874,-0.18761881828805585,0
1.5435345240123077,-0.4575154022841307,0
-0.558542442731635,0.10452396221296616,0
0.636754251798943,-0.4955629402287308,1
-0.09792752158938829,0.13295961998640746,0
-0.6918863757809949,-0.623917537832143,0
-0.508265559667958,-1.016630457176244,0
-0.48174349643319236,-0.2977938450819289,0
-0.44153849258617484,-2.2032581828568483,0
-0.18011666516068997,-0.12012024420299808,0
2.057890034114939,0.2622211570884122,1
-0.6142589199129714,-0.5308417690803303,0
2.174452664442029,-0.733465697424853,0
-0.5545833104919742,-1.0414452582033675,0
-0.857419339943212,-0.022610507450874135,1
-0.6018255076791909,0.30206903759860176,0
-1.0697299654774528,-1.0742886630424797,0
1.1394374776224503,-0.41738430871765986,0
-0.37164987597903854,0.05839387174075254,0
-0.48617787327757256,-0.4179688164207207,0
-0.4304851089664388,-0.08659157815161943,0
-0.7977059725226425,0.9654788344231772,0
-0.7201501115022473,0.43088629996691735,0
2.336701393325289,0.07309546259186092,1
-0.73335223909673,0.2911412820495143,0
-0.7947327205573415,0.9863232241331332,1
-0.675303370619208,0.796320193735403,0
-0.818813316132563,-0.38055595073737125,0
8.341088641406259,-0.02246450222143089,1
-0.5561806586867103,0.6391478526389648,0
-0.01989108872946723,-1.1188798946745264,0
-0.9367107423279325,0.13492987619732663,0
0.8463201723403528,0.12761736072068863,0
-0.32085339251811873,-0.5498316343707269,0
0.2631880430205418,-0.27596349313735047,0
-0.14738326678350894,0.13405216259294234,0
-0.555658518528137,-0.802706320671866,0
-0.809167274486162,0.5940468933338174,0
1.8163421294759594,-0.3086579482839886,1
-0.7160457396979302,0.4811451126743109,1
-0.8377500637897208,0.17443425499413512,0
-0.11184156560096987,2.1902452862062134,1
-0.08200330365404024,-3.5838579282627645,0
-0.8714153002252805,-0.04961928963812908,0
-0.8905670767794299,-0.3522223132444368,0
2.3348858560335546,-1.3971541938075136,0
-0.18059466100020993,-0.4467058145624721,0
0.12717267683785488,-0.1776940085073494,0
-0.17048725179511823,0.48139758271861927,0
-0.4571639936981353,-0.8594538841650463,0
-0.8372475773843757,0.8625527057091102,0
1.4812496102586736,-0.042936569156175906,0
-0.04439925293149537,-0.5894954360612026,0
-0.5496499839754017,-0.06105862974657194,0
-0.9328757175043627,1.5242871727587055,1
-0.8841592735155288,4.411512054210856,1
-0.27553256054674957,0.19113443568866095,0
-0.7537281634504038,-0.1978164627505016,1
-0.914326443201951,-0.02954548621224773,0
-0.4294345046883388,0.18285300536344276,0
-0.49777619329048667,0.09722281069977051,0
-0.5446559953370853,-0.26205771557268376,0
-0.7571288374991125,0.5633259454509196,0
2.3828167841290537,-0.29696028410707354,1
-0.3656858297212863,0.2766578055923521,0
-0.565382962674031,3.116268120513509,1
-0.737506364388541,-0.45799948963050247,0
-0.6289942794577035,-1.4214448432280398,0
-0.12205369428473391,-0.7361325460510673,0
1.4157681424269133,1.4482171455010786,1
-0.19387183798205293,-1.09537154748254,0
-0.7000976117429203,0.5513812788273915,0
-0.7811216246707645,0.23456172361555983,0
-0.9161935171425424,-0.21649025190080726,1
-0.3785406798463372,0.22322387799127646,0
2.347820347836455,-0.4729404993246537,0
-0.8322248790505494,2.1973490699786176,1
-0.2786202033172183,0.08579997428177907,0
0.13525682135371248,-0.5181517897528377,0
-0.7687156066903795,-0.7676145801963874,0
-0.704890547173704,0.22578959046540184,0
-0.4503835787705957,-0.09302788349370854,0
-0.43713643743200314,-0.5853286021080577,0
1.5495817751341376,0.13726013900240905,0
0.6225037856119919,-0.4094492953442184,0
1.1244104112722566,-0.3066061422243845,0
-0.9771014913469223,0.09899212553161514,1
-0.5232648487190662,0.1394688042454565,0
-0.6877863054208679,-1.2487326760984836,0
-0.8151586122221129,0.052649222618245124,0
-0.5301746794114981,-0.09179062163978624,0
0.0012254051629689833,0.4757134838598816,0
0.10168138390479903,0.5569210740996772,1
-0.4937523764780049,0.4487845646023082,0
-0.41354354579675107,-1.406401376012024,0
-0.5063498677177911,0.3260598479275664,0
2.897151057487964,-2.304951052236925,1
-0.22751999654983787,-0.2596527871856227,0
-0.20836377385249347,1.3601414560218892,1
-0.7314815656854041,0.8519693088864616,0
-0.5080996155550632,-0.478286259111287,0
0.03635246332939093,-0.4019771673319436,0
1.4952303181593136,2.196025169320564,1
-0.608071995561412,-0.04433533004876737,0
-0.7410468483022628,0.1836693287667445,0
-0.8076956299720578,-2.0674245429553064,0
-0.5223899575708107,0.017795091681968446,0
-0.5142236328957022,-2.637080087553523,0
-0.24270723607384345,-1.5985112068666867,0
0.3539577930603629,0.3596304007297541,1
-0.9242157183804849,0.698896570614671,0
-0.7883367738700319,-0.4239500042522348,0
-0.5573800773868172,3.4603055584830322,1
-0.816407079339802,0.040182702783608075,0
-0.8265340430105291,-0.06350981344796931,0
0.09661633467310357,-0.5514431356614887,0
-1.059085427386389,-2.151858353608174,0
-0.15646581673745102,-0.4214750760839158,0
0.025063587017945855,-0.32776285733065535,0
0.18407889759562437,-0.11311735867766463,0
-0.4135075825153335,0.5292804078782128,0
0.8695245299984584,-1.0393834964086162,0
-0.43053754515841874,0.8743347633624472,0
-0.6824425424245594,-0.17105406313483865,0
-0.35392140032062125,-0.8486732859149931,0
-0.5256272995894405,-0.298138482310707,0
-0.7630077942584961,-0.9385511319264565,0
-0.8337949439551338,-0.6180269031032773,0
-0.38160473988825516,0.17554503262360213,0
3.379809196810501,-0.14527478369079586,0
-0.5000096134493609,0.7794444300347231,0
-0.5075429274375233,-0.4584889327750337,0
-0.12185248949861245,0.011763615968550212,0
1.289246191703508,-0.46803382034164215,0
-0.8578028066591654,0.5523782242407732,0
-0.7430966643723738,0.1745266636331964,0
0.008676436364490444,-0.7425820212093375,0
-0.8292665901988032,0.10489970069079649,0
-0.5829741735925784,0.15426143333665807,0
-0.4708786218042973,0.3366624023210403,0
-0.8781920646090932,-0.6135589011101646,0
-0.9303003622026169,-0.0236809700442023,1
5.640644002814804,-0.8854540149693536,0
-0.12402683234307404,-0.09008419588622019,1
-0.2659634097894655,-0.21148599470508106,0
-0.6805926275788734,-2.542055602225866,0
-0.8679670025646623,0.300299728655291,0
0.16963727948318408,-0.7335706646328527,0
0.3197734164391085,1.210257931147617,1
-0.7959879811726787,-0.36856250332850116,0
-0.0632798611398773,-0.03153887390869099,0
-0.8961195873107652,0.1759456433975563,1
1.8707645400179194,-0.8575711576525227,0
0.08523283279202931,-0.5597132432503543,0
-0.8833504956235606,-0.7887345396010981,0
-0.9007780709955204,-0.6984091915909288,0
-0.8550000000641933,0.25651237646133085,0
-0.6994231472858561,0.13804487398544488,1
-0.698069715046806,-0.5087591784068084,0
-0.6936893348573473,0.12592937665082715,0
-0.21779129708390818,-0.3778068177133592,0
-0.15127117485057795,0.32406055183748045,1
2.7717458123990935,0.9767454010881456,1
0.29181626898720464,-0.5793802403175384,0
-0.39526478460049835,0.9110510612463306,0
-0.32275752155978077,-0.13072170979608272,0
-0.5165231651193174,-0.7253140179081433,0
0.3846129425130737,0.7428983625516957,1
3.8811174227874443,-0.48055326689086714,0
-0.8145112021541994,0.21056376873203683,0
2.561239533277003,-0.6677166169742728,0
0.7762845906257712,-0.029136884524979808,0
-0.3160463361315217,-0.198131196273065,0
-0.8086412168428196,-1.5447127440324857,0
-0.7995868150109979,-0.3150155414181042,0
-0.6394651376181284,-1.326835313625462,0
-0.8763089705434389,0.23867726139629947,0
1.5947278941487426,1.9240009096535018,1
-0.9097217912942549,0.2011470680507007,0
0.4054543211931791,0.1772978718779053,0
2.0432022729381645,0.013807354759509961,0
0.8838381970969966,-1.2475617528216363,0
-0.08604169790001624,0.014362616859304353,0
0.3928003913663106,-0.2339836463876932,0
-0.6490935639961259,-0.1598945969956627,0
0.25558765720272264,-0.3493505809512038,0
-0.4303679389339187,-0.46726351152858986,0
-0.3591091602018406,-1.0498820656790215,0
-0.8860829134335471,0.47269193521748776,0
-0.8741884824918253,0.08660262572175553,0
0.5357197418056774,-0.04995632172950206,0
-0.6794887474973706,-0.44580259962055163,0
0.3217827521609557,0.5210628304435723,1
-0.8460481940428469,0.4651008488807487,1
-0.15390249762125563,-0.15505927668783706,0
0.38901644448287165,-2.4382545748466184,0
-0.3433708965669501,1.1755962364679242,0
-0.8791086137356134,-1.3478070045658788,0
-0.0016624308368956891,0.30903191306789435,0
0.3200914085128736,-0.0888925145614299,0
1.449312591243756,0.6574238366679663,1
-0.9475471990305283,-0.19358819979654418,0
-0.5927563529780178,0.3937051581478918,0
-0.17912248097018624,-0.34271097836110503,0
-0.8743385775746524,-0.04035722243616037,0
-0.19801610704398176,-0.7429973404363082,0
-0.7963440997145926,-0.28731016377015545,0
-0.7218420561001704,-0.07285965786835204,0
-0.34448747949923214,-0.267546351249241,0
-0.3854831356612152,-0.42371435234505744,0
-0.44573333586449126,-0.03898136022570412,0
-0.5103243519963074,-0.6746149800392693,0
0.4949697417436458,0.2373620537955524,0
-0.2936477831882549,-0.49071692018262086,0
-0.8825993381128716,-0.3670218981821532,0
-0.8095864660691222,0.5112128430330735,0
-0.042377219185285045,1.9590475501713545,1
0.9908738159578273,0.9019769019170167,1
-0.3323574861454857,-2.114048446073189,0
-0.8445499080162814,0.11406540355575946,0
-0.38075442121435144,1.418776693377044,1
-0.5538264136457847,-0.08568700945522872,0
-0.48843463076085586,0.8507376120162647,1
-0.04547021365004038,0.3870224734467906,1
-0.7484545932761594,-0.7213762431954398,0
0.4128667489711408,0.3357419536789332,1
0.5497916639959087,0.8842734782439121,1
-0.5190772647613089,-0.2671280149320514,0
-0.12257724201448739,-0.1725196886237359,0
0.9864681944409511,0.38552881245651344,1
-0.8421382601453244,0.34787103922881685,0
-0.004490250610443415,-0.1524014100255521,0
0.7044903446359125,0.3144395865709954,0
-0.8740843613405267,2.8732800216161722,1
0.5144558373980552,0.8656969876121384,0
0.9276401091456562,-0.1072506207398065,0
-0.7648861934297181,0.11356437606708955,0
-0.36975858487550534,1.599181509083546,1
-0.6512297153792658,1.0861927443452188,1
-0.1820072971429428,0.32427388341033914,0
-0.844137737024706,0.2910390357495003,1
-0.39196955709563297,0.4118242488553303,0
0.9189320019331755,0.20310878865030008,0
-0.7686987368385878,-0.9549401528870036,0
-0.39677106112608007,-0.08616309342526629,0
-0.23369659345551996,-0.42532275122255064,0
1.7326614977061627,0.03951442169438634,0
-0.9032845998286909,-1.8326920418072443,0
-0.619685858327789,0.6808488021477026,1
-0.2201535434697223,0.06794051776818483,0
1.2822735910994822,-0.3231903962516742,0
-0.3586271857761523,0.22375752661578593,0
-0.5623952213567647,0.4982036245467881,0
-0.7733890483070502,-0.24554603920152515,0
-0.3662978563321928,0.5706163703966055,0
1.249618057684236,-0.30370463658414437,0
-0.8153952984128091,1.146936303883342,1
-0.8020369851345871,-0.7168510743484339,0
-0.2371745598246638,-0.24006589928134278,0
0.29937143878051115,0.608876689837966,0
-0.5861828654785443,-0.46870318934320204,0
0.30749070810773604,-0.08738997873300425,0
0.6649053635192512,0.4924545974439676,0
-0.7803091326458848,1.1577810483179622,1
0.2079033631768772,0.21226002689698453,0
-0.12003866500448193,-0.1262636877731002,0
0.5444863473562053,-0.0563854359995921,0
1.3588442621662047,-0.5299093772646367,0
-0.6282602235323462,0.10032093232237684,0
-0.9665817469713317,-1.4236420306900905,0
-0.7866168559001687,-0.5982116903331763,0
-0.8083136940891987,0.39798875561187164,0
-0.7436605863611488,-0.8959410268234201,0
-0.31749136459426053,-0.2844282149547417,0
-0.8608412791928519,0.7971239693146897,1
0.4501825730708927,-4.4962138645690155,0
-0.7117917091855044,-0.3153605627891641,0
0.18989149684735285,0.12165888130461683,0
0.3242501059815158,-1.3187992079838111,0
-0.8256823358382653,0.08538725018316937,0
-0.9213628824376675,-0.6166693390858974,0
-0.9047728656258582,-0.3167450596142058,0
-0.6476092911051357,-0.6422647033955097,0
-0.5489675031882113,0.23627226721688194,0
0.9041992178627021,0.8227697208744512,1
-1.566245010017969,-5.490988768461436,1
-0.45590855376955597,0.4927704160457984,0
-0.9322464907120673,1.8952281851737998,1
-0.8649451217766541,-0.08288847289319422,0
1.374438774215902,-0.3321228686598415,0
0.8168106130145195,-0.04886171667963956,0
-0.9201859719975165,0.06268173777072554,0
-0.2971202795374932,-0.6331197542555881,0
-0.8559442129067336,0.14680819437754178,0
-0.05453350745625549,-0.11689107304519998,1
-0.418437959311421,-0.06204590313260229,0
2.539839170288897,-0.6559434839264162,0
-0.6099573106706944,0.8760241402538211,1
-0.6785431006340563,0.5202870117812319,0
-0.7323837043220599,-0.9162869613352722,0
-0.5098395498293502,0.8126521457804854,1
0.6971457386264107,-0.36836103150485994,1
0.7208685872048621,1.1307384914923462,1
-0.8951607670432403,0.30733507645794894,0
-0.8165999337362034,-0.17934442195882244,0
-0.8196480829566136,-0.6511192761294429,0
0.18099919409961482,0.9269529020388556,1
-0.33501039692686657,0.8210201362169458,1
-0.42951410071674007,-0.4108733375314341,0
-0.7471747832889015,-0.1482738089967959,1
-0.6020979397535309,0.36567342640675965,1
-0.47630832731992495,-0.13188467476160248,0
-0.29338301441094344,-0.10423137218218917,0
-0.8005066528699328,-0.9385526500246706,0
-0.7888500100342143,-0.13347207035138817,0
1.5545890388152477,-0.5349680598259856,0
-0.01202801587794428,-0.03501545415822181,0
-0.766478279927139,-0.09022119420040302,1
0.5818333620345592,0.10666159279301467,0
1.1601129251912006,-0.05142457830012391,0
2.0924154779923603,-0.869274878737673,0
0.4097344499631619,1.8416765857377542,1
-0.06739735741372424,0.38730912007606655,0
-0.1681375948168255,-0.8522375578362514,0
0.8295937383938331,-0.29443266852261823,0
-0.35874684116591193,-0.8537890173813792,0
-0.866767510630865,-0.1539233088978251,0
-0.7081134223523499,-0.30335809291446675,0
-0.8122387931293926,-0.28554268801165045,0
10.333920477794,-1.8472073267556353,1
-0.6853102800870474,-1.3445593385281005,0
-0.3454632186184539,1.0190665637423417,1
-0.3480874344977508,-0.3026828117199986,0
-0.8579574677814849,-0.0027296484211711933,0
0.13206471059150013,0.7004811111385164,0
2.4588530062065406,0.15879110627584192,1
-0.8298670365701986,0.6184201849641126,0
-0.24877778804964618,0.4946637264074596,0
-0.741650456362921,-1.2433368367442763,0
-0.03418384968275606,-0.14772538729295964,0
-0.15270541181415764,1.0565465648866414,0
0.021679280961969836,0.7436367097885214,0
0.39487115406284684,0.6052164123696566,0
-0.7967276348193811,-0.1563421284084747,0
2.870793552737849,0.7944083085337369,1
0.981267665343503,-0.9407755767753759,0
-0.15339577503503457,-0.31783311142624165,0
2.3291911100305165,-0.4887440538122115,0
0.68157602631726,0.3299844828476418,1
0.546164082014888,1.2352326465639858,0
-0.49187980129572445,-0.027623809727538636,0
-0.622578034616383,-0.4986769572829482,0
1.4009198320085283,-1.1659542671791485,0
-0.7468623032656627,-0.5356992704742943,0
-0.5417632486503802,0.3670810887072239,0
-0.4548103698199269,0.04788696179504115,1
0.3702133353722617,-0.4536328564895153,0
-0.6564075809517234,-0.1167721509215247,0
-0.6746695423522411,-0.31155196350771175,0
-0.3303888166468798,-0.9339045707190513,0
-0.8473200347130792,-0.8467171369138939,0
9.49974083686604,0.027061169733459428,1
-0.024329624371343256,0.4160926973511434,0
-0.7626712627057668,-0.1140093900474686,0
1.181486735721628,0.7194195680201699,0
-0.3311926450282498,0.37665715516411996,0
0.3205417668621834,-0.4669322338945552,0
-0.15951902370442178,-0.7510332394898258,0
-0.7981402542599687,-0.8658793645544116,0
-0.7266647532272704,-0.11797883459335522,0
-0.8374804060907738,-1.2693796173691643,0
-0.33120902152069476,0.10372123401495643,0
-0.8367074787650436,-0.31479908804363343,0
-0.8313377231596364,-0.8130375414061843,0
0.19369433624929366,0.5058414866445327,0
-0.7750223415282382,-0.18966258511865056,0
-0.788048070522312,-0.18066490095568627,0
-0.8522649739936933,-0.8004211531242192,0
-0.12724949517256623,0.02768879190658418,0
0.0644653116523721,-0.13860319087664003,0
-0.9018795827422507,0.7981532614884512,0
-0.6422043975046355,0.08795689273609966,0
-0.8690375412592821,0.6638338952991563,0
-0.6652956438150902,-1.0059027912351466,1
0.665547982930925,0.21650041228773526,1
-0.3995617071608539,-1.1519811199726415,0
-0.0020021334668837267,-0.03932106772781115,0
-0.8520824465828897,-0.32835187955274187,0
0.41291131128060693,-0.14975976427532053,0
0.25000054679589123,0.20945487430738152,0
-0.8414334255467677,-0.22326470381177255,0
-1.6877750148652704,-7.30144982432707,0
-0.6512986280312633,-1.4984979372843747,0
0.5741359002912925,-0.33446169719115626,0
-0.7312133798916165,-0.3536266043588895,0
-0.166099612688725,-0.3175770000727862,0
-0.6791605293767676,-0.220847659525789,0
1.8627082261769188,-0.26348533303331084,0
-0.8043130631975369,0.6664019205691585,0
-0.7626117860824387,-0.2941034774762855,1
-0.8713089336968249,-0.38641513044258635,0
-0.8504857518284337,0.42614015890723556,1
-0.2970441005885018,0.6913849270080669,0
-0.16277338082806772,0.6300255997671093,1
0.7797111347544865,-0.09254272630914191,1
-0.8474453559886023,-2.5580267149305094,0
-0.8123369421374979,-0.03142632292924301,0
-0.5246457299142959,-1.3494682842558579,0
5.3534505963027295,-1.3704839561731716,0
3.4717366539457215,-0.4131693989586863,0
-0.7953275391748804,-0.9071240237202068,0
-0.7274640523974298,-0.37687900733139107,0
-0.5339206995031087,-0.6711375541112606,0
-0.7623889827021775,0.8722144899108987,0
-0.7983208177911614,3.0890130042171755,1
-0.947094827587627,-0.8339539196061011,0
-0.8105443833678129,-0.2649919112434928,0
-0.8461050864956442,0.27456556253334197,0
-0.8228738928284564,0.13438859662371086,0
-0.399040633289563,0.6975842210407216,1
0.9399203275143079,3.442443091912974,1
0.2525071664555209,1.3515664044713236,1
-0.061840769607723764,-0.4432837274740307,0
-0.6390958837419692,1.8323525398056608,1
0.10649510196745439,0.06470127211288677,0
0.5523245901460829,1.5536625632471397,1
-0.5944837163545882,0.24795947148955344,1
0.4285996362482992,1.3243616320511358,1
0.2811715003305292,0.39030202090367694,0
0.19205034767760568,0.35786824235539594,0
0.1565920380042201,0.3646237817408223,0
-0.13861752858486387,-0.2224721655593833,0
-0.4740952633765295,-0.5961443120539242,0
-0.3018152860887273,1.1227164363970763,0
-0.8193801502025567,-0.8359673154298983,0
-0.11150553488116095,-0.08564736971375794,0
0.2770714494455879,-0.35514198631924393,0
2.0677210233835677,-0.3312096252623821,0
-0.8602850224005202,-0.38880833801280407,0
-0.5891432762286015,0.9755512647375714,1
1.8988573782114806,1.8551722037613605,1
-0.39058832730723575,-0.0013465255903851415,0
-0.04409091271098098,0.43411272414910884,0
-0.3623251466918918,0.6394026801188153,0
-0.999608076513544,-1.418612636649518,0
-0.8520235837066582,-0.40533759816978865,0
-0.49969219866663134,1.2717831337549,1
-0.576271180220326,0.9795299687449828,1
3.2238256316509455,0.14935893453354962,1
-0.6950536705248983,-0.04609081856331207,0
-0.725192223242282,-0.6364408714460763,0
-0.4480458865484693,-0.3681907115752792,0
-0.4861380196235588,0.6306266649839619,1
0.5630311534507861,0.6688802923100082,1
-0.39218618661014354,0.7128306264793836,1
-0.8304248141705544,0.7268080572541117,0
1.2326651652069283,-1.008685822662534,0
0.10780161779264234,1.2220972050912842,1
-0.864598882823447,2.0148707770285417,1
-0.21892438075944565,-0.7280360557119127,0
-0.6716772407659563,0.07780110075282022,0
-0.1569973444920931,1.5074486252344679,1
-0.1292845272422955,-0.3310173092963694,1
-0.30078983405823845,0.026012087051325416,0
-0.3208561503939288,-0.14481796688591567,0
-0.7667208878125368,3.297922152825876,1
0.6693384741836121,2.441483124721731,1
-0.8117262684547026,0.0012431948540552581,0
0.5401342360458486,1.0746672375143593,1
0.3175114961046568,-0.1875365553903006,0
-0.9036238576906578,0.7199448135488973,1
-0.6776987965886858,0.2520521310467094,0
1.7984168973200614,-0.3285997906223988,0
-0.8590398218002979,0.5052325276811145,0
3.550944265007521,-0.0052308771047798065,1
-0.8704168712715196,0.7289189934579315,0
-0.5778144907278762,1.3580938643919387,1
-0.8014890749968564,2.067043246035356,1
-0.5296490547854238,0.5469370665224281,0
-0.5732705144231988,-0.372064642763936,0
-0.37834860330470693,0.3039213608385486,0
-0.7525758978617457,-0.335769106864002,0
-0.9246717166648236,-1.0385234383971877,0
-0.9204344794253774,-0.25542726682036504,1
0.537021976110701,-0.060978670853238784,0
3.1921465489072376,-0.08547597905255316,1
-0.4061639514893578,-0.3348129710384748,0
-0.7725797055512978,1.6345518012305702,1
-0.8670088582155976,0.5431124999657639,0
-0.11021696528503072,-0.2511754164748152,0
-0.804910641571111,-1.9698687016604062,1
-0.20557282722810488,-0.4928158317973828,0
1.6191399768430026,-0.18062489242930535,0
-0.3053469385562889,-0.07660970510088409,0
-0.4977634817146842,-0.24591635068339257,0
-0.03088295361342924,0.10853431553920936,0
0.013394514553955066,-0.20139633439466761,0
-0.23988845665393485,-0.39695872384233916,0
-0.8602838517088331,-0.6361939831314114,0
-0.3256945963663269,-0.06996781118320812,0
0.28166447625599395,-1.4258757185973228,0
-0.9347266241023219,0.129674250838916,0
-0.8463145997508407,0.27055548127228873,0
-0.297655622186638,0.2351274777072441,0
0.13109379833906748,0.03037793231169659,0
-0.9725122153048579,-1.7652861372489939,0
0.6668732890698843,-0.13744540718021328,0
-0.5762173701026572,2.8044379180425576,1
0.6227504286259089,0.433505172812256,0
-0.8534357403184225,-1.1657936942497393,0
-0.5953439333048297,0.7209143348444514,1
-0.8870745416986142,0.6731979928344151,1
-0.7109970927565687,1.0446155951026534,1
-0.17234978072531434,0.03500101962640035,0
4.359655493190862,-0.42242469299218455,0
-0.6995825201965113,0.5692183097233554,1
-0.8978725705482017,1.961923671215049,1
0.08789038347694471,-0.04641794958896115,0
0.4544247793772901,0.18407649483641358,0
1.5827746908598352,-0.2646711736285177,0
-0.5833258590294322,-0.3956885185863874,0
-0.15667956948833012,0.4566568751937557,0
3.4410608368094926,-0.04565555234458577,0
1.2456843425304043,0.5024170618911339,0
-0.45971104246146677,1.1526819098351624,1
-0.8019664553883722,1.0988184427599466,0
-0.9834540417223152,1.1981816700679693,0
-0.6759846836334843,-0.03042789355079265,1
3.0885875919979195,0.35682694090753336,0
-0.7734850214171398,-0.03904410309258669,0
-0.8278929091946773,0.43374518177305393,0
-0.64100790531066,-0.30650219209889246,0
-0.531490319721193,-0.30572846131980497,0
-0.3096454016441401,0.1703922598421792,0
0.6581376481268945,0.23784927413383913,1
-0.38935102023287926,0.8709744474323693,1
-0.6937489991908761,-0.6196526682676494,0
3.999607051205984,-0.44523467435386377,0
1.2663864012225436,0.11840530095572249,0
0.04784337841279514,1.8659319550542797,1
0.019091237078112284,0.2872439800366721,0
-1.1968843298429346,-3.566541524616019,0
-0.6765362597103625,0.2972329792642578,0
2.7484865854082194,-0.9759718874239693,0
-0.6659261516806054,0.3541789778825606,0
2.9248919553352586,-0.7220935041735387,0
-0.6348869839503338,0.12086634360534103,0
-0.5508010479032359,0.44286654999460184,1
-0.7496999910738001,-0.4438918196400986,0
-0.8218503451678025,0.41887707603455554,0
-0.4027148633829146,0.1777320226997808,0
-0.8436101847294593,-1.8156266617740298,0
-0.8363053526337986,0.6723194948583889,0
-0.502100089265054,-0.676653220244548,0
-0.8862531843089642,0.35747649633103046,1
1.2000178011720402,0.4045106239277285,0
1.1260491953966576,0.5447048674284869,1
-0.6127878670839764,-0.20192394425138177,0
-0.9981186921879548,-0.7616610910162349,1
-0.8553597823293758,-0.5985549142714176,0
-0.08225417607855223,1.3210634429504342,1
-0.33377165948277976,3.4739647698405167,1
1.306098819179037,1.2502045855562776,1
0.33276574665427977,-0.1499738644959316,0
0.25176963533249086,-0.380633542616011,0
-0.890373503939544,-0.2598778515662841,0
0.5366792129012089,-0.5532621028922678,0
-0.24893516847694352,-0.2325224382270536,0
-0.7205474082938155,-0.02049701233503734,0
-0.8337644251245605,0.4493361067145453,0
0.05340361988244762,-0.7405410254491684,0
0.11263017771208347,-1.0526814946928715,0
-0.7142547119455456,0.7787909316854769,1
5.041067282071302,-0.6736407382235083,0
-0.06319027173427418,-0.2970812626729353,0
-0.24777933957983767,-0.11859607561224121,0
1.372000780680553,0.3637645702588724,0
-0.7496522425736114,0.19944468497763465,0
0.23258632468909007,-0.9794764234857902,0
-0.7347205294956991,0.1260361093261022,0
-0.7715816831990749,0.1449283339482974,0
0.547772675268786,1.233134438036041,1
-0.7658188899321527,-0.7360872757851383,0
-0.657998124873145,-2.4717058400357317,0
3.3083916527811015,-0.2262300316122332,0
-0.23558049919035656,0.5368854875168055,1
0.821436959992966,1.6407546750537527,1
-0.6315128338872238,0.14357552202479784,0
-0.4745584421968812,-0.2552279221081442,0
-0.8435020984846777,-0.7958822787293519,0
0.3777981580858083,1.6722549330885526,1
-0.7884097063371766,1.4455810549133745,0
-0.4437642567342492,-1.3152576420205948,0
-0.005700929517023827,0.2159143728365191,0
-0.49671980012215544,1.1390756293375344,0
1.023620179918713,3.597388639327356,1
-0.8845427046275178,-0.47381912286835065,0
-0.27536474026177465,0.16430063014837157,0
-0.7079286447127496,0.021816439622481983,0
1.8947501646811789,0.5650530655484268,1
0.0015878172912183687,-0.17229125279039348,0
6.152425189014052,-0.19312155596058597,0
1.1634022742866936,-0.27003484944707523,0
-0.8896779441455067,1.3855526177589328,1
6.553886216154382,-0.42972895019259283,0
-1.0065112346652154,-3.072025766049153,0
-0.20236123571397885,-0.1027972621963949,0
6.086739824820598,-0.3329892962909578,1
-0.7726410102402368,-0.623270012898106,0
-0.616383127461148,-0.07937696146626504,0
-0.4156467493436499,-0.3318278182502374,0
-0.9174456711708826,3.549371951918729,1
0.4726166045815588,0.6231117074628792,0
-0.29722174922530686,-0.13946375743529757,0
-0.7220785664381041,-0.0862357215851075,0
-0.32443973707629076,0.09044184903047887,0
-0.3578854609803623,0.013278726110406716,0
-0.44866033466032645,-0.6197057495967119,0
-0.8323352974674278,-0.990734008112264,0
-0.49581697930293805,-0.23668718494195082,1
-0.3909362811260801,0.02094078397471177,0
0.6833949800308899,-0.31708486680323783,0
2.353741829317234,2.6911628632749727,1
-0.26063536406028975,2.218972322645314,1
0.06973526025330128,0.6813514574753674,1
-0.675528483908186,0.510561458029786,1
-0.33284825560546544,-0.30397700390134286,0
-0.5934407582831095,0.3447942242776953,1
-0.7098881483223788,-0.4021567958104114,0
-0.7993104144389754,0.7101146992850754,1
-0.7386151911863197,1.086180762906622,0
3.5731050953924797,-0.9869107010300859,0
-0.6945515823149482,0.13785534486410692,0
0.1705207273053146,-0.29674505070942947,0
-0.2793183220793137,0.7187298940396346,1
-0.7251519036238251,-0.6560071646972271,0
0.3014777753982248,-0.12912804523717694,0
3.8157218372240846,-0.03875300320785014,0
4.532489385376032,-0.30524920272101086,0
-0.8407658188571814,-0.31323643190354045,0
-0.5918573661319066,0.3521024900574399,0
-0.6995117016302077,0.2319518286173892,1
-0.5377169293624052,-1.002512359483902,0
1.5518762217696145,-0.05779995602273253,0
1.5847347228480735,0.04324832435158889,0
1.743665353184216,0.06253239303783414,0
0.16508218894546722,-0.15130893573466495,0
-0.8777084518659193,-1.2829417898604445,0
-0.5889827237350371,1.4023319881162768,0
-0.1610199062717852,1.0465639918872995,0
-0.6483614357230312,0.4142229652621286,1
-0.9465246351162202,1.404738594494625,1
0.03376630398873775,-0.20443797361415766,1
-0.8813879426711015,-1.6748352479467092,0
-0.9251718572720958,-0.5307141874026345,0
-0.29181642451778433,0.10957582653245357,0
-0.8628321358385777,0.6180767534496842,0
-0.7442870877174658,0.4982353267751469,0
-0.5105106357720894,-0.5130980521330647,0
0.2807337258653978,-0.46493500601136245,0
-0.5765111101437302,0.6876159257838479,0
-0.027619406382672983,1.0950264077599756,1
0.042679355683984316,1.1221951288109073,0
0.27198236743823023,-0.6718479230110809,0
1.1997039816664687,-0.3670064844728853,0
-0.9323732996287825,-0.1994519592330043,0
-0.34179098305184974,0.45429481256259585,0
-0.559619974774487,-0.1966228260021225,0
-0.7365769439181757,0.7547940956183734,0
0.8144728480138447,-1.3184122756509167,0
-0.401938878918568,1.6156491935103134,0
-0.8498705277881322,-0.9329954658247795,0
-0.6986961518554652,0.08414066235854244,0
-0.01392584542727229,-0.6723847223376658,0
-0.16083493437888055,0.8466529632961455,1
0.120039400470583,-0.13423214884635948,1
-0.4860129180819748,2.695797597802992,1
-0.7603989797683617,0.2966463204030482,0
0.4614677231707876,-1.4417569405371944,0
-0.7036899932517878,1.4464695152554632,1
0.03837377797571873,0.43536024738925067,1
0.45813290264828377,0.1819310188874211,0
-0.7569959170059921,0.5188820938163019,0
6.014285453050125,-0.03635823053676247,1
-0.8651759188367653,0.24087331111794588,0
-0.7444565753211051,-0.4334411891641463,0
0.3030049148960789,-0.27128044114726235,0
-0.06622456356694971,-0.15177078398090307,0
1.1148013100327847,0.09752467679445079,0
0.279555298284741,-0.300090412151512,0
-0.537125275564159,-0.3444597573165469,0
-0.28338286583944133,0.019266320323277786,1
-0.15026990335572846,-0.4424089880645797,0
-0.7882879077784029,-0.16033744843543574,0
-0.11227960000393084,-0.5547423872422098,0
-0.8992820348937496,-0.44965760230157453,0
1.7772918906850506,0.32293852457344785,1
1.0874593872678178,0.3729993927833163,1
-0.8683779058966863,0.08619489090987627,0
-0.00286780973854106,-0.9107616381505759,0
-0.9558699525070598,-2.9283446513691644,0
-0.7668300703177279,0.24072085832223994,1
-0.6007283993174445,-0.3744360777293953,0
-0.716694745477732,-0.4204662656522693,0
2.0552129779747093,-1.0736097809337273,0
-0.2823789559420486,1.2962468091935098,0
-0.7856896585770164,0.3658539019670244,0
0.8113515909460796,-0.15490875010941538,0
1.9412293917869754,0.22348044105483567,1
-0.8416018509090937,0.0036147578708923904,0
-0.04849852547292511,0.2555458940310081,0
-0.6927365152368438,-0.406050881706747,0
1.0764130528283173,-0.6538903154639064,0
1.744239969780331,0.2579440909551216,1
-0.08746059946322474,1.7414010580743908,1
-0.21352220154958118,0.6033443822691471,0
-0.8489404904698511,0.4209842298569359,1
-0.8102597729762996,0.011923128208494971,0
-0.5942682382108074,-0.3583662769551131,0
0.2650882932389046,-0.2505450830063509,0
-0.8007691413607505,0.1456499745485965,0
-0.8165479332627339,-0.34721410044121326,1
2.2477384306968533,0.5200137692099759,1
0.9887983918843474,0.30824367813840314,0
-0.22335463663461386,0.5984927930535602,0
-0.0942340268330548,-0.08428009633387741,0
-0.27430018806313233,0.42984911065184767,0
-0.2198429173870091,0.021916559687366274,0
-0.9797848653830357,-1.3436619404341317,0
2.795150213619128,-1.0493445236499064,0
-0.8106524855120077,-0.42383278555562715,0
-0.021310962183526152,-2.1815240168699006,0
-0.019765683869980993,-0.018015894990558716,0
0.007516120224114158,-0.6013031701437083,0
-0.6786428480871043,2.955528048860226,1
-0.8968996821849498,0.20633058198404577,0
-0.4548430149554283,1.589939225123605,1
0.4425789305354176,0.6188347434162559,1
6.802563091496696,0.12439671809361906,1
-0.7215615762196788,0.6312940510473402,1
0.20443294582757499,-0.578923299234619,0
-0.6879666461806655,-0.3551314061474967,0
-0.31754180727389064,0.8784301633831123,1
2.15297156476401,0.3042050849968227,1
2.703675944187461,-0.7904346395382643,0
-0.6120353174033613,0.026220876486358582,0
0.06133676634677429,-1.2970929282700852,1
-0.9957715800746543,-1.9296487863981744,0
0.2070916539724675,-0.4798338806416381,0
-0.7814664249489652,0.04201287498329959,0
-0.7937518979465253,-0.608984480725815,0
-0.6040090820438093,-0.13396268150906435,0
-0.40301657075377606,-0.18110936932281532,0
-0.9877980441503288,0.11520319906169776,1
2.108290745938999,0.006005400211642179,0
1.1559629163043579,0.5751730588506853,1
-0.5522122300091522,0.31701769062066504,0
-0.7777181737488215,1.0002952372747094,0
-0.7454198120548702,-0.48361781683498256,0
-0.8030982775687647,-0.09236032700760598,0
-0.2531610930275021,-0.35360344512341374,0
0.06048869599001502,0.637592194469621,0
0.9097529481132226,0.1707670962035325,0
-0.4512255696470563,-0.2688561759626398,0
-0.15386268718446638,0.4237797904213091,1
3.461002347393405,-0.1631088074381386,0
0.0317534603731624,1.8872851486334716,1
0.8236120995401627,-0.06148050505537677,0
-0.10918739885628208,0.021606369257369626,0
0.7802080320353317,0.029250076461848167,0
-0.7848715195816033,0.4401577633233175,0
-0.27458405031981836,-0.1537176327642733,0
-0.15934914535922481,0.5447646750579864,0
-0.5080443261252208,0.19387695180052875,0
0.0994969260364625,-0.49788799376105364,0
-0.8687826690115078,-0.013994865862774191,1
-0.5497954982407786,-1.2920305323295944,0
1.140464111500391,0.1992045738378501,0
-0.11147602302848042,0.6931359517324015,1
0.44340677751792074,-0.48796236470304233,0
1.046630078355579,0.09570442328407186,1
-0.586908063935746,-0.132965667032352,0
-0.2581189594412635,0.08218699289023822,0
-0.3368787194417733,-0.2563390203647869,0
-0.8247431153640299,-0.32533068987733404,0
-0.8155870965249649,0.1320172290221351,0
0.07167361240077279,0.5309662110044111,1
0.01341280693745346,-0.2695364974392654,0
-0.17742912973164243,-0.23276013571978219,0
-0.8635466107721286,-0.794333863522846,0
-0.5490136243438745,-0.10119868840883456,0
-0.6935945940515831,-0.05249367214391115,0
-0.08167836016731728,1.174081421727894,0
-0.7950016250752304,0.6314157090154712,0
-0.19842473781174588,0.005152712465152952,0
0.7473000143310982,-0.41414388127032686,0
-0.9220066503924337,-1.4672111353536146,0
-0.2995900739773726,1.2577492543265743,1
-0.5504701448976206,2.315346665380904,1
-0.7211870046187812,0.16161874553388603,0
0.22459098892963061,-0.34801993593830216,0
0.25805025578111523,-0.9909296135967619,0
-0.8073086836088554,-0.9372263325393162,0
-0.04752933910731249,0.5003194689923696,0
-0.2802002196213291,0.16528992255186742,0
-0.934509056209727,0.013638211674307161,0
-0.5173660844487052,0.4561272161882198,0
-0.7012327248824066,0.4546112156142284,0
-1.547709115114064,-5.634617714120012,1
-0.8721243980181035,1.0627578751681834,1
1.0672019499073233,-0.5226792820499121,0
-0.7210076225192791,-0.020370541489532407,0
-0.21118424258626517,1.254009285445774,1
-0.7777600630035664,-0.22958905911426702,0
-0.8262344428506294,0.8275016474550742,0
1.3250365169583727,-0.42467537241274056,0
-0.9477048042661139,0.2071327180915769,0
1.3591229850284225,-0.3659546151678205,0
-0.08007044091983825,0.8257563408679978,0
-0.7128981344613954,0.06004463364509602,0
-0.5580016163709898,0.036225625022703996,1
-0.8332627048756087,0.07031250341794046,0
0.681911199508141,0.4068593421164287,0
-0.777511491108915,0.20728305385228354,1
-0.7378014014260236,-0.28799799520115565,0
-0.6287311413090394,0.01170470108886001,0
-0.8828987750733842,-0.4584455020352948,1
-0.848681928184311,0.07525429132404048,0
-0.9971398662689871,-3.352867361092769,0
-0.44509706084711764,-0.46243950121567107,0
-0.7511215295404475,-0.06193001640566633,0
-0.13400309833833568,0.6064933334461803,0
-0.937205387812188,-1.8871274085003444,0
-0.15185288133356092,1.0547246338828806,0
-0.5116692268608848,-0.4786911937931649,0
-0.0852172959735357,-0.20230365994951863,0
-0.8167939692964237,-0.45285079083974533,0
-0.7873635601672624,-1.1737386916224473,0
0.1975211853963334,-0.252477876269372,0
-0.7672662527777508,-1.4123086151118183,0
-0.7446969550593316,-0.7698609748056041,0
-0.7886145935893529,-2.2027341252107964,0
-0.3522906592459649,0.7540774313805104,0
0.5946697349327393,0.10760753319920645,0
0.9372103118315903,-0.497455915638701,0
3.3444814193574297,-0.3852440632188891,0
-0.9399695682607504,-1.2997127286253838,0
-0.37910462401542255,-1.1378093335818218,0
-0.637480031404314,0.2451075664022381,0
-0.9681330611627058,-0.4507706488625793,0
-0.9521701924654861,0.37063217808275867,0
-0.9584955453800578,-1.1777646711182734,0
-0.8307200362364231,-0.35383061817417777,0
0.22152729397382334,0.6348077745623656,0
-0.8319836578074572,-0.46265160349594414,0
-0.6710612340023441,0.6013251055845849,1
-0.3281922021199474,0.39749147420240194,0
2.9889049681072515,-0.8514226728118612,0
1.2308771421047646,-0.00593572744915037,0
-0.2885120296634539,-0.6173046197065458,0
0.8698753699743164,-0.6417926357368834,0
-0.8103545550352358,-0.05384716000767109,0
3.1702469635423673,-0.6760944692893965,0
-0.6034882108369903,-0.4894056890822903,0
-0.8721539069773909,0.15951671667268888,0
-0.34497634825345147,-0.7972544374880479,1
-0.6199254436073671,0.3793447401195502,0
-0.8184757960734427,0.9745910136840323,1
-0.7347640498278907,-0.28257252590383214,0
-0.3814344332926727,1.7384732535246985,1
-0.7885716810050579,-1.2267520202843643,0
-0.039716261581843576,-0.062001673440909906,0
-0.33814329634650975,-0.23749858796092524,0
2.328470612538179,-1.0102797154091934,0
2.9673860708189874,-0.8923781599988893,0
2.011396273846513,-0.6665969071937097,0
-0.7073769267466845,-0.3454238838663208,0
2.3132403508265313,-0.33834841402467464,0
0.04813726440714658,-0.15808175622392864,0
-0.8525744561321469,0.7332320482226977,1
-0.23360231974904785,0.22181798155390345,0
-0.048324508718214164,0.5945272958912816,0
-0.9335076178093072,2.313617624572923,1
-0.3370580945283594,-0.6912593668514518,0
-0.5239933796761123,0.08785823721108728,0
0.20335234845903621,2.6365720613055266,1
-0.8316756548484596,0.43573158577919535,0
-0.6247698950018199,-0.30389232598774546,0
-0.29419664431237674,0.9163609758193958,1
0.46112132477472234,-0.4944356297013554,0
-0.461003663863748,0.7184880186359092,0
-0.7472938385226964,0.5763465354516173,0
-0.31926329275016924,0.08626910632172766,0
2.9752098106361857,-0.07758003024299416,1
-0.6529372952751961,-0.015463315244982593,0
0.5165013904742778,-0.18936835882959274,0
-0.7307450028105117,0.24390101472020898,0
-0.9296533492741546,-1.3068093972838908,0
-0.8923021965380188,1.5483397198498174,1
-0.4504700534969012,0.004519463283891089,1
-0.8343253539030995,0.5391228015619937,1
0.4630444077393903,-0.1664717219848794,0
0.4108774911191714,-0.4585541761491502,0
0.2574920088393905,0.03610993480076625,0
-0.773354644383982,1.1064402820980672,0
-0.9236414602113855,0.4698516030867724,1
2.00641710791181,-0.6283999388034004,0
-0.8738398677816643,-0.22305563538429576,0
-0.7594816673207394,-0.17201203091506487,0
-0.7531571771096058,0.07702835080487265,0
-0.8249826890311369,0.568885150135772,0
7.170098355756386,-2.0018465449400686,1
0.22062770100743312,0.2290082094070239,0
-0.8365231895974916,0.2849379768259819,0
-0.4872784319741165,-0.3830637731890611,0
-0.37221383344775416,-0.344191412686265,0
-0.5765009823059541,0.08861062507960861,0
-0.11734022867938863,0.2609064552370541,1
0.08699820342100248,-0.11788890251855404,0
-0.8079937155767767,4.173986132878301,1
-0.8720767732435722,-0.8597646157931103,1
-0.45561608839891776,-0.9268476824504427,0
-0.49755890240407646,0.4458814548058821,0
-0.8232229060893488,-1.3096844395368998,0
0.11218104296760754,-0.15427272962335328,1
-0.5522791161669737,0.4948353070247951,0
-0.4146298489894865,2.350301050459463,1
-0.4802669760441439,-0.6550623761805614,0
1.087191492633794,0.15102976072378144,1
-0.5348094131381584,0.19964317127261857,0
-0.6702622145901248,0.018565468902007186,0
0.595662079009379,0.41483587448617787,0
-0.7779344806431846,0.49579948859670553,1
-0.0455164170973779,0.613733852306105,0
-0.7383189472699577,-1.3517614232437039,0
-0.7412786111055277,0.6252115989732423,0
-0.8973720224535383,-2.4460737389579346,0
-0.7264919548933407,-0.8798087610584139,1
-0.6296171182574863,-0.046670985273417336,0
0.371995292411645,1.1704067018986342,1
1.2284768503392067,0.12862799705090824,1
-0.6473393286077381,-0.1499737304795172,0
-0.6080159037884777,0.7708450410970042,0
-0.5545802328630003,0.4154822547366918,0
0.8239021108292047,1.599221485458794,1
-0.6636596559312389,-0.7483390057535357,0
-0.7337300573831195,0.2906266704301408,0
-0.8830220624296673,0.06267165359524422,0
-0.601240203414902,0.8576043328390227,1
-0.6014740118657683,-1.662118122357138,0
-0.5522519645076386,-1.056077323627211,0
4.151514554394804,0.36913895363258475,1
5.614586614226891,-0.3751882480089593,1
-0.489723560376515,-0.29921958872520343,0
-0.7316331891508276,-0.332336134248451,0
-0.3477545984479487,-0.19429485958701742,0
2.1788993261553196,-0.9835398593543226,0
0.39979887944194564,0.5724481004552273,0
1.0445567820435966,0.7737256289979266,1
-0.79744197411486,-3.57132515297347,0
2.3109571203352655,-0.03244153665099296,0
-0.47410613889497294,0.35358434099343883,0
0.7713825658447688,-0.3867721552405781,0
-0.5888963931509462,1.7380922850422296,1
-0.1805638072635159,0.38808860800543665,0
-0.7577459504755467,0.2865610007547943,1
-0.8254130054031292,-0.35015411814451775,0
0.40510096747451363,-0.06549079711256435,0
-0.16903589099082214,-0.12899967459786377,0
-0.23009340545353837,0.0009016361847621881,0
8.86541791384644,-0.2771040731639688,1
-0.227797181442801,0.6369658074457598,0
-0.07026418244114915,2.460763522393531,1
-0.8681644021676054,-0.8042507700980367,0
0.08793470055598965,-0.4671325523886033,0
-0.8249326701226966,-0.12863404197012904,0
-0.6475098060658079,-0.22826051322383467,0
0.9715171410620467,-0.706381006168872,0
-0.4734904707216695,0.3104206546374496,0
-0.7920337029779049,0.13354714210124416,0
-0.6990618087739486,-0.6829755974200444,0
-0.8022734295857261,0.5552175858493212,0
0.656719222014305,-0.663744779171711,0
-0.4671751642007258,0.2071036246942659,0
-0.8236386546370709,-0.34396476173451324,0
2.3136735523237433,0.47908295429393566,1
-0.5783572807641505,-0.3716601067994458,0
-0.6654167255356817,0.5452854523179189,0
-0.24099353164656265,1.1574466719995877,1
-0.788332485147354,0.07508848345257144,0
-0.44469687019261234,-0.22529700908299677,0
0.2760165438779833,0.2475015376202693,0
2.1344800378274953,0.49433915369582815,0
-0.8393832887042852,-2.7660696700336107,0
-0.47285051910012854,1.2257733995978857,1
-0.6478381012347249,0.6535148124089462,1
0.2527277748811763,1.0330410930707856,1
-0.4499627128715823,0.3505761619762503,0
-0.46902965445783273,2.073601309234234,1
0.0202795387267745,-0.2983024234257241,0
-0.6087592934176369,1.3488155821127512,1
-0.9016884255306049,-0.4104218358700156,0
-0.8505404345759623,-0.4375915335374787,1
-0.08523046886323499,-0.08832053659327657,0
0.033839325153228815,1.147418114909342,0
0.0009038272004039225,0.02366348689525079,0
0.6352678331290034,0.024612618544495608,0
4.94830887615546,-0.09906794780202664,0
-0.42022256038654915,3.819135116108356,1
0.19306507212269736,0.07586848981743784,0
0.4632409181464997,-0.30507024938058197,0
-0.18197723243257258,1.4594893086937428,1
-0.5071370907704145,-0.20909409996098827,0
-0.5762860302443421,0.4615976402793324,0
-0.15365072368524527,-0.8049312255629754,0
-0.10001444624943737,-0.6791625523664582,0
-0.5866609165665085,-1.0609595829094016,0
-0.7258491915033549,-0.22724159070114822,0
-0.6901250414321103,-0.8665285912604699,0
-0.6865733271135053,-0.10896753525871938,0
-0.5176835913633265,0.7628598827281801,1
0.14804430656287457,2.80154340792367,1
-0.7450013644259524,-1.3473967519112677,0
-0.8264683242018581,0.18734008669239488,1
-0.22187146478362954,1.5818488211631074,1
-0.6154046913361415,-0.2767012997682868,0
-0.14665324657758602,0.9953455988829073,0
-0.5410638620655975,0.44202235525456224,0
0.05552019823070262,0.43357850200575815,1
0.3812921409643267,-0.2903097359011671,0
-0.5078848664485653,-0.20206942121039004,0
-0.5937392327396128,-0.1512108476295981,0
-0.8707111944727086,-0.8250415258031981,0
-0.560336817733735,-0.1773031113208675,0
0.1549412473555156,1.1209508786585558,1
0.6683122693701034,-0.719399553337747,1
-0.7064688801230582,0.2802807625235883,0
1.27462597410514,-0.19226006605270987,0
4.055838409146717,-0.3477361705306258,0
-0.49864562598264667,-0.07275394736077558,0
-0.26253342062265034,-0.07870601018209399,0
-0.29099997330650534,0.14578285379653763,0
-0.8698370235309176,0.563547073236223,1
3.9395320825403894,-0.711088507588508,0
-0.7354427849446766,2.4709011233763634,1
-0.4639713981996993,-1.47609801661897,0
1.9883181756962771,-0.06316983050442988,0
-0.8701738431796614,-0.7772709292597592,0
-0.43525086617110204,-0.9042644543821696,0
-0.01876124773646759,0.17209936673597276,0
-0.8668115371174975,0.6715201621391464,0
0.517366294618707,-0.008267141801157531,1
-0.704414961231851,0.848303542469085,0
3.182225913974772,0.22539941767299893,1
-0.40129069560353614,0.06786117572366711,0
-0.30146772509240644,-0.3823648380882322,0
-0.5704969786731664,-0.17882509144468633,0
-0.8129343337964897,-0.9810894567522538,0
-0.8726752795624637,0.020047431658418654,0
-0.692746448666204,0.1063040148458788,0
-0.8545804500830383,-0.879552572032255,0
0.1632549175065047,0.2953658884250084,0
-0.5417045294078965,-0.21181217336962307,0
-0.7205784911832964,-0.12005149221770996,0
-0.17123104442105413,0.4569433270502531,0
-0.5757407656338174,-1.6560978340978934,0
1.7181100155874747,0.17864420710669035,0
0.021267578807344954,-0.6102379519659389,0
2.192407842290341,-0.46732879344242234,0
-0.607186835184161,-0.21213210993369838,0
0.24756042226536282,-0.8189537089082222,0
0.47958020187155664,0.9059790273002256,1
0.4322333190113788,1.02306805232896,1
0.4120065263574467,-1.6611527639877715,0
0.02255421516707258,0.5456352513787635,0
0.313835356207725,0.08496860718167988,0
-0.3312826454836965,1.2547556201906225,0
-0.2784724700107014,0.34383186112398045,0
0.7003230612363309,-0.7662537084738266,0
0.5011202277072034,0.24116901388933873,1
-1.1750584691483645,-2.8161359355216025,0
-0.022107820968234253,0.42031591633301707,1
2.1698794518222764,0.5994981927385199,0
-0.7806020776902374,4.245035137221422,1
-0.2876820483003255,0.8448110990177412,1
0.6653161506234359,0.2800994248148079,1
-1.0165166259773937,-1.6390472151559554,0
-0.40861883848742747,-0.4485321998309207,0
0.032144469217093886,1.018876689067948,1
-0.34330800652084703,0.7518360977118783,0
-0.7014898415669216,-0.11643018063091619,0
0.02688780697577089,0.22942463876395594,0
0.10539192853096063,0.3455707363538385,0
-0.9589901763631571,0.055621244797484974,0
-0.5929501189192694,1.0460347946308668,1
0.002517239752664897,-0.4216810864220532,0
0.4200963028378505,0.6264182345914894,0
-0.8474337161709116,-0.03205620811634283,0
0.8770227506270587,0.2667938654330444,1
-0.7439331010688004,0.2846580615785316,0
0.9352807589435923,-0.8943606451834905,0
-0.6105312548453978,-1.0856817287065808,0
-0.8239511353568199,0.02449596222627035,0
-0.5647073990077802,-1.1608043885512227,0
-0.20207116673625064,0.5239205075385481,1
-0.13452047630423994,-0.3180458721652114,0
-0.4558522371483059,0.8892027950799011,1
-0.8724489519198972,0.5157763973689518,0
-0.7849717747606131,-0.22752733587025667,1
2.547552344380696,0.016141839291236856,1
0.14331339118057962,0.4261432310964078,0
1.07405412868715,-0.7966388771737815,0
0.28428552765679266,1.4307468085305675,1
-0.04153635766741067,0.22606380113815114,0
-0.4971927139322359,-0.06366903055758283,0
0.6119128906227533,-0.5966778776554678,0
-0.7149782455288526,0.6912374823103317,1
-0.7477058057085586,-0.07203848176728625,0
-0.8712986010184935,-0.5733346050523318,0
-0.3270679498434413,-0.26391960883386695,1
-0.08015307017441821,-0.7558021805006657,0
-0.3786609976904947,0.645651340982536,1
-0.8256410428492736,-0.9025906308327283,0
0.568441301337344,-0.05491600037690922,0
-0.503927711818451,-0.08747386538689955,0
0.3287567728106041,0.5369309998127879,0
-0.8113938527857658,-1.0424291229786395,0
-0.8103695024963125,0.737259276845443,0
0.4448795177385777,-0.6041062637767262,0
0.9848635479838371,0.7028195512443068,0
2.9721586086249774,0.0265731611959192,0
1.4000332732842544,-0.19402489235080336,0
1.254837429717636,1.2840481349652162,0
-0.008682449558478344,-0.22816522608648415,0
-0.772454600510588,0.08757171912404133,1
-0.48510761606143316,-1.1115197587832621,0
0.09660040606978765,-0.06924350072044383,0
-0.6924405768705022,0.1882671563344768,1
-1.00436966333649,-1.5325924275862313,0
-0.4532840951277031,-0.05413460613802405,0
-0.6485330802524845,0.6269064083054583,0
-0.7175126855168805,-0.40236496366771096,0
-0.6600958101182889,0.5114835138626238,0
-0.5486024406335414,-0.9395262433693992,0
1.4396806248253278,0.886553193338868,1
-0.11108312971083378,-0.18341217526681675,0
-0.758200973628105,0.04857765233649655,0
-0.7918046516467139,-0.3395832937417112,0
-0.7963228151818085,-0.4161437608803564,0
-0.885124195643381,-0.3777342149939111,0
-0.5300910582976284,0.5817518881712013,1
-0.6387014536993858,-0.17241021629851416,0
1.256972247213906,-0.3289036550760009,0
0.03081289537967977,1.169167203109361,1
-0.927668424843284,-0.23861805405412959,0
-0.5564260032690106,0.03191976556952529,0
-0.5681069872427191,0.2563332494659109,0
-0.6277416701529143,-0.15483776656609316,0
-0.6244367845685034,2.812513835304413,1
-1.1569274990464646,-1.7886649246320736,0
1.2142561400920544,0.9827181153172403,1
-0.5950886211957712,0.13045133620237687,0
1.674058162668503,-0.44581460491331415,0
-0.7952751672887346,0.6224971150213262,0
-0.8602209874429824,1.4618484392369349,0
0.9990112711645155,0.958493441429326,1
-0.4020203914531111,-0.32294875766240816,0
-0.7426122189264572,-0.5284369675138963,0
0.6201901085008915,-0.976016738742017,0
1.4136058929984818,-0.53813569317445,0
0.2756157851451499,0.14694896951045966,1
0.41406983606758446,1.5715605497261553,1
-0.3606927120717536,-2.2463824004926223,0
2.9229213980563507,-0.5343306153260147,0
0.020385889702354724,0.31158886842704214,0
-0.25838458304206896,-1.2079372153402599,0
-0.0011091350432099192,0.15020874955296473,0
-0.8060946077905681,0.5101806951197178,0
-0.8802884302992325,-0.15387587460828095,0
-0.2521121493915705,-3.2460280403302124,1
0.536343616466327,0.5315857726960421,0
-0.843951012956634,1.239631562133517,0
2.464833724778893,-0.16539422959193692,0
-0.1696687856646145,-0.04331313072963598,0
-0.8999910521336234,-1.392887175006023,0
-0.7905632160245518,-0.19940860288313308,0
-0.09030790187203827,2.576481545409003,1
0.8197217602704584,1.330106632002983,1
-0.7679706146406372,0.8564800021099156,1
3.2749478097482747,-0.7216235592608757,0
-0.34324489646705997,1.0708959153860156,1
0.39495562540205287,-0.08768912838958076,0
-1.273940689146269,-3.208581463136316,0
-0.9073499508863261,0.0973013675264897,0
-0.516118134639244,1.0264156283760872,1
-0.7384668579866612,0.42929387047265255,0
-0.012828078558350674,1.502142145823154,0
-0.3299035329447749,-0.305446322446515,0
-0.40844825548740094,-0.2653266330144588,0
-0.7768552971655454,-0.02053940397421871,0
-0.07073829500025278,-0.2649095572613091,0
-0.17547827317203435,-0.3559035454285595,0
-0.6625908744942361,0.4622271302304436,1
-0.0022747033580346934,-1.269648052084908,0
2.15053337376445,-0.5847896336522276,1
-0.7027965121094009,0.9399474620854146,1
2.0306578720683715,-0.1996067916908955,0
-0.847153274864709,0.4918387367669621,1
0.24191314040212764,1.3277282567716449,1
-0.3049597158599956,-0.4523691384341761,0
-0.847948600506324,0.8235076872562281,1
-0.6652423292408361,1.1532807002648662,1
-0.7160310343520928,-0.5018843060188859,0
1.2805727978879202,-0.5250573463965275,0
0.13641885035927337,-0.631161399347522,0
0.27004048329304153,0.4906749937719313,0
-0.878007963202597,-0.7488138104527916,0
0.22798822840090063,-0.2966287794859928,0
-0.5602089642265139,-0.09539183985411281,0
-0.5209609920849646,-0.11781792463279082,0
-0.5507781327105599,0.00922745436167766,0
-0.8316526291293461,-0.2873289068072261,0
-0.7827768554822054,0.0434843134267362,0
-0.4903531217611061,1.1619821543439575,1
-0.346948714025171,0.09258631742853318,0
-0.917992244193779,-0.06584945896675459,0
-0.8275160914604426,1.1746739322324806,0
0.9055295041592768,0.09315165959672808,0
0.6411079169527341,-0.11999174392893848,0
-0.3027145823145391,0.36339987978015703,1
-0.7287656338504355,-0.47948790309227096,0
0.23218141297167197,-0.521179559623505,0
3.105894663719588,-1.272307013205334,0
-0.010340530703434743,3.0887987318020045,1
-0.8720772130603759,0.6408800986929374,1
-0.5758005670368564,-0.02151479562094067,0
0.3461895328287767,0.7595437625374724,1
0.7302762278878788,-0.9056001458061337,0
6.353188952380572,-0.06701746282942364,1
-0.311837738649396,0.18441160477198404,0
0.7726860281254552,-0.6065485822806165,0
-0.03993053306605877,-0.30285270921490837,0
-0.7170360173454318,0.4378044465026316,0
0.8140770896554282,0.1878402488601323,0
-0.8344766118084372,0.551363692332965,1
-0.7979003076311797,-0.04642118733066351,0
-0.9553874944306208,-0.4257643897621297,0
1.9250529736845379,0.21363003119343865,1
-0.9940165215842969,-0.8370539386929979,0
-0.8955118215982877,-0.25802227419793133,0
6.106645214446098,-0.3141547514146219,1
-0.2442790536160319,0.5521326345492008,1
-0.7416033575743034,0.9657058405724959,0
0.21528025854120988,0.32198646980653384,0
-0.6365412353966262,-0.6289308193394548,0
0.09247862528494803,-0.22101526658042306,0
-0.5805354459129437,-0.5136698733418231,0
-0.8445369819998518,-0.08417263925577292,0
0.05891591524195432,0.4111061950589055,0
-0.7762390055030187,-0.14099033923986865,0
-0.37594763756893584,-0.05070880946215875,0
0.4312496139213325,-1.1460211872225963,0
-0.09305621850222222,0.44394061254477163,0
-0.1018479363924013,-0.038418217940071546,0
2.4622330114512856,0.040121432034814164,1
19.610520642661545,-1.102415874305161,1
0.15979267021333624,-0.4020392304569445,0
-0.855563051772647,-0.23436418293200356,0
-0.5574693842612455,-0.2803090673794835,0
-0.2553413013672288,0.6693712901414155,0
-0.7949471175083621,0.32374740422237736,0
-0.799190820871139,0.7624429903335337,0
-0.43735925362893785,1.0922869823769454,1
-0.2577139766934774,0.33118033553382126,0
1.3772650107755104,0.008327627289382914,1
0.05797982580829996,3.892759915167308,1
1.7450552681348426,1.4945244771149695,1
-0.7618126572152594,0.6269454683710927,0
-0.8005984282326083,-0.473375281693111,0
-0.6112572411133216,0.9675713609939205,1
-0.48695896779957415,-0.2516354747973405,0
-0.46710922703417396,-0.38197055170880795,1
-0.16941129497556212,1.1921075402127819,1
-0.8569846849784629,0.8234374358352805,0
-0.9822316689807503,-0.65887079657116,0
-0.09001338065636878,0.6696408680278197,1
-0.8224329285348115,-0.3604644526909479,0
-0.6268099083455638,0.09372131423477044,0
-0.5194992913819473,1.0489331041893086,0
-0.7310894211029235,-0.04340467077146739,0
4.493943873637384,-0.5266215452785118,1
-0.8756960035759245,-0.8072408262182653,0
0.5175459544778578,-1.1046856668256715,0
-0.7960444288319809,-0.1540004351173454,0
1.854898007158067,-0.32086506724445485,0
-0.8614708979571324,-2.0444948595015187,0
-0.8560403337687039,0.24640546123612794,0
-0.561813389550876,0.1809596042768911,0
-0.8081681923570077,-1.024030714581568,0
-0.8576890258822769,0.20850361836575163,0
0.3500506609753172,0.5564213080243375,0
-0.6952320320813794,-0.6594939715575857,0
-0.3672120044657155,-0.3288769719338215,0
-0.4264591327533294,0.39876506243635546,0
-0.8875457651025768,0.4228876712557564,0
-0.703410824632524,-0.171759308719465,0
-0.8100776254084768,0.2896732605576119,0
-0.6829811523755933,0.23866154981921944,0
-0.8793051492475346,1.3970131296172703,0
-0.9254392203901909,-2.113878741081116,0
-0.8243760636456717,-0.2891265641229651,0
-0.5616785699404331,-0.5024630771857735,0
-0.11869521130405537,-0.18761672261671813,0
-0.6876193267449903,1.1177845936780904,0
-0.6200865295015532,0.5341321587991286,0
1.0968593024054492,-0.38252244323587586,0
-0.4689179572254281,1.8754735329035772,1
1.4149351118439202,-0.6830494134181408,0
-0.587285126876928,0.030857024779705637,0
-0.6903918472159556,-0.046731223907540295,0
-0.8246168206362294,-1.1370647501299695,1
-0.8081470739614773,-1.3613094906279457,0
-0.47212688640517786,0.43102883630526045,0
-0.21751168502392884,0.6509190732159587,0
-0.64832203164787,1.3256101527575836,0
-0.7802834216920937,-0.3521919568591426,0
-0.7136975740658636,1.1764478650204424,1
-0.8915516207060997,1.6865881958584246,0
-0.041290664732849036,1.879925125808383,1
-0.6249643537683507,-0.23221175899172453,0
1.335809324022981,-0.23519693777693743,0
-0.12735502047697322,0.3224457129550954,1
-0.15328386926238793,-3.037456777178275,0
0.21083400787191034,0.8885136551360171,0
-0.7927886566129324,0.28927897666483254,0
-0.6144207751877135,0.876606907493744,0
0.2440842058003358,-0.2914782543276439,0
-0.9082933801861511,0.050728668614866045,1
0.7453525184038662,0.7763701003639886,1
0.041100703113861686,0.058454723051247215,0
0.10638560986957879,-0.18800346388005762,0
2.1271320650041248,0.18082586124195352,1
-0.6283949041892292,0.8240028891371302,0
-0.38811232594580125,-1.3189440994600052,0
-0.769260849649359,0.5958451950569187,0
-0.43710320983793016,1.3839298761408525,1
3.0930824772457792,-0.13396022171714458,0
1.9653507988742898,0.5342637276462053,0
-0.4808750182581186,0.5615910444117381,0
-0.2934390480312546,-0.021825915678029762,0
-0.00033214723923355173,4.455777012846321,1
-0.8177348734984061,1.9217124092292774,1
-0.06718846991547771,0.7095569135745153,0
3.0770975892119115,-0.5198858769079135,0
-0.3618146375759254,-0.5962436436999912,0
-0.8061514577100507,-1.0456851600422448,0
-0.5018238265764017,0.29342432297088145,0
2.7179010630898457,0.44210519993793845,0
-0.8179284607443055,0.088715517940585,1
0.4852851202882121,1.5604752757169789,1
-0.14027112042380852,-0.39980137250221076,0
-0.3406866368215805,2.4662154413688975,1
-0.48356509637201206,1.1528301846295954,1
-0.8248789266229986,0.19831568025271776,1
-0.6168177470627731,-0.22856829144842905,0
-0.7380789862694556,0.9819611005325843,0
-0.5273459866489528,2.644115849544113,1
-0.8542544285578858,-0.287200870344007,0
5.335963016087515,-0.13436584845096206,1
0.2667164543178233,0.46336109184569113,1
1.162784432058852,1.3678849010172187,1
3.8164607130010855,-3.4200203198489034,1
-0.9120175046736244,0.4648621267826383,1
-0.3635136689260818,-0.5177633973882465,0
-0.7206401152360096,-0.20891505565480906,0
-0.39786045724520586,-0.702463198457389,0
-0.47905569447672086,0.3203476678782075,0
-0.5272092291082919,-0.1598235573310984,0
-0.9131511014832876,-0.3204530221078931,0
0.7924647523282136,-0.12592992002148656,0
-0.25555880792150515,0.27549501445659313,0
-0.7289485621577069,-0.551393310128344,0
-0.8078519608265413,-1.7379775770382844,0
-0.4912609329496767,-0.48816148951605104,0
-0.9296249293399872,-0.5793993080187446,1
-0.9303349882169264,2.901015393039844,1
-0.7168094163788049,0.32346161940030854,0
1.1755980580581373,-0.47300322778764814,0
3.0090717968966456,1.1067737341309971,1
1.3270823275038386,0.015743956135629518,0
-0.7492424528324838,0.07908225117031871,0
-0.9366852970334318,-0.1465817071097214,0
0.4729635548611472,-0.74540814296044,0
-0.7988605217237985,-0.24145693162028897,0
-0.7057267686230865,0.015011622634099353,0
-0.18645030003444343,0.24482351670638497,0
-0.23392660676755078,1.6667246839408307,1
-0.5589547796265653,0.5754120685741355,0
-0.2581612916144906,1.0820665253171096,0
-0.4216189616229009,-0.49354343784468585,0
-0.5867251316665393,1.0633272657453623,0
-0.33387455082065914,0.4708369467254941,0
3.54953169842455,0.8063824613648193,1
1.2063584803318277,-0.21937503255460933,0
-0.410077592936819,0.966541791189385,1
1.387423266593555,-0.44145540875190326,0
0.2711665374079419,2.0806069343701896,1
0.9719117575766248,-0.4174193119693539,0
-0.8047818414042334,-0.33172377579727597,0
0.5980786969406752,-0.14033844814809712,0
-0.40579947338087763,1.1935570352674778,0
-0.7113916883294196,-0.564111410471403,0
0.40280405810772246,-0.11697683951206639,0
-0.6438913534890593,0.3910752836740863,0
-0.5973480032491478,-0.5010207068924805,0
2.8197633194201996,-0.45927664404062146,0
-0.18443258666747678,1.5447077276780652,1
1.9213102761959913,-0.036948656361505176,1
-0.43660195246575517,-0.3916594084035008,0
-0.744633678281613,0.20440636412558622,0
0.41962973606756504,-0.9285266030969739,0
1.0127504844628368,-0.4069528315208115,0
0.6211216718324692,-0.25876666382735786,0
-0.8959364944247873,-0.40578256687617714,0
0.6724838816421277,0.9466731101137367,0
-0.7196437129071236,0.3736037255626151,0
-0.48503716022140714,0.26517812271120134,0
-0.4942931280097602,1.266485514602687,0
1.3553377261475628,-0.3797153073294406,0
-0.8532161768617726,-0.10209601451394273,0
-0.7532586449787665,-1.5506902474008046,0
-0.719380323498411,0.6390308309994122,1
0.10006516320573684,1.2041701558613622,1
-0.7739456566127975,0.6031512103395762,1
0.06006040871439144,0.26949452630397713,1
-0.021424125663506845,-0.16888184900198427,0
1.151828760765219,-0.0384997288418068,0
-0.10895314222214196,-0.13814518895321015,0
3.11970868026766,-0.3004170488055484,0
0.1581070876221009,0.37470363146856767,0
-0.8836059556938556,-0.7390421050965613,0
-0.7932442552305419,-0.1534697013868931,0
-0.14168754420429727,-0.9145832437540112,0
-0.4210276304583651,-0.5731791634873555,0
-0.7045708608020743,-1.5541161390837606,0
-0.40753895780599214,-0.9292018755321397,1
0.13278608384250634,-0.2505397933636834,0
-0.693169080902989,-0.21995129794480098,0
-0.6298622662543307,-0.2532593075275455,0
-0.6159236600107104,-0.8762680285930351,0
-0.22802366334526725,0.3732852791680875,0
-0.768387209200229,2.2403455923689295,1
-0.755710324592885,-0.17720018235522503,0
-0.7090136372533653,-0.8597445942148569,0
-0.7961060074823715,-0.04713396230857865,0
-0.8374140883259716,-0.11257734831394794,0
0.01606624805904636,-0.5438701559644056,0
6.2579442421700895,-1.818403802881737,1
0.6794570540526957,0.3967590715317053,0
-0.9662822224990062,-0.8478917242425337,1
1.3896848515813405,0.6653728491807092,0
-0.49125124412457094,0.45653530010382004,1
0.9110066387350578,-0.22527776506486635,1
0.23956893162615497,-0.660954613974972,0
-0.3665539105836622,2.6214181516850084,1
-0.2996305235541814,-0.6651686711029458,0
-0.5293562364534088,-0.4543239208953987,0
2.4130675521830955,-1.8202214010890145,0
0.7261901791524916,0.09585578897582712,1
6.594030113057681,-0.5615239439076957,0
-0.42322261586776894,0.3135696316910077,0
-0.6397473094368783,0.23195369517472825,1
0.056053310904813254,0.8777127240000648,1
-0.7875371627752834,-0.17946877495961835,0
-0.3308156002604915,0.9431726824787198,1
-0.6987255496250225,-0.8214111616164383,0
-0.9181847613865413,0.23608872569510606,0
1.1007203356277155,-0.9202683440888983,0
-0.8896487107454205,0.4661546758423458,0
-0.7629844364808125,1.0619238045848074,0
-0.8032354403677822,0.4698543387819418,0
-0.7819942561442226,-0.3359547513842443,0
0.24345138744263403,-0.7038438886296259,0
-0.6263780238601383,-0.7098128357809007,0
-0.7083461165424674,0.7146857767932233,1
-0.7923541018782466,0.38237707566437273,0
-0.8654737232947164,-0.21533277220972818,0
-0.5029847904972404,0.32802607103275305,0
-0.2549108348157768,-0.25776825933581077,0
-0.3010673900687914,0.8419324324945427,0
0.6691963713509591,-2.811382253499837,0
-0.4928674304344378,0.43474752908537817,0
-0.5400664591734715,-0.383520212335282,0
-0.12363028692300403,0.6119464918325793,1
1.9017368740828535,0.4607625011658329,0
0.628736035740423,-1.196405795852311,0
-0.6298244013435398,0.16807123297104,0
-0.3958831009731569,-0.05581904933998609,0
0.9092710278062701,2.0528457074860054,1
-0.8639083499514043,-0.6590508371234456,0
3.180396931783827,0.6732572618380901,1
-0.583764602086444,1.2519720737389097,1
-0.3372347371295923,-1.0197199507021961,0
0.9411891407722216,-1.5551433967388055,0
-0.18797689926319455,2.5213275006778537,1
-0.4537406238627881,-0.3261565120843167,0
-0.749863887318685,-0.12933427636509978,0
-0.6045366221400851,-0.37337465553760224,0
-0.5656151176596718,-0.17964138497844157,0
-0.3515817003635022,0.06370302806803362,0
-0.18183499592939914,-1.84971576739611,0
0.0335109044251273,1.6741042351912028,1
-0.0694691239741632,0.1307696277681153,0
-0.5311711961875267,0.20394337824967532,0
-0.8056033072675964,0.6539710621123646,0
1.6205898411764301,1.654476256873167,1
1.0485722205622878,1.1015865619507856,1
-0.002733633251342141,0.6511637253149287,0
0.28993689712143794,-0.63041457097526,0
-0.6496581123261178,0.18513206858875356,0
-0.8751757195786494,-0.6733984435438224,0
0.8622632955726413,-0.28531496874814377,0
-0.828226318593025,1.184185770373249,0
0.05477518715071944,-0.3010292334620934,0
1.5456131882871933,1.6179714648373542,1
-0.6582088238775411,-0.5910112603938,0
0.35759546478310594,0.4179803863416081,1
-0.42601739345627293,1.3852336381459465,1
0.9829441818237667,2.7222637014361384,1
0.6484352922197635,0.42820384637514103,0
-0.6902536304679329,-0.5750446716832064,0
-0.7060083055319751,-0.7803987308834404,1
-0.7514574729902938,-1.0389048496304885,0
-0.6755809308153728,-0.16833304555169523,0
-0.41148695301483196,-0.04168779236634906,0
-0.8373302947338883,-0.32743848028434613,0
-0.6049397554463111,1.415264451504231,1
-0.7424971342198462,1.005573318291651,0
3.479989734412583,0.07945550161788818,0
-0.6882262460484317,0.5328942300649641,0
-0.7522549440815172,0.6994785594947465,1
0.2054166574594655,0.9909010606372721,1
-0.8675600688580657,0.7673357225648897,0
-0.45190957341538684,-0.17800534815454463,0
-0.7176002331304391,1.4012396176315611,1
-0.723563532036793,0.6842839178541683,0
0.9151858532290085,-1.8081857245839297,0
-0.38617915737835706,0.13006459332541134,0
-0.35593194359121094,0.03294942122368611,0
0.31729350615546903,0.750627416365878,1
0.8273224243857875,0.2702538415792696,1
-0.6969471481958824,-0.6952613745300862,0
0.18236603436109858,-0.0760596307617704,0
-0.8712176947958987,-0.07423564030165535,0
-0.8856428295820122,-1.6963820893560557,0
-0.486384466223159,1.156349686324845,1
0.7959288019167131,0.5222790167051765,1
-0.5221659786879684,-0.39503527121542303,0
-0.7741159607293521,-0.07503999339568511,0
-0.7769335900687859,1.1721748613054426,0
-0.7991926456239581,0.16382445880321894,0
-0.6955970276579195,1.2757227626033154,0
-0.5366675160015151,-0.2055900212836813,0
-0.45807070270818845,0.06642372326512624,1
-0.5939559851979146,-0.10505771191752866,0
-0.8307457706672836,0.09546554714890997,0
1.3195209076275165,0.4327396666575315,1
-0.5810421334421164,1.1032442608419832,1
0.3459559355334258,-0.23372259245757457,0
-0.9302838551762952,-1.1562711699305446,0
-0.4564131036916338,-0.22566100071404135,0
0.585473698892851,0.27405104890058896,1
-0.817852319080499,0.19667357151485163,0
0.4782431347082421,0.06992366912169415,0
-0.9920797152199933,-1.2330776331296553,0
-0.8265125246596885,-1.0318289709818669,0
-0.44575245147903303,0.5257522674838587,0
-0.4571817867703794,-0.08736379462286445,0
-0.4740829434839804,-0.3157901121848051,0
0.5192210071138053,-0.09987206270388227,0
-1.163406018722387,-2.1600587698278186,0
-0.8219414878246282,-0.23070343092003368,0
1.2703285063066068,-0.45166507029806074,0
-0.2525890882876391,0.22724863581352234,0
-0.7196352333640715,1.030680587731923,1
0.2538619226045752,0.21760121905701302,0
-0.7320028744791262,0.6987198076359714,0
0.8867911272370926,-0.3288345235830803,0
-0.11221910952934915,-0.9254680815851875,0
2.6665369161355166,-0.499716546571641,0
-0.27298082835424675,-0.5157459535313311,0
0.5277612648711506,1.4799217055336347,1
0.009194943492891995,0.30610120825627096,0
-0.8398144609911684,-0.029982650114008365,0
-0.8706286859528529,-0.008307377665551733,0
3.2794876971010343,-0.7585950446510215,0
0.6661829656752705,-0.062054646537057036,0
3.808735298225374,-0.23186398890305254,0
0.11828824970382486,0.2610519751032502,0
0.4139920155831219,1.842863664086102,1
-0.8439306710182422,0.01742188512523961,0
0.4621547678001709,0.38245495158294746,0
2.1594754593378385,-0.4596928308619069,0
-0.8295247317306331,0.05989097004646324,0
-0.5281244708177764,-0.27415259570530465,0
-0.11049958758723938,-0.42947593682772217,0
-0.8772041028111722,4.190153271651225,1
5.221086619370536,3.4528296065603516,1
1.0080952305079733,0.20160368183313224,0
-0.619743150433212,2.1177952660151105,1
0.963290595551094,-0.48904713231219105,0
-0.3552015483989288,-0.3495627910169419,0
-0.4232751187898162,0.4126190030631277,1
-0.4830484271887289,0.6750958557026572,0
2.418738192425193,-0.350614933907563,0
-0.867080262133855,-0.5862497053491122,0
0.1326740189286924,-0.13185547078526422,0
-0.012810737252906431,0.700038542993388,0
-0.46517092188962916,-0.14692476351603315,0
-0.8398828435567905,0.5859748388590288,1
1.1749825431056395,-0.2203589848510003,1
-0.3948663035790524,-0.5344344576894239,0
-0.19874331987280158,-0.2105585782520053,0
-0.28934828592655587,-1.3313054071468846,0
-0.7611959515495624,0.46792296238713077,1
-0.22468350252069716,0.41666688116339634,0
1.7752639035576947,0.05553419758098692,0
-0.9089813505294773,0.056983432112931796,0
-0.4119136340947919,1.6918654382630236,1
-0.007160450807802419,-0.03498424041040514,0
-0.7562954960798463,-0.07875206415366877,0
-0.7194279219087248,0.6232651874155343,1
-0.07177262915514153,-0.9972911575068808,0
0.3279412151271234,0.425095998999445,0
1.6139798984576061,-0.42787874002540244,0
-0.5223476490531405,1.488455755466618,0
-0.7194414087584041,-0.09112982821662047,0
1.2957387228572694,-0.00811580125682983,1
0.25908818412225665,1.9115334441543976,1
-0.6246655014367231,0.8292294211373209,1
2.52815243319634,0.3282948072884104,1
-0.026863575149937917,1.1288795838458696,1
0.5696201245197451,-0.8984630572487686,0
-0.5811185226799506,-1.0175895737523157,0
-0.5861560526224465,-0.03116421297132295,0
-0.7158385632064385,-0.14532761690376436,0
-0.5723671339482174,1.264128474992627,1
-0.7079153411119278,-0.03325046316705797,1
-0.8790434708720753,0.9598022212379523,0
3.5533727134070148,-0.03388438799777275,1
0.2478605837104955,-1.3504723635368687,1
0.16182558147119588,0.7724507870571024,1
-0.47019244774956453,0.5048369610395606,0
-0.8129641392356032,-0.6605558549595476,0
-0.9064417066155595,0.8777724197055579,1
-0.1762842091160153,0.7547484932366928,0
-0.4684020142350015,0.6001935062574423,0
-0.8744188399322818,-0.950379468452896,0
1.0362508323497663,-2.124956855965975,0
-0.6224974590766806,0.3015942499691716,0
0.23022005773719154,-0.22032421898696244,1
-0.16480733138059292,-0.5985259458357275,0
-0.8036785632569771,-0.19614336518564404,0
-0.500770791923541,0.2830702655883336,0
1.0512749543915632,0.42320533166515595,1
-0.014948148439687498,-0.28613563492813837,0
0.7996394387683503,-0.35184515415846335,0
-0.8740409245777786,-0.10550466764231364,0
-0.9975933831375465,-0.6727371042602152,1
0.9014956875971613,-0.3614139015427598,0
-0.8380929166473325,0.053701018232394836,0
-0.7490964489998235,0.2171182947091249,0
-0.2332047674883487,0.1790401296720025,0
0.01598444972811907,-0.971526867660187,0
0.39566667436035313,0.2738076793658288,1
9.239385164076321,-1.1010983998599102,0
-0.04215859983312724,0.23980855111114355,0
1.5459258509633151,-0.3944643424906402,0
1.5886362333174893,-0.3872878253794083,0
-0.8544045467014172,-0.18197549878269792,0
0.7928130268275294,-0.2534866805172282,0
0.574226341578228,-0.5919114094798332,0
0.6307037672562238,3.64606960110651,1
-0.6745762766007373,-0.12792075116848248,0
-0.8147019460823424,0.32623210866858604,1
-0.5623293067575359,-0.1365245544498403,0
-0.2794844325025024,0.21272100181752052,0
0.8429856210065174,0.05284619029665037,0
1.5659172117246412,-0.29683096330524833,0
0.49469375504888413,-0.014613317926314106,0
0.8726902111736381,0.45255067791323794,1
-0.34244437025670166,1.4507290965453385,1
-0.5921209823850486,-0.5856948062267133,0
0.9831400367038371,-0.4202937690025279,0
-0.6387457466293783,-0.9797454086754599,0
-0.5007096699862874,0.20838865464488598,0
-0.7376642057581903,-0.503165415868091,0
-0.9138156848264751,2.0492367268670626,1
-0.9846546642478033,-0.052659955418090064,1
3.67451366235748,-0.18818579876851643,0
-1.148212195812136,-0.5938023900595739,1
-0.10706503310274922,0.5562408632254111,0
2.00971236754156,-0.059832608807696266,0
2.8275775255209457,-0.15290684154193016,0
5.368984029949121,-0.18098865090408822,0
3.8332056462652186,-0.7616218282693049,0
0.8263516824367954,-0.14175518978458174,0
-0.8702562543045301,-0.4332820391099886,0
0.7081686147105485,-0.1546331231277243,0
-0.31175289686201757,0.23074562743562912,0
2.893516159017495,-0.07321569712144979,1
-0.8707563228168899,0.25990271943857896,0
-0.06314385354012488,0.8765299453846349,0
-0.6884400527029807,-1.0795714871886428,0
1.6240703668018053,0.27882395933160187,0
-0.7310814992586618,-0.19146762835826336,0
-0.14777170148332874,0.04400413207294858,0
4.45409865744723,-0.6495784739487858,0
0.45486106454774844,0.5450801350913071,0
-0.37571079427351783,-0.05973904421174475,0
0.4402665937844475,-0.023064017070088226,0
-0.8207255033000236,-0.5259780861241037,0
-1.1966345327134096,-3.2677006596818456,0
0.44666966526238416,-0.228752148786731,0
0.5757952002213165,0.11709209769223952,0
-0.7284037833737289,-0.18604212027337316,0
0.9743986048122625,-0.9709540021163446,0
-0.20437988098687976,1.3949276067759673,1
-0.8846224550077828,1.8678764801831953,1
-0.44147006021948954,-0.8712267855916276,0
0.45885525845842395,-0.4211939630486364,0
4.776377226690032,-0.03453984116730029,0
-0.5341330011097966,-0.23429807503802255,0
-0.8153781746943226,0.0800835956146968,0
-0.6073936693348038,-0.19083524630119264,0
-0.8431924149225015,0.4291492730633452,1
-0.20517606978479447,0.15900404914073718,0
-0.8705187913359881,0.5211512061549539,1
-0.9295449091060966,-0.4993829192440804,1
-0.6515769659919968,-0.29242973991567933,0
0.35549300269972034,0.3905617529351874,1
-0.4849921410426923,-0.5891608204513166,0
0.13198770924681277,2.06722780298522,1
-0.8442457364473038,0.11930918274081863,1
-0.3879215164316921,-0.04683480741376641,0
-0.6277268737290108,1.9509204665667286,1
-0.2880138615289074,1.7017606255992044,1
-0.7815861258435929,0.09314436506942658,0
-0.7055711242928305,-0.19469733793070218,0
-0.9618822947268093,-1.0335762116027514,0
-0.7958581579465663,1.1825364395903057,1
-0.7904577807853405,0.7463865079561234,0
-0.2861572285734035,0.45795764381171494,0
-0.28885530764643524,1.5011812549731536,1
-0.8152018868355396,0.4360476265052831,1
-0.5359011478739291,-0.12276039011821412,0
1.5148574716760153,0.2783511123176004,1
2.198993366110056,0.30038928884444593,1
-0.6441894293246565,0.13186278114018504,0
-0.9712951719413779,-3.5036729807428713,0
-0.5220165903152676,0.4336354137868265,1
-0.29516447916743704,0.6377108629819577,0
1.7684885036383629,-0.27586024046068847,0
0.2691449612586471,0.3113380804471437,0
-1.2329109177653854,-2.0714379472215527,0
2.6443142590801285,-0.53993373829208,0
4.207701226624229,0.653155248089749,1
4.145778686241898,-0.37716337534298106,0
1.1289869727251407,0.5343408679080307,1
-0.47733403901889987,-0.7262383541387659,0
-0.7063708624738878,-0.17847104649584689,0
-0.3102382406757551,-0.17177604994512827,0
0.13921416350566646,-0.3472559021071935,0
0.01789185948876673,0.027487379074648443,0
-0.9719206380171028,0.33057187128396426,0
-0.7577872831466548,0.6002762518884491,0
3.3449030495343925,-1.0136076709227444,0
-0.1505067973539869,0.15272051307016143,0
-0.07835302028343935,1.0887589475158361,1
0.573115308436978,0.9118443670852453,1
-0.8184013900211274,-0.09498276615060107,0
0.8251188380622299,0.17333710413207895,1
-0.31510312752351644,0.40976789621083687,1
-0.4528645147457186,0.6972970821728727,0
-0.10825209069949603,0.06190054572656585,0
-0.818021646463974,1.0350288047835383,0
0.3334498914804161,0.016086078603521747,0
0.7239024252178469,-0.9406557837888078,0
-0.8074613003895397,-0.6308671357822089,0
-0.3587234193654142,0.33815507437955117,0
-0.2616678977082901,0.027128927332856018,0
-0.5753398906802542,0.7777564693387106,0
1.215093764602694,0.12106009377707874,1
-0.5418935268590215,2.2979129817764634,1
-0.19407481581681438,1.3321287673378823,0
3.5076874697516414,-1.2656284009153045,1
-0.3869437716039812,0.47079774406709407,1
-0.6402063135138768,-0.49832956404897744,0
-0.584835597297465,0.47419661188661927,0
12.604267028496471,-0.8717136847372732,0
-0.8055862945175332,0.4701987279557091,0
-0.23679155738951335,-0.18289191459184143,0
-0.4071845531529399,-0.21130388955277318,0
-0.8091901078529894,0.00830112264586086,0
-0.3136391753668717,-1.2079089597379546,0
-0.2985380698802754,-0.2743007370581947,0
-0.815962381360125,0.4131701488792517,0
-0.5001506364431467,1.4526245358523548,0
5.512465107935692,1.003188024696589,1
-0.7902182471254741,-0.055569634366832016,0
0.33076350539518506,0.6108444717870314,1
4.418367129540531,-0.14824554042031837,1
-0.12637036731480103,-0.18089624933450899,0
-0.7341344226968551,0.5410474249082737,0
1.677965628675925,-0.13854436643329976,0
-0.7125089903759791,0.30097179452077066,0
1.6615388423875437,-0.0520848872294286,1
-0.23906474787443616,-0.9871379999899432,0
1.0482850521266882,0.17310207818201886,1
0.17564056551634538,0.04792635786238,0
0.6877119766850769,0.7643505749193037,0
-0.8153257475370063,0.305697901199016,0
-0.6185931006115831,-0.18180517732439422,0
-0.8667585109327058,-1.2811078587380857,1
-0.05744643286785644,0.09159335641922836,1
-0.744900575743998,-0.8472140036184224,0
0.1850192125409485,-0.6320868379326657,0
-0.500039512562251,-0.02690759138188552,0
-0.2756615609328669,-0.9101865645552273,0
-0.5432544507865562,-1.741073395238374,0
-0.7557544228874996,-1.4887274237570012,0
-0.5470842272827627,-0.03324139195623609,0
-0.8650524257207237,0.014958494649377511,0
-0.7027299279802035,1.152631982997988,0
-0.8105880426295099,0.5350361319180286,1
-0.3466610952586561,-0.268253958353096,0
-0.4449347150880965,1.4567820635497397,1
-0.5821451262110142,-1.187736994490297,0
-0.35598653711948813,-0.029991510722443604,1
-0.6390128218808964,-1.409987276854463,0
-0.8139722017105546,0.07500502940524471,0
-0.6136050917216155,1.2352143045453325,1
1.6178676797956504,-1.8129079597141962,0
0.2622674859487105,0.35512794811659676,0
0.3453742545733868,-0.27876790303746507,0
-0.3171734593698583,-0.37745301243306245,0
-0.514998154564282,-0.27201742663209505,0
-0.8584519428061094,0.6769729197729172,0
-0.5091903145126665,-0.2590495530998608,0
0.06595954041154296,-0.24294753329121208,0
-0.8923152990986912,0.20435516020055622,1
-0.11286673097807422,0.7559856678334407,1
-0.5813818907065814,0.0038340184907612145,0
-0.06742989361107238,-0.4595676251271216,0
-0.7741350371001815,-0.7131707257344485,0
-0.6535163734605574,-0.399158964770064,0
-0.5360720049205104,-0.4246438965723583,1
-0.8377788986850372,-1.1380184354238707,0
0.02398263262348342,-0.2810747832322324,0
-0.48073877895432243,0.4907892375283106,0
0.4982597726958715,2.4370396073791523,1
-0.7533850187667178,-0.33210018089832205,0
-0.8556471862443416,-0.37965301588179023,0
-0.7161504715872458,-1.6336516912172905,0
-0.5545992216281319,1.2967018690522005,1
-0.5824058107545965,0.010595719806833569,0
-0.30713235353591606,0.017479808703580842,0
-0.9625253704845876,-0.10256630558760849,0
-0.6915775955121353,-1.0406615848909442,0
-0.20334476735026968,0.3902034865298779,1
1.6698997249238932,-0.925349249856741,1
-0.38949135305634497,-0.2088096151908353,0
0.1912529978365238,2.060608994965195,1
-0.8069793108805191,0.0264742364957368,0
0.605113180221917,-0.2456418128444684,0
0.3716125402128997,0.6856587559376456,0
-0.778119210335604,-0.8226642589001059,0
1.4780797198338427,0.8676744945847582,1
-0.6968430959912805,0.04088243130370604,0
-0.8140075869123693,-0.13996598795378454,0
-0.40085847731460095,-0.2709405138626161,0
1.343155429965149,-0.06501147761392613,1
0.5352262075845023,0.3913156241663087,1
-0.7767971054213979,0.007074051233090021,0
-0.09352519617345982,-0.05922416857618115,0
1.3732836840344314,-0.2649891051685114,0
-0.4407688623419356,-0.07024001926382042,0
-0.4735673362438212,-0.6855922416359933,0
0.10436263722159254,-0.03418696957981972,0
-0.4682462396937198,-0.2947348302125868,0
-0.39121549357393565,1.6929451343855961,0
-0.6189479021130972,0.6469519746464355,0
-0.8271437745794462,-2.5568269426128047,0
-0.4926187120821578,-0.24653226520561383,0
-0.852980770119385,0.582724809394632,0
-0.6401634398440572,0.19237496185373637,1
-0.6813417837759567,-0.35317000142986965,0
1.7384727010001395,-0.22288063508165834,0
-0.5089891326735401,0.2182533160693629,0
0.6264213417906935,0.20261646315366663,1
0.5720441065540177,-0.0923863565180318,0
-0.24792267946740446,-0.005048706837612373,0
-0.6236884746889665,-0.8849687973452858,0
-0.8966495465835773,-0.7533818568324927,0
-0.43444498092493583,1.1281832204497184,1
-0.8234690789713496,1.6856187351133107,1
-0.465020785794543,0.5140364439006074,1
-0.301937147195669,0.37993666958497546,1
-0.6860244706938219,-0.36610009163535473,0
1.6462358021256889,0.1798296720603923,0
-0.7856865714185279,0.3375892362098944,0
0.025913936908064854,-0.6951364658146856,0
-0.6484808385711047,0.29817675528471416,0
0.09314208404377197,2.9866950956405205,1
-0.8094514778640199,1.1907048002181388,1
-0.6004275600727934,1.11185784721919,1
1.4799908052452708,-0.10773091415319404,0
-0.6454456951315563,-0.1580382837970658,0
-0.26328640145942833,0.35131956450141466,0
0.616171029024388,0.23334789811678958,0
-1.0610425681751119,-1.5209311102167764,1
0.6547097064268521,0.35303194161262363,0
-0.7789279662370772,-1.7681445625504764,0
-0.13129961285525726,-0.5974693439259107,0
-0.8632530772273095,-0.8858387393114077,0
-0.36662198731948714,1.1605092906312515,1
-0.8322187071255797,0.386675622760322,0
-0.7162616261327728,0.02204250366858585,0
-0.24703822262884353,0.7065509694434597,1
-0.6708985493560574,0.8512898333265094,1
1.7815693965878014,0.8349191710700388,0
-0.22536111834910222,2.4626685849425067,0
-0.1626643777179032,-0.8437311377511162,0
-0.5172025746949772,1.0912972398357117,1
-0.8024756529268472,-0.2804271630223893,0
-0.18795853371641533,2.182292173712009,1
0.21850578288234027,0.7829743377962307,1
-0.7580238676948121,-0.19398712369356852,0
-0.6046869996636002,-0.0845729622305545,0
-0.7340936609603477,-1.5614347048135433,0
1.289693706460526,-0.03758286017676849,0
-0.3848807293528821,-0.3510596808981015,0
1.3449090522066007,-1.2839479122425665,0
-0.5336637236742455,-0.3800334064167826,0
-0.8133678587751566,0.8467372595523215,1
-0.8614245024607853,-2.2162438511586884,0
0.0421070438435263,0.8866118234303973,1
-0.4044722677873955,-2.527861441863925,0
-0.24583639638463417,0.08460113645889904,0
1.4554319618121419,0.40297981763511403,0
2.7542349512434168,-0.5685124198927876,0
0.35699550907306316,-0.26792488785454127,0
-0.34168781219491295,0.14164893091074554,0
0.21567580951909449,0.14018693685279596,0
0.40979181401107195,0.02181534236022135,0
-0.8496522447484308,0.32189223633357905,1
-0.8145828258910424,0.453642958436233,0
-0.8302918588573008,-0.8667409063178448,0
-1.0168835229542463,-0.8748812513591504,0
3.0581664802390867,-0.18717085765162259,0
2.4821974685593675,0.061284672779041885,0
-0.9332525061641679,-0.5166409336968276,0
-0.39736482549662294,0.2115829726546441,0
0.5984899579092775,-0.860727147452652,0
1.4641028119090143,1.2192912471983128,1
-0.5342254391512088,0.42451288352998745,1
5.813358617865189,0.2569041269273062,1
-0.7823441350144437,0.9994641349892419,0
-0.20415798552035372,1.00433664089182,1
1.1502859043577245,-0.3344846988123447,0
2.521943717578656,-0.19480315766613088,0
-0.4129171708721931,-0.552625503703404,0
-0.7583275374042836,-1.1372614189211872,0
-0.7595713426551738,1.027253086157396,1
-0.8836844018359914,0.9127171483298416,1
-0.6426428645918817,-0.9856054032397947,0
0.9572716840812767,0.47605983302715377,1
1.6481699231723428,0.18542045360308848,1
-0.8874748768798862,-2.8358124105127316,0
0.31529384454325465,-0.7964338585992654,0
0.3822247132221526,0.8903163778485306,1
-0.7863064630897724,-0.22017662094932808,0
-0.6698242502133003,0.46900107221932746,0
-0.49368791738164736,0.2617577211844577,0
-0.45267377623168703,-0.9544338383185303,1
-0.3333304697103953,-0.8222634184871829,0
-0.7851635600078984,0.4999846907265477,0
-0.7207519297931902,0.0696840393280586,0
2.7134818015688973,-0.43235408194004693,0
-0.5374624986285262,-1.2646934712584736,0
-0.83288852994371,-0.7066053763941011,0
0.6447473457056271,0.09697617814653746,0
0.520604417663903,-0.40300457598007433,0
-0.5895414483998958,-0.29942770614811165,0
-0.6246398964606845,-0.3513959629215733,0
-0.6265473591270244,0.08151478610158931,0
1.2278022516705103,-0.4550237593422829,0
-0.7252395992680131,0.10834951122994181,0
-0.516801488516477,0.25220588766874463,0
-0.7747324205045966,-1.0412009018891097,0
-0.7884420825509086,-0.5843972515461829,0
0.8541151125790399,-0.04687386939576677,0
-0.8064022090600134,-0.2215734280788572,0
-0.8842254496993652,-1.3601945223403933,0
-0.809164341838454,0.07521137162075761,1
1.597663068413393,-0.382531706048103,1
0.656731982502235,-0.5747920427899165,1
-0.12011405221905883,-1.2697194849118445,0
-0.6989193797290189,-0.018195857132381112,0
-0.7125297745415607,0.72819492031024,1
0.3214030581001814,-0.1683092787814108,0
0.11988980383817573,-0.12274012509519923,0
0.32959212219882833,-0.013225666773906655,0
-0.8615943475556849,0.17347164432809553,0
-0.5838980139479544,0.04525639639421319,0
-0.36117565251444017,-0.37197721304310305,0
-0.8686603628753319,-0.6086281105907863,0
0.0015300562721610174,-0.43994508727974807,0
-0.7905591611117141,1.0379642554678654,1
0.1016832726958257,-0.21271508630860306,0
-0.7966889575887508,-0.36039286498855966,0
-0.41453587965430094,0.2562009658556429,0
1.324201282603173,0.38599024033493806,0
2.3274993446425336,-0.27650054194408646,0
1.5781375619831286,0.5447452513847076,1
0.5267640056904878,-0.46501419158516377,0
-0.6421771343395016,1.36234383062956,1
-0.4406667748094651,0.46867941633650356,0
-0.7895132083908339,-0.6644943349281635,0
1.5566332985650368,-1.3382042753324732,0
-1.5260671232329008,-4.5362264116404685,0
0.3025089441669546,-0.0271259377918241,0
-1.2051331762596686,-5.698837448025311,0
-0.6858949599304818,1.821269126019449,1
1.348734505931813,0.33609340375403335,1
-0.8406392005096506,0.053435271078555655,0
-0.8179592211929885,-0.25390649755753986,1
-0.7220932726589294,-0.2535001544305757,0
0.0375371558030586,-0.060490114145901476,0
-0.4545380857424617,-0.30574231020645276,0
-0.8305278977226228,-0.17714190270880198,0
-0.03322910331328702,-0.02221396706275091,0
-0.8227664743620043,-0.3162399052919246,0
0.665339670612916,-0.5743439426391349,0
-0.31617463198287005,-0.5684642584770864,0
2.1674952135185013,-0.3448099077027018,0
-0.644741291116038,0.5612271191557924,1
-0.7102960060331481,-0.44248701643024424,0
-0.6524226114822107,0.9849831614978897,0
-0.6566206768937932,0.6839493481995187,1
-0.7587476890262649,-0.06222071607922557,0
0.22048578832664364,-0.4167925567809898,0
-0.4941078490508477,0.22539940619809906,0
0.9369944216355115,0.07693088739221249,0
1.1375206119767671,-0.16694919900256708,1
0.15157244130939213,-0.28178158049051993,0
-0.4757906949992024,0.5633498067459982,0
-0.7426327095954145,-0.21710633783863548,0
-0.44632048239656286,1.2990197443207316,1
-1.0049333974680632,-2.782616336403729,0
-0.7980612764664511,-0.4883096583982131,0
-0.8454579415247975,0.6430527615830999,1
-0.2201528687635807,-0.3070214097483376,0
-0.24859404994476342,1.830191249880235,0
-0.8037486465119498,0.7495780454616359,0
-0.8358376221356547,0.61622483985061,0
-0.7241560196968039,-1.2880498945481988,0
-0.7285994438482315,-0.15747687723508416,0
0.8319999711312694,-0.4781354851929044,0
-0.9863079426699267,-0.9585952614097347,0
0.7386294068669523,0.14307361319496167,0
0.09431482494093023,-0.16602010816102758,0
-0.2950147321968047,0.9138590066233607,1
-0.8419434767662541,-0.017075061386843303,0
-0.5263459047943536,0.7385027809596737,0
-0.5259800187411745,0.3452988963655592,0
0.660051074212649,-0.022773132349480134,0
1.7052947026761198,-1.80592097088057,0
-0.42471662413562,0.5520058055004183,1
-0.5230686554453856,1.270422419866436,1
2.3406358984407953,0.8015139597514473,1
0.1175127375654816,0.22591982198734967,0
-1.0261078688178025,-1.1466043959927499,0
-0.10883081569814491,1.0070340886204772,1
-0.9116838454906544,-0.6100357911921463,0
-0.7270476573858271,0.9010186306499569,0
-0.4326873413315269,-0.04195091942769042,0
-0.7691774612188896,-0.0012889291046245146,0
-0.7882647485898239,0.907604504340652,0
0.7412731871456697,-0.028348704439392303,0
-0.7897508709640423,-0.2565450626148116,0
-0.15131548095822892,-0.6951307285076438,0
1.157189354052862,-1.6389954435303251,0
-0.3498747697749511,0.1542854001898431,0
-0.9103901671567447,-0.16068587657544625,0
-0.07899545983373542,0.1458748163197657,0
-0.9560640466021186,-0.2685987939445058,0
2.604869923476163,-0.7741289612707375,0
-0.1824812373649892,-0.21282711417218617,0
0.02973872839081255,-0.35715161346724245,0
2.483992362789771,-0.3857520800453488,0
-0.502570475623774,0.05214983554346452,0
-0.2868094229864453,-0.49789417336244624,0
-0.9245664718808259,-0.4124373184991735,0
-0.41282854666611885,0.6139159959181206,0
-0.4180162075854499,-0.3308767586181743,0
-0.7995870567740387,-0.20786819745566898,1
-0.8433847453819733,-0.3303309706356328,0
-0.8775250617641048,-1.040379256231366,0
0.9131288117759344,0.2962286461614016,0
0.25980253628385264,-0.04626840108373851,0
-0.7957797415149783,-0.1787719803633706,0
-0.261018775759317,-0.35593180849922623,0
-0.41064062326030376,0.22610064476460015,0
-0.07707355677633167,0.4501345021814509,0
-0.7128137446488357,-1.3115494958586917,0
-0.11308606503097166,0.00818150340311152,0
-0.06930588693200884,-1.207241676775115,0
-0.673911823871327,-0.5007159647558019,0
-0.8929017948842763,1.0710654289245944,1
2.5731659174528696,-0.023624381999044326,0
-0.7969121481092363,0.7532255007923133,1
-0.8632970480198433,-0.15270120004343538,0
-0.1588765180669645,-0.13907425983111157,0
-0.9726382915076148,-2.6310313358129536,0
-0.342005721112259,-1.0506299661486131,0
1.0764705911118235,-0.011599581873064986,0
-0.2702900629430186,-0.2917917676106444,0
-1.0246038315673804,-0.7246359668755196,0
-0.3638741422012813,-0.10098067743187063,0
-0.8708074269143576,0.3548807244934319,0
-0.17882393364381208,0.43314109547531054,0
-0.4835835266931156,-0.40724449607618535,0
-0.7015739188443177,0.6092800972863232,0
2.4745321280358157,-0.595028587060674,0
0.2876737561728895,-0.5679275022492861,0
-0.4030664349388618,0.5107662265764908,0
-0.6632933916089537,-0.14382135416401692,0
-0.8474534552498744,0.014978845479591916,0
-0.4627651713834152,-1.102935232144913,0
-0.8412658626509923,0.6292981299773082,0
-0.18942492179234893,0.9358877076338852,1
-0.6800870741068822,0.03801424237262049,0
0.020429365330627548,0.4780543402259858,1
-0.5916090385343326,-0.5387966001596476,0
-0.8217001783872676,-0.11496434588056881,0
-0.7870981851062869,-0.5273222072937628,0
-0.8904468461776999,-0.5395364717292177,0
-0.7751671417085969,-0.4836016416495645,0
-0.6411613527871447,0.3526641008875839,1
-0.4695811620970922,0.0024914558554678117,0
-0.5954359184971665,1.5257061568052468,0
-0.795616741195846,0.08025550005523284,0
-0.8953272735100002,-0.02536284076432334,0
-0.37739712553988963,0.41698715020112176,0
0.4688204578028041,-0.32622725725201707,0
-0.8072762163310889,-1.1129653811084868,0
-0.9225783415892875,-2.3081857176732075,0
-0.8399364441076246,-0.36410438811046403,0
0.5714191385376144,-0.4538754138725096,0
0.4584205043290143,0.03593006615987262,0
-0.8079743322406701,0.4071816641873815,0
-0.21811483764427844,2.5945884040381744,1
-0.7189326273551752,-0.46215158772895143,0
-0.82096198412569,-0.22162653932542614,0
-0.6261107177011381,0.13396465799706592,0
-0.6929696074325158,-0.2814806426069366,0
-0.8746605216449439,-0.15222285964201102,0
-0.6907817403929086,-0.49068266469538663,0
-0.766669607377431,-0.4650390082626307,0
0.12119603336585727,0.33701543554871904,0
-0.7741340540343076,-0.09425163211152975,0
-0.35070672230472577,-0.29160600745837645,0
0.16899523730016844,0.2977474399344629,0
0.3566414797473213,0.26050504571691513,1
-0.17908285495988077,0.6375172099729705,0
-0.07433111149701324,-0.8727482185447333,0
-0.4823377313828901,-1.2684827792571682,0
-0.8076534188607734,-0.23206909817496504,0
-0.773520858027778,-0.640987187246137,0
-0.8600030811534751,-0.9091920210002714,0
-0.761905179233251,-0.27169409478718415,0
-0.0020823335841532883,-4.220447407663829,0
-0.5557136029845593,-1.2123909731534783,0
1.4047501993498566,-0.8981347228849907,0
-0.2072695302718776,1.8967870992658673,1
-0.8293122260030569,-0.3282398922330243,0
-0.7620500021976093,-0.35600658535772783,0
-0.5305991946585922,-0.04872901720969551,0
-0.8011276659614247,0.5226394929324243,0
-0.6782865443000919,-0.6640671489219144,0
0.11285305271391129,-0.22629269484291037,0
-0.043338487649701427,0.17332390275164794,0
0.5921628154310414,-1.1443034985797407,0
-0.18472499552322835,0.022859404428373947,0
-0.7919707214116637,0.03155599923150419,0
-0.6782546370883823,-0.10857074592867048,0
3.833549132498858,-0.24007848856899186,1
-0.8081605959659839,-0.63159398632794,0
1.0907691857945954,-0.39534067343090956,0
-0.7719908394007143,-0.04218157218527822,0
1.6204868210104104,0.316839179616282,0
-0.8382884729692206,-0.08379901266405612,0
-0.7253000718059229,-1.372971116028586,0
-0.5828000813211546,0.08983917158027933,0
-0.7381573922122407,0.29149696150937227,0
-0.4330115377889993,0.9916660735781175,0
-0.3256327942721088,0.2109517046739058,0
-0.4787809018969688,-0.13119672074750804,0
-0.7168856471537636,0.5341896362947656,0
1.0902057811028187,-0.3757953945615088,0
0.5754973386791045,-2.0465884669577794,0
-0.10018244497594603,-0.15400995831838743,0
-0.7929257201513027,-0.13509124984877793,0
-0.537739892237954,3.134542662419306,0
0.46709470468671055,2.092837956585369,1
-0.8283245639664795,0.7105563053153103,1
3.441610911617305,-0.22246329452487743,1
-0.5439935395221235,0.9972688464799317,0
0.1552835923070287,-2.575108451588701,0
-0.8888754457191816,1.2817223010946799,1
0.34931603142428674,0.3338654034636771,1
-0.8611746919010455,0.04609580450690919,0
-0.6125501472498617,0.9304253876850349,0
-0.713901313503907,1.9662336583807694,1
-0.5998185444509526,-0.3892505563715938,0
-0.8457203009475804,-0.05958004081647928,0
3.29174815042682,-0.7508130228825498,0
-0.8497302043452705,-0.5036253253090665,0
-0.3965152148257396,-0.8139097528364198,0
-1.0888006090877305,-3.55306965260375,0
-0.5982462105430227,2.4234640708467885,1
-0.923761218290146,-0.5552372674982364,0
1.5117212726227485,-2.1085218825949705,0
3.223483082714449,0.5856393318945295,1
-0.4351637971513547,-0.19352572541602758,0
-0.38977438282849003,-0.3824342269631085,0
-0.86393502369495,1.0860851326469572,0
-0.8792890282821163,3.195488854834019,1
0.781380533619462,-0.030594448668066595,0
-0.5937535143407963,0.945075037188368,1
2.1658585096766583,1.7567757974431248,1
-0.17513514986962914,-0.2388155789698226,0
-0.5586422507339907,0.1730327385186473,0
-0.18426197634955224,0.2179948410290925,1
-0.4575214900105364,-0.45990516998448544,0
0.3948616791244697,-0.15660228310292074,0
0.002703784643224631,-0.1160823342879549,0
-0.4540154370478112,-0.13580241142607402,0
0.22865129289064232,-0.19661087457559231,0
-0.23290835770228688,0.3024055839975577,0
-0.5359462336459805,0.07596277206667186,0
-0.9333656592742104,-0.31789218931219915,0
4.119722840857265,0.4621285290099378,1
-0.5221729199933351,0.09727528451567632,0
-0.7585083536621484,-0.6139312411607728,0
0.05048237296797856,1.0202113839273221,0
0.5110530507032507,-0.0659731684323833,0
0.26312096669270724,-0.034838119736095005,0
-0.29907908721060483,0.38112043239516463,0
0.4945586917025793,-0.6609493409118619,0
0.3190129584960184,-0.3248775894959106,0
-0.5884737135830723,-0.07493121444746625,1
0.23732909359720242,-0.12204944654744863,0
-0.08247517123440787,0.09520406992957019,0
-0.8703424236083013,-0.12522170971316957,0
3.0311265395781115,0.9125847461803331,1
-0.9111350943304894,-0.38752120645386806,0
-0.692771252854054,-1.5906515951479863,0
-0.7561258463356116,0.08551503611212107,0
-0.765297186627347,0.06364310075244091,0
1.3726818974047614,-0.4996654103311726,0
-0.7585609609691994,-0.056817611607920315,0
-0.9303234935120769,-0.08481629375917145,1
-0.2169047585192921,-0.08292016719348248,0
-0.48997979838652195,-0.22452951362079768,0
-0.3648906880679046,0.22370748596511678,0
-0.17848179989572857,0.3181403680101912,0
-0.24451897316753318,1.07102344160547,1
-0.8346678967630614,1.28543050792317,1
0.42535049608261916,0.4525003499500295,0
1.0563280341327086,0.039868721657308454,0
-0.8218047276942213,1.237876295005021,1
0.21693474058876797,-1.225890609564682,0
-0.46656212501870675,-4.157224079136541,0
-0.7929657437566132,0.8504666093666405,0
0.6169943527741732,2.8581301174280442,1
0.36925091359058654,0.6049348898309025,0
-0.7405097043660902,0.057075471691551444,0
-0.45886890710138384,-0.2795097108219152,0
4.170685625102443,0.24565820049679962,1
0.2411085859087019,1.057990183762602,0
-0.7783327334744763,-0.2167486902097019,1
-0.42011395109969996,0.11408115025340708,0
-0.5251204628559288,0.6499224547806854,0
-0.8147923867627733,-0.0753202112122369,0
0.356909173249068,0.22204074566844526,1
-0.026625813945842097,0.835779647820995,0
0.5533695018945914,-0.499764045018174,0
-0.729704392266166,0.26055762992560577,0
-0.696188954985807,0.5268802828083229,1
0.5324427513092552,-0.15485995684512072,0
0.7152616498371012,-1.1186113002299338,0
-0.6586906406385268,-1.9348330162631422,0
1.0369960419227413,0.5425528257326365,1
0.18084304513953336,-0.028496335655793608,0
-0.7921171588460614,-0.39064882821516894,0
1.021746870051297,0.07955157318079646,0
-0.7449138790093773,0.4105244470638733,0
-0.7567850737507398,0.35950047170839156,0
0.4873340217612759,0.041887617584732945,1
-0.5728128718040303,0.2883080450529157,0
0.8753794593193235,0.8421806946754818,0
-0.46045144202666566,-0.49684253508970677,0
-0.3439273007568206,1.4179521746786317,1
-0.6744620109408918,-0.23964177445928306,0
-0.6428296966377481,0.3643883824029584,0
-0.6404634351640345,0.5615868111298948,0
2.777726663665608,1.8340159418446513,1
-0.7281517848534808,-0.6698837809063747,0
-0.5955181229513906,0.6211068748134534,0
-0.9506456039088914,-0.405988420704817,0
1.55601291268714,-0.6910694900566414,0
-0.44385444482064945,-0.5006461837723551,0
0.9892834571072503,-0.804406859057903,0
-0.7470632792572689,-0.5443843146329321,0
-0.304470542790281,0.5539896300114596,0
-0.8332839174543533,-0.25285854929077844,0
-0.6922948980864208,0.47584463974671315,0
1.3499509189595504,-0.43473242179961197,0
-0.8459297200496295,-0.9237381262800684,0
-0.15306202438364458,0.9523202727626671,0
-0.7115591443163887,-1.6028844155257918,0
2.608977709773707,-0.23291549257241545,0
0.5550468013874296,0.9099037356077131,1
-0.832472455105946,0.3417223869101792,0
0.14198918788546255,-0.13407945116791817,0
-0.9575637533694569,-3.5181317890945505,0
-0.44299668694855276,-0.1444262028280699,0
-0.735345092409739,-0.5629935527022123,0
2.571322451543009,1.4870731057191624,1
-0.7587581799159973,0.9242333157236028,0
-0.5138206815885867,0.0889163465231657,0
-0.9065824595899997,0.10934451489265208,1
-0.14798482680428537,-1.4812246299935068,0
3.4599766386077215,-0.026352536495254607,1
2.058208626798448,-0.8300170978220313,0
-0.45886022309806423,-0.2050987826718432,0
-0.3395750292794521,-0.05467276696808966,0
-0.42668694357208975,-0.8510068343345079,0
1.0709050033445038,-0.5541018774337662,0
-0.538059423743448,0.06255688937069737,0
-0.8415314283688466,-0.5292176822352603,0
-0.7312948387989945,-0.2762956792239759,0
-0.5627997826208757,-0.7820612558349616,0
-0.22371648778963135,-0.31151369238973414,0
-0.8788411855147626,0.38416090071300596,0
-0.7393371010134113,-0.17408070705381573,0
-0.20990185267773886,-0.2547824473517199,0
-0.5636782600933776,1.2620177813294495,1
2.288334191004162,-0.06738425432144224,0
0.33491625966405747,0.15814033986602907,0
-0.058091073626792375,0.0038847152984191956,0
-0.7222531880349419,-0.14712723332816893,0
-0.5110781308944264,-0.06319044198551457,0
0.09162085821240469,-1.1663677835013035,0
8.442608523219729,0.23585301552616714,1
-0.3707259075600278,-0.5130314152096683,0
-0.5532875864043758,-0.11745682986350268,0
-0.8996950778226536,3.0246498116741507,1
1.2286861047169688,0.3890228336813203,0
-0.030685018169752977,0.5615198245076087,0
-0.5761952824474713,-0.23764030764541105,0
0.09991533508375214,0.6427141722554867,1
0.8202142502201938,0.5942030769505353,0
-0.1718595079155785,-0.1394000242249247,0
-0.6864890041854053,0.7175302672530152,1
-0.3321152055186134,1.842526915216583,1
1.656291318853763,-0.7604054268528494,0
0.04322892704520319,0.5740367289585708,0
-0.6455725415542675,-0.004468469918614549,0
0.4620235472176165,0.6093088976243822,1
-0.27195713289693735,-0.9182887336898424,0
-0.11220915992304151,0.1724262054535617,0
-0.6262414570869643,-2.7864281093364727,0
0.8350365783648941,0.816160961081192,1
-0.5620698316729114,0.016529048937564333,0
1.4563264932796016,1.0631727066234637,1
-0.1289917226171383,0.08214572276206611,0
0.9034748819604669,-0.2848834429852206,0
-0.8306502925761017,1.4436513960751043,1
0.12835201697128537,0.31092355125024435,0
0.4187454973236984,-0.12412136079779888,0
-0.9214349095058019,0.09944751898032224,1
1.2646609720757271,-0.7342965374078169,0
-0.5533674167439461,0.07570876123760252,0
-0.8488962959451,0.5610907669463017,0
0.1619493193284522,-0.4866763515855,0
0.14165949603768196,1.0709650630727754,0
0.3633360397351455,0.027308404948219015,1
-0.4448096757966098,2.013522541223473,1
1.1434092629313197,-0.4362321778218827,1
-0.25650931651376413,-0.14265510000034962,0
-0.8154600780321506,0.4710519886422243,0
-0.09955737905894148,1.23652799874678,1
-0.6445392918545699,-1.3258253309788,1
1.4953711808641752,-0.23999884414298472,0
-0.5780416378050288,0.9357924383503707,1
0.1250950743150064,-0.5062061890867634,0
-0.9883622524489875,-0.5842707422476152,1
1.455160572354194,-0.6980150769671435,0
-0.636947691413539,0.34565493611263404,0
-0.8544057767051824,0.05920955256678158,0
-0.6419050262863261,-0.27621494767277566,0
-0.6505010039603351,1.8206299828181363,1
-0.8034423378702286,-0.550277055180229,0
2.48527209681213,0.5826760216533649,0
0.046575980481050466,-0.861409794317717,0
-0.5555407067494627,0.7152088559379218,1
-0.449804340676904,0.02039128047393783,0
-0.881219883941254,-2.0088771839966078,0
1.832478404188054,-0.16132514389819985,0
-0.543653399439043,-0.022188164954560247,0
0.747693718308008,-0.21846791632491538,0
-0.25220675073217846,0.6279259426803915,0
0.5286702464838025,0.02515679329005922,0
-0.8066448466355998,1.5632150978770434,1
-0.8750230346951668,0.04394060073013461,0
0.24495377796965878,1.3208677913852513,1
-0.3304591233856509,1.154616287481553,1
1.4972307701153365,0.08182051474713474,0
-0.974392622633757,-0.1279840430964457,0
-0.7686520272910438,0.48842411731252283,0
-0.608431480599291,0.3211458825318269,0
-0.7600018996847361,0.6164416828778253,1
-0.8627309504043665,0.20200312318673078,0
-0.7126491889509264,0.2757600627613235,0
-0.8132432162845287,1.4088322769568045,0
-0.03340277501982186,-0.3722501825507843,0
-0.7795369260754851,-0.3345114924015693,0
-0.6149369369295334,0.41044415931031797,0
1.7688950721865861,0.9193748374303802,0
-0.2677676917348492,-0.785587284454317,0
0.4375724152374143,-0.5696058620518294,0
-0.3517224120441369,0.17408049179112425,0
-0.6582716884889691,-0.08799862805425818,0
-0.19675024900568755,-0.13733941971324787,0
-0.590576771815077,-0.9293573672057394,0
1.6232059968571826,-0.11765063895829955,0
-0.03254055455039423,1.7041726541395077,1
1.3402485104751531,0.6187567797763365,1
-0.9433625263577894,-0.1130300235313475,0
1.2283260749723186,1.2171120453363542,0
-0.7441414306145546,0.14981249203787564,0
-0.06527631899556377,-0.5396549868720062,0
3.0384630106439596,-0.006306975442526959,0
-0.2006036431725599,0.4048864009253725,0
-0.43893616886893694,0.2592955461608629,0
-1.2335349591941607,-3.4551164401916337,1
0.1859886297238946,0.4746745529035981,0
-0.7509625949305434,0.2997380819875972,0
-0.9010433373649697,-0.009384234501359405,1
-0.6310165238199644,0.2167206757600984,0
0.4344105342151467,0.1261176528102784,0
-0.6463038062196353,0.11158477117942336,0
-0.8563197937033938,-0.5420256835001521,0
-0.7561438606244697,1.1388436377391884,0
-0.8449211187761368,-0.9508450340299148,0
2.0119806767298574,-0.346837763229095,0
-1.0040987576894103,-0.2584080631695242,1
-0.324377559209081,0.34621778655649305,0
-0.601375001441891,-2.526508968898994,0
-0.5328243819406483,-0.14499438497554676,0
2.537291609595932,-0.39208691459308537,1
0.8350051522038076,-0.2228054786193315,0
0.09655963214134176,0.6971535287146312,1
0.9618785348213257,0.825085492245079,0
-0.5331638760615275,0.3065824942829819,0
0.828633114578357,-0.7694297617437622,0
-0.5390623361960444,0.17973407993793153,0
-0.6675264101125008,-0.6571109210247688,0
1.1147436236581276,0.8582110995365104,1
-0.899845977028581,0.29440648652360657,0
3.626677213348556,-1.2814970527575535,0
-0.06856903147690399,1.1411702275137081,0
-0.1875294699672544,0.09760592807432367,0
1.3107894436155862,-0.8319987800192775,0
-0.2165756900493413,1.8300357751997578,1
-0.6223598654425552,-3.0442301476097984,0
-0.3997998924158034,0.485064075308283,1
-0.7664441938367447,0.24868014726799761,1
1.2209176658012535,-0.4736423194374633,0
-0.6134997579739356,-0.31480683722480196,0
0.8237201260995585,-0.01603161721359385,0
-0.29893390543813325,-0.6068797127268738,0
-0.44535529321698375,-0.7858007750102238,0
-0.5608058121839721,-0.7415796368706573,0
1.9136867374652557,-0.052363968054352984,0
-0.2560586766884108,-0.12978010888515434,0
-0.6283794093306658,0.09067740649060388,0
-0.9156781527925899,-0.8643977786653229,0
0.26384177605544556,0.28381242568603193,0
-0.773681081186031,-0.22434407484688557,0
-0.8257212218444688,-0.2134068127891997,0
-0.592959685241885,1.016717384139248,0
-0.8290061010129556,-0.30640465197872274,0
1.2952123053678788,1.0334172753565813,0
-0.08684904030561587,-0.9005587119931201,0
-0.09084277576189405,0.5330834130957711,1
-0.7987902964417734,0.054061937893797075,0
0.899444958742138,3.3991773418303595,1
0.1840322248189816,-0.6010171268608645,0
-0.6172663485801482,-0.3403950253242957,0
-0.904780481747432,-2.7494488091632356,1
1.154689183718014,-0.10713208957700332,1
-0.5940013387152656,-0.20081118526935995,0
-0.5204370874269844,0.6735898143238171,1
0.74361287781542,1.0220628611726117,0
-0.34630058865039737,0.22694719932557827,0
-0.9339957851224405,0.5038135348051167,1
-0.5518932697966619,0.7441532315420697,1
-0.017889372758395347,0.2953017473923173,1
-0.3668066401530594,-0.317696936758428,0
4.870574131297468,1.4470083853896918,1
-0.3876627413627204,0.8929501450867607,1
-0.5831678794784739,-0.13203929541151363,0
-0.4559564608917122,0.44394119390799713,1
-0.0905364379581034,-0.6222105106496173,0
-0.8173131539007689,0.6248151086118817,1
2.9470628794210354,-0.8623765883196711,0
-0.5230370862615253,0.1957048929459437,0
-0.3654676431518363,0.25474295172252737,0
1.965132104013475,3.172090529420855,1
-0.8820459500372573,-0.8095117003559806,0
-0.8502413408083347,-0.13909947606189593,0
-0.28629847535767966,-0.1357847700146187,0
-0.7246958684287214,0.6996278901362762,1
0.08004584178673498,-0.24019449987440647,0
-0.6381710471901034,-0.37094373426983657,0
-0.8677132857558691,-0.06764791530825531,0
1.3088355527390425,0.504322666831639,0
-0.8293234736403605,-1.26717584635011,0
-0.36953715346775934,-0.11512590408399934,0
-0.2311496510945513,-0.07076801079703453,0
-0.3499553725315149,-0.9369310051593037,0
5.559860314009252,0.6881661486062326,1
0.30288864148821837,-0.06097806418736973,0
-0.7397177105560808,-0.04783823669657078,0
0.9231950161211702,0.465913470676065,1
0.45711808277555577,0.6088399820140972,0
-1.0570379190291046,0.27582617769072426,1
2.972944632899207,-1.5246503264069209,1
-0.8560514830754935,1.6129859664993802,1
-0.8537590974309935,1.079452087366953,0
-0.750315366137377,-0.3794361440611541,0
-0.1254686830930159,-0.38253224969682026,0
-0.36130712757170286,0.10045800077531283,0
-0.07052507815394639,0.3760937891102037,0
-0.6075930451372674,0.2255393668899561,0
-1.3284470195989913,-2.446422670271661,1
-0.7756255032524599,-0.24820971225875546,0
-0.8453872887609261,0.8374043874362447,0
-0.37603782924944146,-0.5890187991795426,0
-0.8681371343960054,0.4190385360382526,0
0.8801658322455046,0.7315576789989849,1
-0.6327579925882365,1.3345250147253107,0
-0.6812766869232741,-0.7566600667479801,0
-0.601390489227074,-0.3377701348820082,0
0.8294389077620804,1.2573392837280577,1
-0.9238072770370893,0.7270350470802809,1
-0.8013883944759216,-0.2526517696364966,0
5.011036495681209,-0.7630255236527926,0
-0.6232281755416519,-0.353751118698179,0
-0.8827389096397589,-0.3415119335626269,0
-0.7236670839407188,-0.16302828344347034,0
-0.5733057333027781,0.4878546992453855,1
-0.8103137807696047,-0.1616150563907187,0
-0.39524026242631544,-0.07751643203078373,0
-0.8248109901858757,1.678234594945815,1
0.004859721771192929,0.13509069487306816,0
-0.6115866835935146,3.018545119591473,1
-0.18745028800038818,1.5808908208504973,1
-0.3954865810560215,-0.23129250855624517,0
0.09356565208058278,1.249017805407204,1
-0.1792922524576657,0.25356121647853347,0
-0.7839044667157379,0.695401749631096,0
0.44973952936678785,0.09154145609238765,0
-0.6052034725109985,-0.11548212213387242,0
-0.9715830905482998,-1.1387727306838626,0
-0.09404769721056543,0.1352959833087214,0
1.5960703854738545,-0.21393141350176095,0
-0.8425386701829122,-0.0028771550749151966,0
-0.6060682502106844,0.4732949821735039,0
-0.8109021168196854,1.1652431729748614,0
19.06732885203871,-1.5734159220740043,1
-0.13078860354265306,-0.5788830782672406,0
2.6454515413569224,0.17689557431408767,0
-0.04092533761710733,-0.8986466180766632,0
-0.6599004389934746,-0.143712410489821,0
0.29863983765095103,0.242437428144681,0
-0.8377044504352336,0.17713294034399757,1
-0.7134604331287909,0.2003770241810029,0
0.3487118923911919,0.35830806419207445,1
-0.5558369356383401,-0.46136329164093787,0
0.13806895281989118,-0.09857658165623409,0
1.2945479620234026,-0.2405350309268167,0
-0.3935657770277878,1.695240965106371,1
0.61679240325178,-0.11417850825014834,0
-0.06795627321099426,-0.13831249391429462,0
-0.6657423097554438,-0.21070772929432446,0
-0.4480751681509724,0.08861836509338007,0
-0.5756178740803614,-0.07397776675592353,0
0.0350461890768384,-0.3188675692403513,0
-0.43413677421174907,0.8673549665507304,0
-0.5615492644045986,-1.330135142062851,1
0.8066107058317425,0.15261806064585284,0
0.23137585370589775,-0.3040015090987648,0
-0.54490060475147,0.7218126897021789,1
-0.7831232734983895,0.7297429779747268,0
-0.7410960219431183,-0.4694373270098951,1
0.6907184391303912,0.4541027349767419,0
-0.3657136494814276,-0.1310742465794628,0
-0.46360563291975915,-0.8325128942986993,0
-0.7994891974535099,-0.013473059944197093,0
-0.8936296994119841,-0.6477436964064578,1
-0.6629673411856583,-0.4224208713488165,0
-0.8510027561400366,0.43328561132757415,0
-1.135532594792788,-2.3296150045280983,0
-0.4742945377121332,-0.505723488364375,0
-0.6438827648428859,0.37682707921330283,0
-0.900108812661356,-1.4006913810055823,0
4.761520838772031,-0.4789178166607671,0
0.2004275906021637,0.35481487235099485,1
0.5870033641068928,-0.24195046056155187,0
-0.8256497173799928,-0.04010787719599744,0
-0.5272226718431253,0.08863972610229005,0
-0.8595513773087837,-0.2628556509681839,0
-0.27609971343227707,0.7660935871514701,1
-0.6103391808366699,1.3485266221787673,1
-0.6675367135498812,1.728430152980942,1
0.4285661882533386,-0.191111243681312,0
3.0680433776073044,0.5356985831730576,1
0.11192852298143519,-0.049199844700517234,0
4.951806967029112,0.1185314488088438,1
-0.2374610700925821,0.4210723626017492,0
-0.6895169826377544,0.06386824878304997,0
0.5141661352254715,0.88487779927005,1
0.1288655532960259,0.5702881695262355,0
-0.6785130905459347,0.009153950822277108,0
-0.733576071143897,2.279029355958843,0
-0.46985587453395145,-0.0049588189023307425,0
-0.8737315084974753,-2.000715146470901,0
-0.28059790306124993,0.7744792561322112,1
-0.078279370593023,-0.12334367037424221,0
1.9408195913395978,-0.4657184230083813,0
0.21608530131033132,1.1070634217794848,0
-2.7237602228498994,-20.652238133413416,0
0.9412928714416066,0.48903860322360304,1
-0.05263859779452326,-0.5459870664855633,0
-0.34084254324715774,2.3032597559741914,1
-0.5669515649527642,-0.40090180306108103,0
0.1911972891276945,0.09131580017939883,0
0.4281366614798945,0.15280903277113178,0
-0.7912852446028562,-1.0657245909970903,0
-0.8150569042189657,0.11120195372116962,0
-0.782125946635641,-0.6046665367330448,0
-0.5654443767817778,0.6890279678904595,1
-0.8907218521451347,-0.3527881876615907,0
2.9257729323933823,-0.8347027304875689,0
0.1682515751717514,0.8438224632204746,0
-0.759212778682325,-0.5001574478146783,0
-0.8054800180454559,1.9886368823491198,1
-0.7428812708037006,0.6453344684713218,1
0.06376526263466038,-0.5089479972120493,0
-0.8070595582620078,-0.09201016385880517,0
0.2060807481922954,0.35297690663464054,1
-0.8232494574471614,-1.0041547315199448,0
-0.5015039198804749,-0.19254215240159092,0
-0.9521710393723181,-0.5277133738999635,1
1.5951494422500245,-0.15958363435626033,0
-0.7893164523216045,1.6694372714970802,1
-0.5360425899511146,-0.23289280229666814,0
-0.5399233554507219,0.35820448675003125,0
-0.5655245588491078,-0.1196095746452219,0
-0.6933432836203752,-0.14039810644132245,0
-0.6702824783116993,-0.1760783120921039,0
-0.8342916761218042,0.09344743281502933,0
3.4946130631178844,-0.6620468305319668,0
-0.7650797203251208,0.4130326213983004,0
0.853976189022324,0.20160097659689974,0
-0.8743429384347594,-0.23795783092558528,0
-0.3965670896202322,0.17871751642630257,1
1.7740771650183844,0.17337954736381414,1
0.25221632763784935,-0.3952722932492583,0
-0.45801551435614885,1.7753932951091214,1
-0.8742005111971778,-0.022196697916369725,1
-0.15006233952635017,0.40346217112320276,0
1.444442936421227,-0.32364187211545126,0
0.43099944036481797,-0.19348544858820987,0
-0.9197818631841641,0.43372822414054074,1
-0.4147112908033879,-0.0928736267371483,0
-0.5432940202153573,-0.3957291580793057,0
-0.31497010316477225,0.9654492667982095,1
-0.5938389125524028,0.3417840237246734,0
-0.7810223875486912,0.8851053334560965,0
-0.7233551063708572,0.36759543737793454,0
-0.8257599283781499,0.06737840595572474,0
-0.30671089483030506,-0.5019245663190038,0
-0.357790936934168,-0.3415332699170904,0
1.131826738345465,-2.218204241730814,1
0.47905350025738813,-0.9630690522851391,0
-0.1395247026994415,0.43748849755664904,1
-0.42833155677608015,0.8812207812120201,1
-0.6747580219731956,-1.000985246510465,0
-0.631098907272188,0.26598526718834575,0
-0.7695550522096467,0.018755181082325694,0
0.5656791567686278,-0.19763218525021523,0
3.4241363126926503,3.3868098495184396,1
-0.3668818713173462,-0.3756888667349204,0
-0.2906365095648283,0.3427769822126954,0
-0.5364895540314337,-0.012880846364531462,0
0.5971743614202513,-0.10460530470507647,1
-0.19700665387620256,-0.4655996906808933,0
-0.8191726294594038,-1.11649228095359,0
0.6246422706913511,-0.9039206396951233,0
1.1402818026275707,-0.42316095022084377,0
-0.11511494945832354,0.9572320745358132,0
-0.9170811222936012,-1.552356800333179,0
-0.8386580155830854,-1.1988765821096548,0
2.845281141881261,-0.044915918072162,0
-1.393082968516122,-3.4654025230397463,1
-0.7757936082756363,-0.6114872284415607,0
6.047570845459301,-0.7555659684796878,0
0.9549881331160388,-0.23217713964165723,0
-0.10913372821386319,3.818609671829343,1
-0.60655179925149,0.9496760751937686,0
-0.8628099556567255,-0.07762000887685547,0
1.0910282684460213,-0.7731371944607065,0
-0.7603719597940858,-0.5229722577768862,0
-0.19212553511124447,0.5776926632954567,1
1.67317902878672,2.5841827832934223,1
-0.8308935408885263,-0.07528665850024369,0
0.10438799153894641,0.18563908713147473,0
-0.5872429802949007,-0.15269379618182258,0
-0.19747417777991202,0.7424051966999989,1
-0.5851644984911915,-0.6434898647806236,0
-0.03717585628230614,0.10448406058985153,0
0.028585944556781862,-0.7618219810405599,0
-0.119306293896727,0.5179718809407982,0
-0.665093187576273,-1.1975925796701874,0
0.2975568042645054,-0.21873918106851298,0
1.4155493403575272,-0.14669374028901533,0
-0.9336777251989836,3.0605748968468003,1
3.0207454279921206,-0.20827334711460893,0
-0.6691086397124616,-0.38671952505265295,0
0.8100206056119679,-0.8618301009201372,0
-0.489025319863696,0.014833033646874562,1
0.3781907490781838,-0.5802602656371226,0
6.372535774128736,0.08873920854713932,1
-0.687863966738752,-1.2764941591862928,0
-0.701901311307397,3.3958694954756132,1
-0.8879292398256949,3.465793789523213,1
-0.8180343127451095,0.04876445046782132,0
0.22571102621202974,-0.7603104997990217,0
-0.6999268578622942,-0.2008664453948553,0
-0.7205757176276465,-0.0622474648377785,0
-0.6874472183962075,-0.026998236528004198,0
-0.708055349509333,0.08327100684123555,0
-0.19881510620098136,0.42029375462865926,1
-0.5548699954994324,0.36949880599822654,0
0.43793684616239653,0.48144101221588526,1
-0.85228862246587,0.000758789234216939,0
-0.8782351416520494,-0.9467727799321434,0
1.214411452695192,-0.24885730500513742,0
0.2368828176199777,0.7254546290102564,1
-0.7375553074513732,0.0878675041002881,0
-0.5484475097089939,0.17278341188500387,0
-0.6058175079703757,-0.7467940127460371,0
-0.5555402059709361,0.4995381061985946,1
0.15626644927448466,0.433602444512816,0
-0.773989558431116,0.4938432391577864,0
2.0479106182892117,0.47450092409276656,0
-0.8453153703966926,-0.995707738861033,0
1.5168577920666246,-0.8363005476111307,0
-0.8573926741514856,0.8019116375224462,1
-0.7553132531340759,0.0013683990906648642,0
0.12554346361063232,-0.03713738411224958,0
-0.7611590324238783,-1.1253607144272668,0
-0.28454143874376703,0.853890293325045,1
7.282989791913727,-0.4017910824100155,0
0.15894200133618125,-0.2330705262854302,0
-0.2824209597327477,2.6247342464035133,1
-0.02364238658140829,-0.3127754907904909,1
-0.8780379125395862,-1.2232708825668364,0
-0.09739485346843046,1.1823120255724062,1
-0.8148113279923341,-0.5412489708922831,0
1.6849255475244538,-0.47796509472902937,0
-0.7223964098725251,-0.6291993013844347,0
-0.35885454594597993,0.65220702292327,0
-0.9307328834773897,-0.36960848300966836,0
-0.8573514478838205,1.300850800353541,1
-0.8164827623604725,-0.8836901564277041,0
-0.6428966404030106,-0.5535869694502709,0
-0.855379841662483,1.0245871460936185,0
-0.10670212231489655,0.014533992093222165,1
-0.5099164985153958,1.918008034253918,0
0.7433639555809837,-0.4799158835343201,0
-0.4718880796658841,-0.6064410917156267,0
-0.3604695406547443,-0.7389453819402477,0
-0.5852115326933792,0.20293162078290564,0
-0.5753009571586087,0.4912907137571779,0
5.009722500635474,-0.16197312026497138,0
0.10809586305078923,-0.9870064061238284,0
1.8439585579848696,0.9771818678002354,1
-0.7446549742681335,0.5209025272304348,0
-0.8155021128752736,0.49619168908629174,1
2.9373285540823098,-0.22927848650753715,0
-0.7268547796240704,0.6058792796476759,0
-0.8560596366571355,0.4210458716651511,1
-0.5201935541248275,-0.007107467305712169,0
0.5105612840788798,-0.01657036664127239,0
-0.7234071441722961,-2.6304872143300537,1
-0.055498260153153345,-0.12698685991518105,0
-0.596733831712847,-1.3233259458928706,0
0.9674347350481031,0.04642031854623606,0
0.06379260959203464,1.1689306637610624,1
-0.6563055513543303,1.1634102490437066,1
-0.7108010831304319,0.48674237092364625,0
1.3045440746366495,0.6331105866772502,1
0.8495510294866331,0.25896511547888523,0
0.5870831037118304,-0.22548992889621822,0
2.7586371167871935,1.4188281700573275,1
-0.9140579589433899,-0.03547327201362795,0
0.8837142191234609,0.03262495690123338,0
-0.568149062944724,-0.3161444087314047,0
0.40436694551375585,1.4240898295874147,1
-0.6643128779897579,2.7890467601571918,1
-0.3469484566111415,-0.18777988048641162,0
-0.7315457545975089,-0.6604073145384219,0
-0.8047219661430759,0.38900829254137914,0
0.8324913019279083,0.604342388440603,0
-0.5648288313290251,0.209335212666956,0
-0.2656598338915732,-0.5385771596540744,0
-0.43257504515933215,0.049978800833762986,0
-1.0887168600414325,-2.954074288396683,0
-0.7338196640395654,-0.724970901271122,0
-0.8430308317816749,-0.39765425811668487,0
-0.16841203505066407,1.2530704399080865,1
3.404886905669033,0.19135489900236896,1
-0.6619252144096263,1.1538807623698173,1
-0.3030497203057819,0.6635482932288498,0
-0.29781823848783406,-0.07572890310940907,1
-0.34212127214994903,0.2734960781187895,1
-0.5882838552608348,-0.12211303666745843,0
-0.9041880958770994,-0.06219516798562719,0
-0.23766150201288316,0.8788655117913301,1
-0.22763610266247888,0.673983137060232,0
-0.5775114271376873,0.6687780266766389,0
-0.12421325763264322,0.9648993791955063,1
-0.9787392624067817,1.4789344256482928,1
-0.03817871844932923,-1.0214333458341662,0
-0.7107816495534223,0.489533022158467,0
-0.5297404295179775,-0.024864388970612158,0
8.449691606970797,0.3897516797665896,1
-0.8494736055334182,0.64760767735447,0
-0.8604359296022474,-0.7340819323693311,0
-0.08538262870989106,-0.6541288463739033,0
-1.183486558124202,-3.142864805967781,0
1.6204190492830834,0.16796345963804912,0
-0.7242331724951339,-0.06006765538122394,0
-0.3468439134218586,0.13083537818092694,0
-0.5959598566023302,-0.3421819284779364,0
-0.10847490396315758,0.1816440775628454,0
0.5437822125381668,0.20333978170027825,0
-0.5018917881516259,-0.6624427913771986,0
-0.3599553374915812,0.03296543037500764,0
-0.5268175834054986,-0.3632901309582679,0
0.08091128988005125,-0.6991518611917812,0
0.8653527810984014,-0.4122046165912008,0
-0.72695079831096,-0.0020784859654042476,0
0.21621541166289787,0.6006654032075195,0
0.7110523305874366,0.09854911053015045,1
-1.1057882046969363,0.7583057860144488,0
-1.093470724341518,-1.1536725299665114,0
-0.44967410399049035,0.15723254457509886,0
1.7537666398282443,-0.06498489138576587,0
-0.19179140034908115,0.4393061930165596,1
-0.8585683598470603,-0.3024957269765678,0
5.422494491483689,-1.4102646417305091,1
-0.4521505210760187,0.11954781749188338,0
1.7771679050882556,-0.09946150879960125,0
-0.4205780942740904,-0.14519836052564936,0
-0.21387797464306096,-0.6864621506625922,0
-0.3313208381238059,0.0747172316893778,0
-0.5816331573611472,1.4333731104267857,0
-0.8599346449356663,0.9745816736979722,0
-0.8819512339709701,-0.9496779421154875,0
6.0224545612511315,-0.4904836063845262,1
-0.8450739284125057,0.41825340875646155,1
0.4991087774474694,-0.069582437637614,1
-0.19371612705996757,-1.4341432767683937,0
1.3562237822516603,-0.3123586879255457,0
-0.7629495372727028,0.8863182239321304,0
-0.0889838040198738,2.004961842364,1
-0.2812793966218708,0.5118520917752374,1
0.5201188724225325,-0.5400078243076762,0
-0.18736131186802343,-0.0583927863796375,0
-0.6190828195554969,0.20515682542224983,0
-0.6179200145803256,-0.9648993434844381,0
0.4252524567181198,-0.2610503574115367,1
-1.2383420653407673,-2.5511545264478173,0
0.49629715569927646,-0.8043084399166065,0
-0.846531374288323,-0.16939590657607417,0
-0.8481876369752788,0.5930077544170627,0
-0.35714767081608345,-0.28846365659115875,0
0.6123717378395838,0.4079807681849092,0
-0.42550779954734536,2.1944918867982053,1
1.883984966654435,-0.8193985201778478,0
0.9245900319638888,-0.030875511559749914,0
0.8245805461323544,-0.5135824137772667,0
4.060751934141617,-0.004303897677970081,0
-0.828573711279042,-3.504914698713865,0
-0.08546295819208281,-0.0865755775235125,0
-0.5077854087202925,-0.30521378365867663,0
-0.3179022353713512,1.6658803263527726,1
-0.5868737192629623,2.4003229165453925,1
0.030255240648762262,-0.17452027839737053,0
-0.5414704556453742,-0.20389016583391242,0
0.5797633245619486,-2.094663189467215,0
-0.5131536440866762,0.012472899530218176,0
-0.21145078322692462,-0.8540428463400941,0
-0.7113279273919794,0.1344048991497879,1
-0.404017470214128,0.16260810508634996,1
0.8112208586554586,0.5611524778915978,1
-0.1653917833916347,0.5693069287974599,0
-0.39487614322322273,1.0733190226072258,0
-0.8602376082500092,0.9860952653967417,0
0.9332466813524065,-0.012165406168312349,0
-1.0654172970146165,-0.8006081337472691,1
-0.14101443609743555,-1.3048985221484501,0
-0.41333148707473877,0.18034421363861222,1
-0.8551082832302982,0.33566044456513267,0
0.3871357487844536,-0.9600611471092431,0
-0.6951653947006072,0.03906445193745313,0
-1.1827010915362168,-3.103369518327019,0
-0.7776769251608705,-0.5966477829750446,0
-0.42883483022061875,-0.5974819272409982,0
0.6582789159901299,-1.0881255809743828,0
-1.1794525863393026,-2.6584597977404405,0
1.4226399393872518,-0.4229034186538802,0
2.46078215143921,0.21949078941165942,1
-0.8505223258835591,0.8861085360179232,0
0.39420295828333723,0.622663701356369,0
-0.4722849762829501,0.03132628010298443,0
-0.8857610708585862,-0.5809933990945919,0
-0.6536654339155117,-1.003295339681408,0
-0.6297912730186599,-0.6552152341525428,0
0.08886513570704742,0.39020132369715066,0
0.42177325006631117,-0.5448718220182356,0
-0.821871022568807,-0.04598236805214924,0
-0.6846156553254188,1.7494445904601381,1
1.8027453828062772,-0.21800783669093424,0
0.09156213541320998,-0.10986844468667918,0
-0.6737042834188826,0.6323421274851312,0
0.006283139477692175,-0.07122986863391138,1
-0.8648210149458139,-1.0563288741635966,0
-0.6388024164641524,0.06632418025727602,0
-0.7774493276158632,-1.5508603073154956,0
0.219296414930312,-0.5439310384210336,0
0.06284646486755803,-0.20431491192214782,0
0.35081505706899196,-0.1892334043988892,0
0.25183215215935734,0.25604821593663324,0
1.162625582763129,-0.7458424029265286,0
-0.5985702119346551,1.8586388730588506,1
-0.5174128354542137,1.2595637706149694,1
-0.1415726244734747,-0.21268718545631854,0
2.1523328931730257,-0.24870269763903216,0
-0.9740682082021562,-1.7060392843955319,0
-0.5434497293901561,0.3340330420623818,0
-0.8858046392895103,0.2995876970059444,0
-0.3537507664644713,0.607270486300735,1
-0.7587719383643564,0.2844032600739373,0
-0.01577718304782859,-0.6687940595161179,1
2.7663097609880136,-0.6960619290259121,0
2.8012132806948586,-0.3158785138408619,1
-0.22369770599876956,-0.2138056140339047,0
4.125284205287622,-0.38941140463482193,0
0.1840297288554371,0.5393537771461259,0
-0.25234468225368534,-0.23495924665512444,0
0.7920022644442598,-0.5451118973838212,0
-0.5464974620713164,1.4926401594217342,1
-0.9006297644961071,-0.5576530669942523,0
-0.34829649262802864,0.012433177396609018,0
2.057835491705527,0.924077614129059,1
-0.8209850146954395,-1.2562619396736654,0
-0.862697488475987,-0.4434843964262,0
-0.8101536186170469,2.5984754749269534,1
-0.5659559940959189,-0.3350060126016128,0
-0.4768750427035186,0.9427671115544688,1
1.769549390726382,-0.3383133545802456,1
0.2631065508819683,0.1807670745430727,0
1.103482171882202,-0.10574835614070732,0
-0.888194468701079,-0.27242667413484856,0
-0.2796510405351555,1.7844021011745244,1
-0.7221325210976395,0.8373851634898399,1
-0.7610198018989458,-0.5590886042593183,0
2.5743771717341217,-1.0183818607261963,0
-0.7852273177576866,0.1752867681567669,0
0.12365159661371457,0.698756467066304,0
-0.7898811556985382,0.7583842665072671,0
0.6786668579647608,0.1867024613826268,0
-0.7781044963512839,-0.1940348478839256,1
0.5949431551311088,-0.2848900910963926,0
1.9075863098271115,-0.6572645827318565,0
-0.983295092426051,0.6759688901137314,1
-0.45114610118917514,-0.8979105408048613,0
-0.38239617131632825,-0.22368503810011525,0
-0.1444986212178089,-1.2298691877212613,0
0.8537192442138245,-0.3871033643229344,0
0.1500566156459869,1.2350577741466517,0
-0.17493695460396846,-0.4800177972642962,0
-0.3022957981424943,0.5706003237627947,0
2.840311403714065,-0.18734472682615086,1
-0.840001437841556,0.03945410438121143,0
-0.2802617902512398,2.991623880376648,1
-0.9270818141554072,-0.5558699318821347,0
-0.8426438881468651,-0.13303660811234283,0
0.19273623256578515,0.149235648146664,0
-0.8481153378340116,0.1518592292210028,0
1.7316635009210053,0.3691645137966254,1
1.5663669455408589,0.05132780937964757,1
0.24470431933154607,-0.2169530470547928,0
0.39499500216400163,-0.42535837588848324,0
-0.3342148475351675,-2.1458461147962353,0
-0.5061921903713062,0.9539908704686614,0
-0.2917707119946601,0.5834487729218488,0
0.7224408674259108,-0.6482760711449813,1
4.018617435452109,-0.22492924281973628,0
-0.8946189113452492,-0.243767921532932,0
-0.5366976211951772,0.5233728076513388,0
-0.8216778560067203,0.3615935443558291,0
0.22741823286871712,-0.3186617315242832,0
0.48591526725193784,-0.5417629343557976,0
0.41360687094879733,0.30875430137571963,0
-0.8457698369256144,0.30988830257568645,1
-0.8121228071707733,-0.6189366692861351,0
-0.5944317213884249,0.6639392732808189,1
-0.1725948453211743,-0.29544399641052077,0
-0.8460852288920021,-0.16439452070824107,0
0.7147326858747924,-0.668167620370983,0
-0.7826648523553741,-1.1120488031203957,0
0.19737767284498448,-0.9576606598860548,0
-0.271677182851991,-0.5926926481654659,0
-0.7564317531590573,0.15896297560408554,0
-0.15677906644578987,0.19353793399615182,0
0.5294223277901231,0.4196511891058487,1
-0.7503830428414423,-0.7443663516392195,0
-0.3839968642829047,0.5686621531645872,0
-0.8097820619564995,0.17789461976884605,0
0.5774974751091125,-0.8406699484609264,0
-0.02834967296729508,-0.8122149396141957,0
-0.8683469583093515,-2.2694333287609214,0
-0.7972628729342899,0.47371354186290004,1
-0.6206796207420342,-0.030923795849549362,0
0.1003783459824597,1.2974763256741177,1
-0.0394252694429404,-0.2760019040078901,0
-0.9409101523524082,-1.134306394748215,0
-0.6836301197145975,-0.17652599106969524,0
-0.4153887515829694,-0.07690935601981544,0
-0.7651250937380578,1.1030420613795338,1
-0.8907021411563417,-1.2413644248036901,0
1.3493674845836947,-0.3236462026075166,0
-0.7769896049187521,-0.114662391916264,0
0.11958156020100401,-0.05818717209782562,0
-0.6516616727094391,-1.5378009008014932,0
-0.11060795788754646,-0.057977165030385414,0
-0.8773430189538679,0.10505100640864701,0
-0.6403600532789128,-0.044434675800018725,0
-0.7637522950874421,-1.101773518656691,0
-0.8651260141598937,-2.2092858529119552,1
-0.8170643134360412,1.41120411851961,1
-0.6718569852885705,-0.19356835451852397,1
-0.6323923253628958,-0.8941064286486515,0
-0.3944385461149902,-0.5763950046765426,0
-0.9059358563936957,-0.3206283582700335,0
0.6835385194174803,-0.4038141385754153,0
-0.7632665110828012,-0.13063677991410197,1
0.5950820036371208,-0.3535702469420187,0
0.8631929749543727,-0.11179313970389397,0
-0.4488011875091732,0.08748630931787339,1
0.4110231390320535,-0.2959927569491526,0
-0.8983575667587456,-0.2506391581613423,0
-0.8347298646264154,-0.028178801029424258,0
-0.76018847132535,-0.40314762381320335,0
2.227343790707341,0.8576018572755886,1
-0.7960810457144385,-0.8188546598336409,0
0.4353337428202945,-0.08935155897881109,0
-0.5381136315784183,0.9634622734282274,1
0.2657941516770453,-0.25304058680973257,0
-0.6657061356918831,-0.9897077785354402,0
-0.3623450447169979,-0.07637785592733778,0
-0.6387510976119979,0.6122069809896634,0
-0.7746774340512043,0.13123619969462355,0
0.3878938993553647,-2.876239722145793,0
-0.8166795274847487,-0.3062300714175574,0
-0.4668702357555168,-0.5434565719998111,0
-0.7560448026746008,0.5954065166211074,0
-0.9507573053107338,-0.8236422284215535,0
-0.8187105895806405,-0.640741945282184,0
-0.8609695524306216,0.12295842774203772,0
1.2133144826322457,0.9355289639413956,1
-0.7200834491011094,0.13323816430231897,0
-1.0453327481624883,-1.600552837190264,0
0.04607699417436642,0.2639832856041804,0
-0.1697229957313976,0.3457693735782668,0
0.1005220291182018,-0.7045832638528925,0
-0.5954721748429438,-0.15219658134591776,0
0.14437481902205,0.39738960659046213,0
-0.3202407627385945,0.0644666888129636,0
-0.012051282978404824,0.2056956692072172,0
-0.05639963833397678,0.5449225608248838,0
-0.8168617731225432,-0.19153929080963425,0
-0.38033469065610226,-0.2201644792022126,0
0.09762329591283213,-0.29086516605948937,0
-0.23280379063638312,2.5699082087534735,1
1.3038561440804108,0.49137225342442725,0
-0.5966422340173908,-0.8606675770566828,0
-0.4210177254558834,-0.5388139379874873,0
0.35574430361499937,-1.0597432000054674,0
-0.6946353780948749,0.68498788848896,0
0.09196265288866762,0.4643414378357113,1
1.4816915774339667,-1.256775361642797,0
3.1780751409386983,-2.0961643421307548,0
-0.3408695744096476,0.5630184149022004,0
0.07771502372998026,1.9223190697460757,1
-0.3833228365739355,0.47335088733643893,0
-0.8414325329849149,-0.939694520931948,0
-0.6915277713343068,1.3824515593776157,1
-0.8059191033525358,0.04164088589506232,0
-0.1315941321939898,1.1030902370611606,0
-0.6692043491582955,0.26244050569802946,1
-0.04743985903309029,1.2626048066994304,1
-0.059875050943771886,0.0034119437583095638,0
-0.40042407975375416,-0.19335541100043915,0
-0.010343916090674287,1.055604633657613,0
-0.7748335479739562,0.16184163857749903,0
-0.45886222930353754,0.2889755303839996,0
0.8234302086056254,-0.5493833848633166,0
-0.2961890941706482,-0.22735375147412495,0
-0.32053113421477714,-0.1113150377488836,0
-0.8332580590092867,0.5367058276547262,0
-0.7198101074699984,-0.3927177831563297,0
-0.9727403822187165,-0.048843250878844266,0
-0.6050611111463758,-0.23434402915808258,0
-0.474156152274841,2.0330072760401823,0
-0.28283214528218736,-0.390560678511357,0
-0.5634610510903417,0.6141047469457922,1
-0.948846001950833,0.22774801394900263,1
-0.714984325707174,-0.017172863793586436,0
-0.8734149404215825,-0.148509662620382,0
-0.8482295856868539,0.37319793737779805,0
-1.497415087052239,-5.311490003092785,0
-0.6566960449865484,-0.05544925705531897,0
-0.27859139630180263,-0.38261734612808207,0
-0.8290867209007194,-0.05833844517666975,0
0.8309385880512031,0.3131515924959595,0
1.8495569433296317,-0.9193887462549774,1
-0.38175504069502597,-0.4780835747250081,0
1.0580345674280727,1.1089281272912497,1
-0.9344360188968267,-0.6478194344891413,0
-0.9391710731469509,-0.21242486851030717,0
-0.2616859472421378,-0.1873765851223519,0
2.7602221164560037,0.7598810475563936,1
0.6758149120927159,0.19350818651884671,0
-0.3752620266643254,-0.04328500999508894,0
-0.8174700386683065,-0.06238420806281944,0
1.3564649379907168,0.09194170014224834,0
-0.6333125418979182,-2.0480595684380143,0
-0.6130525016696493,1.0625629887473984,1
-0.6958625679794322,1.1274449746519681,0
-0.7814529921487039,0.2838568713410043,0
-0.5557406391491714,-0.12862064131060483,0
-0.4609548577624724,0.11654000347279492,0
0.1774048803409678,0.7378348102878728,1
-1.0144871615190787,-1.2442769436614607,0
-0.8309528378666845,0.36436706849423,0
3.433647609039588,3.316647532694634,1
1.7621200424815942,-0.163215433531855,0
0.4313868967204517,0.06693751560629446,0
-0.4020880797729433,0.6820580938003262,0
0.09572690453395787,0.08578312887229259,1
-0.3721502680783369,0.6732695556321877,1
-0.6846699962844849,0.2940923850913661,0
-0.8991839837656134,0.6647208004411246,0
0.45376308040830293,-0.5460921613220996,0
0.1409140110522703,0.02195973377152216,0
-0.5002066988832583,0.4454621366459578,1
-0.5710357242469728,-0.2767463102852255,0
-0.8864046437609657,-0.3081070430749546,0
-0.8159479955900728,-0.7988269032475778,0
-0.3785085632363352,0.3236545707804125,0
-0.5415454500453873,-0.3785258213058027,0
-0.7631966395727324,0.20116228887205465,0
-0.6601819502461186,-0.15026887244562018,0
0.04774880645546297,2.7550386103272304,1
-0.8994102105164923,0.06402269921421548,0
-0.578261361821947,0.0315364934048428,0
-0.2252743522297853,-0.34346571316023994,0
-0.950838601095348,-0.6513139598161121,0
-0.6948531412767827,-0.4528527249605083,0
0.5071008737193418,-0.9005123461039131,0
-0.02066567536901943,0.22927111912959222,0
-0.37762982974287096,-0.1098200437161062,0
-0.8099863583588159,-0.44362112125263725,0
-0.9154292929108739,-2.0096280861772544,0
-0.31696292207490967,0.390119702406611,0
-0.6314481594665409,0.7056790004909937,0
-0.560817113061204,-0.42603415102743375,0
0.39052153929719935,0.6536111226592514,1
-0.6986934488577952,0.49524651948781756,0
0.0008680358401516576,-0.6757967510541293,0
1.8135907393126904,0.8036391407516348,0
-0.009378682211656449,0.5278232166374048,0
-0.8072759162557694,-0.8067524077552519,0
1.4586467177805906,0.004579240892623025,0
-0.6729308625743999,-0.3863233935059335,0
-0.6371327167344424,0.6320721851925076,1
-0.903294267736762,0.036356192130363146,0
0.860379112091193,-0.6438194921136264,0
-0.6114041520014286,2.141090252230568,1
2.384826700341507,1.1656550790058444,1
3.6867690062671232,-0.2631369438756658,0
1.127320124910783,0.17311341130825622,1
-0.5234878321361565,3.0474669313040827,1
-0.7114422255518991,-0.6735930414047693,0
-0.25342495882812244,0.8219180338809716,1
-0.09843803035854964,0.04595170212069214,1
-0.45680323160160247,-0.05917313924356952,0
-0.16192781153332209,1.4353961200536045,0
-0.6194268202061582,-0.05989269599056133,0
1.1261149245100313,-0.12572682784110795,0
1.1185349860233054,-0.4647673733198881,0
0.014439450191905477,0.6252114263352833,1
-0.5923094942170626,-0.05533794537466325,0
0.5888403292541977,-0.12804092677958034,0
-0.2711856783559861,0.14058331500490068,0
-0.4264294759267395,0.27070219628507264,0
-0.38208159028563565,0.7897176624069255,0
-0.3939564503831144,0.08994391549202342,0
-0.7605958226204749,1.0356847290537807,0
-0.6932024298389992,0.8675500391995725,0
-0.8338983692027931,-0.16389603098284866,0
-0.5143096085985729,0.2584279290419799,1
-0.8305766337628182,0.15918364735667184,0
-0.4509804161972085,-0.18248115400365494,0
0.1334642293061503,0.5347776438832897,0
0.040716547627474585,0.2489614131204193,0
-0.807588133600406,-0.39159752170815026,0
-0.7562636597893647,-0.41508465453497073,0
-0.8754659405829509,3.112646395085554,1
4.14358230195141,-0.41420699992457755,0
-0.6559411693026506,0.15605917228009403,0
-0.36819184308979996,-0.3318692912688244,0
-0.8258600937894979,-0.2553556182040802,0
-0.030728998546985242,2.451707899855175,1
-0.2755454980617938,2.331037916873156,1
-0.8266876827200444,-0.635109465217655,0
0.26986868209559217,0.44107103600234226,1
-0.881734673736271,1.579530037458777,1
-0.39307061918636876,0.3639870420868435,0
-0.41066452831255773,0.945449469572093,1
-0.38695025050400056,0.1810630904314978,0
-0.7115873672972488,0.9124641444069336,0
-0.2024923492476774,1.060533157854618,0
-0.3606939367884352,0.6315514072736564,1
0.5101227628232965,-0.15562887298285732,0
-0.8316925856681301,-0.4298312126188216,0
0.09323743405413264,0.5240919939271103,0
0.003955200922557778,0.40451927046253505,1
-0.7793779181286956,-0.38065360440762086,0
1.3668777004690587,-0.44643564026197413,0
-0.8946773605450029,-2.1182227325641416,0
-0.487457526989328,-0.5052383165503637,0
-0.9225720477348783,-0.08622140205501971,0
-0.5266458446968049,0.2658944618279562,0
-0.8841674960729188,-0.23800203365458686,0
-0.07394016295310603,-0.39468236867709716,0
4.147592283334304,-0.2012837534073382,1
-0.32302196368397373,-0.18645047610844093,0
-0.5730869837423823,1.5770991410668584,0
-0.03964408350404691,-0.40296199606236655,0
-0.5369004922455014,0.3039309775619544,0
0.413152912188631,-0.6554453079878256,0
2.9262008420771584,-0.37036781553074544,0
1.3224914796727694,-0.5012972102654374,0
-0.48581356579311125,0.9556016642969458,1
-0.5144072562210878,0.7082670403920958,1
-0.8708176298007178,0.6272352976389338,0
-0.43145159698963176,-0.37642712657880795,0
-0.7569208550580778,0.15004180375056542,0
5.390421735400514,-0.32869801817987526,1
0.5253627778874805,0.013476143694348866,0
-0.872924075035558,0.656047452254673,0
-0.8229517194103059,0.17460999522649195,0
0.06018037455906786,-0.3486717422317067,0
-0.6589708693998426,-1.247450675781118,0
-0.8287844364019679,-0.0632400768559112,0
3.558461521900041,0.39636624704838685,1
-0.8295572495400612,0.4943323530157405,0
-0.8992937142272551,-1.0091589669587055,0
-0.2941161802427341,0.34916568795056396,0
-0.580284419540003,0.05260842697585198,0
-0.25842111736738893,-0.7389930807272589,0
0.8075579993574845,1.0954313190208558,1
-0.7816256212990365,-0.3890298156652989,0
-0.7302205539222961,2.4309082266557045,1
-0.8540117521406618,-0.4288068709853065,0
-0.9167797918848867,-1.1463012955733245,0
1.4090822577821616,-0.8761391114973729,0
1.5714307903912212,1.2786438235172974,1
-0.9250483419978703,0.4857980798728569,1
-0.5111740152437995,1.1093403842207983,1
-0.17285762562718732,-0.36967326272280265,0
-0.1968625383415251,0.09932753888966607,0
1.0741519805987005,-0.6024523331701284,0
1.7648884506254114,0.2963919601545027,0
0.01536141889111908,0.45477448542692195,0
-0.8867384408153502,0.7008822913164218,1
-0.15677203536562126,-0.06728977357202491,0
-0.61808394787036,0.11672183616214792,0
0.23505170008113574,0.40030416959221693,1
-0.8396462231706582,0.16355491266362357,0
-0.5140623617960014,0.8117272917633557,0
-0.8350937657704816,-0.47506420070713123,0
-0.6296636476605493,-0.18266865019992562,0
1.167813514785685,-0.675767625108457,0
0.5189641129623844,-0.09831122083893956,0
-0.6846537647861983,-0.8333850869545809,0
2.572379239042521,-0.44333382612639216,1
1.7869305387731775,-0.4223922832162063,0
-0.38011786464397934,0.18129623592181976,0
0.12324161714011451,-0.7633936067970243,0
-0.7937272147897089,-1.2864085896254351,0
-0.3324919801605456,-1.0002030922143008,0
1.2044591830535007,-0.3908553746018545,0
-0.649454112150798,0.07664520297202143,0
-1.0316713658938599,-1.63843691646196,0
-0.7779925065985168,-0.01882187924800461,0
3.8241228909823546,0.09356905602780738,1
1.4489440121412944,0.9237275070980752,1
-0.39080156091828955,0.39787591432272446,0
-0.6972972417218678,0.5651533742213046,0
0.340380975053353,-4.869802825703493,0
0.41790295327200794,-0.45825491285255243,0
-0.8782636078768481,0.18922767529772136,0
-0.873908811685756,-0.5418554276898001,0
-0.1483375253724632,0.33716917334134094,0
-0.5157919537044837,3.9388115132675052,1
-0.0034142869200894407,0.5561530380449009,1
0.23891445434778044,0.8480286032025375,1
-0.26021755552226566,1.0168515817125743,1
0.27984273035538265,-0.07366150678784872,0
-0.5932251312442951,-0.6309110234370603,0
-0.15775921584853933,0.7513562497858151,1
0.10943322507360674,-0.43519130684297325,0
-0.9282404199468735,-0.14024296953975743,0
-0.2900108062683304,-1.1045383293939006,0
2.1583073241038493,-0.6024317582302638,0
-1.0271806993516106,-1.6541788303295308,0
-0.8832148080134131,-0.2179449706519164,0
1.2501038779304214,-0.42576945580642456,0
-0.9509233832462245,-0.4798558802747218,0
-0.33125070881007823,-0.20435490051519387,0
0.2652197350317486,-0.18975504920525338,0
-0.690209695249031,1.5017407213086034,1
-0.7518981421183824,-0.25322985988424235,0
-0.8808385517665431,-0.1382601110198606,0
0.6854430746789393,0.4772679915794888,1
-0.24129266915133982,-0.7537748483786438,0
-0.8039042577097683,-1.2121305523194899,0
-0.8439564927909126,-0.5728707586434352,0
-0.6277109910850843,-0.7606412533937266,0
2.416163648915209,-0.270439567066355,1
-0.8183684745452323,-0.49678932339305576,0
-0.8264070846562132,-0.07315515059803608,0
-0.707263107449972,-0.06703328010688331,0
1.7662181700740618,0.10189564841642514,1
-0.317975181896304,1.168912411799932,1
-0.16565910127018965,-0.005671607019028546,0
1.1695340091266024,-0.46852351497393335,0
-0.42482979796036485,0.1838559933064908,0
1.008397468282151,1.5762837675933083,1
1.028027965924649,-0.5315144929896852,0
-0.1218043474010353,-0.2550754351180385,0
-0.5372533125871158,-0.5087337697220959,0
-0.5256637980304347,-0.3306618251765466,0
-0.8234520872934077,-0.6329489531916782,0
-1.1626241767484637,-3.2146370575455725,0
-0.8394306266869308,1.0185857182228641,1
-0.867444193238008,-0.4875329568551196,0
-0.8781796781946758,1.8505831266442598,0
-0.7275115965072239,-0.7051181138714577,0
-0.24396027473976273,1.1694707797488109,1
-0.7003640161989435,-0.32221372420875416,0
1.27480910162113,0.17186664057477916,0
-0.047566786009701635,0.7910225747778108,0
0.013565632676846061,-0.584084409950102,0
-0.5375368346671426,1.5063014501850422,1
1.3760462137207568,-0.09140090461832123,0
-0.07479596407919462,0.8591879580658578,1
2.666135396771726,0.10186854982295701,0
-0.6566160682466435,-0.1786731996244118,0
-0.8548942128720101,1.169657616617717,0
-0.871120371188176,1.6171695694063342,1
-0.8475324784513347,-0.7401242131311342,0
-0.7445452745508062,-0.8809275032947643,0
-0.8325739103191799,0.4501755928842259,0
0.21976959915162278,1.0198248377684302,0
-0.24343572172569303,0.7467281946271408,0
0.08599632985692789,0.20724383093118892,0
-0.31997249084546764,0.050290424214331705,0
0.8407869387645777,-0.3361095431208082,0
-0.9115202581015847,-0.185685092939998,0
-0.6261714876685496,-0.13092474652111707,0
-0.7377996726847612,-0.6194188717111054,0
-0.6300258659653566,0.300617592963224,1
-0.782454964579982,-0.437575305328205,0
-0.5458536572112754,0.8988084557254313,1
-0.8836532545864481,0.7106080285642153,0
-0.4935129828117392,-0.625540471215284,0
1.459331142730311,-0.7468715419595413,0
-0.8820862946421568,0.818417772183936,0
-0.7103765122180773,-1.0802251980905315,0
2.0007959463289122,-0.752657289945482,0
0.07629173597685944,-0.18947128466272076,0
0.9199348263921835,-0.32297829382075716,0
1.0952133162553286,-1.0957914225590175,0
-0.8890681398234683,-1.1195315966602888,0
-0.03343461135634596,-0.19850800388146864,0
-0.701962314027146,0.9175114411591597,1
-0.7485843414008614,0.30180584578253106,0
-0.627324119990549,-0.32243594450028423,0
0.006002181799632034,-1.349664213420756,0
-0.8346255955843466,-0.1787352241954078,0
-0.8282808115748009,0.1426003163581795,0
7.0085642407616255,-0.26332847400221276,1
0.7317264699984457,0.22577419686881967,0
-0.9230583644011863,-1.2068858705455383,0
-0.21530050950697904,-0.21358634961810202,0
-0.1697920226054796,-0.5148318832379054,1
-0.7263096892355376,-0.5596386000499566,0
-0.24402335303129385,-0.1493136728002608,0
0.06820425377668031,-0.25129206360318956,1
1.3415689015785996,-0.4903304419995465,0
-0.7010743701968855,-0.23268602481624784,0
3.225196916785229,-0.18135397024021266,0
1.276524360111021,-0.17230011977237028,0
-0.8821349251260439,0.652023680107832,1
0.3684869165433762,0.09554682702538293,0
-0.22041267205725076,1.5531450103264506,1
-0.30600039692474795,1.2576073533775567,1
-0.8894418305992023,-0.5646107518817636,0
-0.3686395063259032,-0.671720636126136,0
6.641581709533761,-0.22728582124753013,1
1.862217494112425,0.619402994367484,0
1.2184700530643169,-0.006453264729597046,1
1.7594358637508862,0.17058166058221358,0
-0.02241463507243609,0.1949398649051596,0
-0.5107763860913507,-0.2915504090683912,0
1.653334574227461,0.5826896143280954,0
-0.7947061110096113,0.26794574858350506,0
-0.50974617944016,0.0806601407347589,0
-0.22331580675006873,0.08258047341142985,0
-0.6995696598901494,2.1495147063009763,1
5.372755440415734,0.919971476426605,1
-0.03219209575256391,0.06534196934860546,0
-0.732642677449245,-1.582010322184572,0
-0.010061295808132696,-1.0559563112518016,0
0.6146301971476806,0.2866995541204513,0
-0.8869898960731116,-1.0228981677072337,0
-0.7249683574729628,0.25576838818977504,0
1.2172703043727686,-0.18096657421180118,0
-0.39224899174995653,-0.5413314810482475,0
-0.853185315597983,0.19274516305291625,0
0.07776402641683844,0.35853524017061633,0
-0.9185703237979328,-0.8714664275633132,0
-0.8572739180617895,0.2519000616322689,0
3.802630966429194,-1.3426524514718043,0
-0.08748373219396931,-0.205867628681877,0
0.9222219864912354,0.41169542724504105,0
-0.8642304113156427,-0.39630044576160783,0
2.5944734274553745,-0.27201694577659635,0
-0.7243586194410035,-0.5856720231818932,0
-0.5244207344756072,0.498154661736599,0
-0.7551603887190098,0.017748675359454576,0
-0.851801561142047,0.10560793151869363,0
-0.07050960199138538,0.17602526147802627,0
6.019517499143166,-0.8280511362686706,0
0.5156114655186484,-0.5344280040187234,0
-0.6458229281138389,0.27506815729949197,1
-1.053761671535864,-1.198554537649903,0
-0.6250758687970717,-0.1134574587433876,0
-0.6951336253246929,1.9287494914534742,1
-0.7704944615114638,-0.19941337395950007,0
-0.330856214853009,-0.41179923104171995,0
-0.9304270250131259,-0.8768359039031448,0
-0.7077010282648697,-0.0727773836413898,0
-0.8825029578248511,-4.712744117940036,0
-0.9843926907176531,-1.032765157562714,0
-0.8155871610270526,-0.8605149572281302,0
-0.048650476952710096,-0.4457327842966162,0
-0.13227651572074375,0.6599069312742994,1
4.780447206522323,-0.6599778806516304,0
-0.6810780922462358,0.08670269344835083,0
-0.8790627654062536,-0.588267662773436,0
0.5278093153376072,0.37492001836567457,0
-0.7421244633931393,0.004664126565768253,0
-0.8479093281828158,-0.3663117443825033,0
1.9386996529236433,-0.6300222852295682,0
-0.2623072723664907,-0.5228451144172619,0
-0.9706284243374947,-1.1820489280107693,0
-0.6300208491330423,0.2349529570512943,0
-0.18784762887550044,0.3850502197696119,0
-0.9349794097360653,0.09992739016646034,0
0.8598083649354783,-0.08069914507901818,0
0.6166633199899962,0.3861974685397626,1
-0.6912133521557642,0.048242254559285304,0
1.614347347432679,0.11853061004895274,1
0.08175791025640942,-0.33325806852553624,0
-0.681364939416028,0.38717158526211876,0
-0.55604603288898,-0.26543130116126035,0
-0.6840300761066122,-0.6122695481908849,0
0.42575327612059366,-0.22058645638025934,0
-0.7722115716344721,3.3485166021240595,1
-0.92859540287643,-0.7813823798427588,0
0.9565823373949428,-0.35164288181874553,0
-0.765833667348724,-0.14779956278354672,0
-0.9014885750603103,-0.3415802490517532,1
-0.5795013278621391,-0.21400549916711417,0
0.5291138719526678,0.016046516380493526,0
0.9581376534626153,0.053157086864725187,0
-0.40788298667913575,1.2105197216818604,1
-0.3241604211186397,0.6524726921105783,0
-0.47236300607058795,-0.32137246641514855,0
-0.5110846769540568,0.8513886673500478,1
-0.7877871348606479,-0.018431737475081797,0
2.356136847993688,0.4556530348489827,1
-0.8479090701951725,1.0638063697556852,0
-0.7606346077924429,0.6784531430983864,0
-0.8595225043153679,-0.23023942151331958,0
0.2897546067803818,-0.0020317223599603472,0
1.2279243450116775,1.7952827596954561,0
-0.49783959132106964,0.4714597168394256,1
-0.017969216122814193,0.15720650640564096,0
-0.39288758861528655,0.4731724756827688,0
-0.7496302096082179,-0.5889474326820034,0
-0.5181938819774162,0.9872622303045244,1
-0.5744036116679859,0.05265638508241035,0
-0.9152378312431393,-0.7340180508528439,0
-0.297619979568176,2.5986508150087424,1
-0.5782522103979364,0.31958504667774884,0
-0.7977817075490086,0.11800168720539504,0
1.9404244097277799,-1.3354677478145907,1
-0.4951231013802517,0.6135526534070742,0
-0.4143830791678388,-0.0010227605733100565,0
-0.8833390219073082,2.4961411038340926,1
-0.9325723997004651,-1.6497653078113586,0
0.14923968411917488,-0.4942410968157078,0
-0.8192800398763262,0.24702419815239784,1
0.24146548721983982,0.38455278707355356,0
-0.781169136710702,-0.6956003487981915,0
0.2808707414364099,-0.44498048307927607,1
0.35980420863506524,-1.2863199274749397,0
-0.6911990841515753,0.573210446544836,0
4.00559594946031,-0.2142289876563679,1
0.40209082287779524,-0.29790633469339267,0
0.6844757103367598,0.352176307943145,1
-0.7646702673939959,-0.1706215390094711,0
-0.5877759172388459,0.9130781380285893,1
-0.6826882355615679,-0.12314392006447748,0
-0.8059100637511575,0.24681921619417263,0
0.9675347480255477,-1.3225653825843107,0
-0.8529098845685943,1.251372381696594,1
-0.6490346719469484,-0.11448702308458183,0
-0.5447932060456911,0.3781801585823489,0
-0.8092708587387789,-0.4920882889482506,0
-0.09116203048640888,-0.41102764231406597,0
2.2336758859192116,0.22257792847183835,0
0.25106905509294875,-0.07767050710493688,0
-0.3143168234795502,-0.2859654594687319,0
-0.32426788655988764,0.7561529138599401,1
-0.829544670426532,-0.17423429087237313,0
-0.8409286626431415,0.413856339657308,0
0.276871447411421,0.3774168417916804,0
-0.835104895049597,0.9843506219232935,1
0.6781042029245891,-0.7447443404557157,0
-0.9319115598874004,-0.054316802274320564,0
-0.6926433669063597,1.919323779818657,1
0.9320816958576926,-0.5767906657919536,0
0.12922073584346278,-0.7941091090056599,0
-0.8361587233594623,1.0478032485337436,1
0.18367996783422522,0.2723043277241524,0
-0.8190713954645655,-1.0813575479479072,0
2.9737783762593475,-0.24439840004592076,1
-0.7908136792458355,0.4078307991483121,0
-0.142226160076474,-0.6431889767504746,0
-0.8641070449284022,-0.23997376729569306,0
3.048215708002345,0.38913002338182007,1
-0.897083446502455,-0.5717115733613821,0
1.7330512843741408,-0.2590629923501141,0
-0.9410467659777744,-0.4841884501930358,0
-0.7106975506366197,1.0325729791232847,1
-0.617186659691857,0.17961200086188917,0
-0.6286805956894642,-0.24595571055367788,0
-0.1518691601057704,-0.015646478689577924,0
-0.8034231052766321,0.15788390509118194,0
1.3865679586816424,1.7386911945625445,1
-0.10189270967303192,-0.8908277537979542,0
-0.8486217189442438,1.5787014415175609,0
0.006293931433963949,-0.006427430338362121,0
-0.8070294001049719,-0.22657598019110062,0
-0.85134138637736,0.9143641090194234,0
-0.357134281802676,-0.48329776156876486,0
-0.8429340989431447,0.9017495604394065,0
-0.7678526938257902,0.3648897294545423,0
-0.7872281442417923,-0.003914578277943651,0
-0.5893029978767169,-0.05643225725938936,0
-0.8630361638554338,0.17296188744908983,0
0.05151291678644046,-0.20974157591953566,0
-0.6870780875908821,-0.387862012639512,0
-0.6111471390506252,-0.3110684246177488,0
-0.8578377481306466,0.3728464532187189,0
-0.7776720653725944,0.11406524712621177,0
-0.6008452695599725,0.3572285303565597,0
-0.8759153528038365,-0.8824904687538344,0
-1.0878025703341268,-1.9832113075485713,0
-0.0655008068954909,0.6558627453110849,0
-0.8666650858901346,1.0301847692065245,1
-0.8665900494023974,-0.17228532656422682,0
-0.7028199551705628,-0.3830768448621242,0
1.2167803551779641,0.29606267319299856,0
-0.48844276906594286,0.1900535527778989,0
-0.39185114778619456,-0.6519759396360467,0
-0.9065489268373509,-1.6269604275655525,0
1.0058509069613346,0.369831718404212,1
-0.8156678864167314,-0.6556379312282938,0
-0.5914444621954105,-0.17257682361783724,0
-0.5545891477509837,0.7554581449359261,0
0.041916471018679194,-0.32198157127233795,0
6.559586715885673,-1.2435096726887929,0
-0.42801465084682433,0.8981656909355823,0
5.647109764058116,-0.05499486701113816,1
-0.8865315310232662,-0.4279784035324071,0
-1.2408950788353073,-3.396940726951788,1
-0.5948408644294724,0.30715740867672087,0
-0.320717659701316,-0.08927953831090842,0
-0.6166993222965567,-0.43845451010802144,0
-0.7320511567535458,0.6444260170342634,1
3.1878461780969545,-0.43253355036644303,0
-1.1069397389225268,-2.4934611070033097,0
-0.8290188576195324,0.22485096035593546,0
-0.8035834616239556,-0.7111027916357299,0
0.04104041673158651,-0.02207561869812678,0
8.313652774509789,-0.6021848035642671,1
-0.8556874502040063,-0.02600413081156762,0
-0.15695657737216756,-0.5382839222983673,0
-0.7299549527206075,-0.17322513245989446,1
0.5199385570510495,-0.905076188872751,0
-0.49094356908046227,0.6872059706025652,0
-0.7684551194675872,-0.6188491161151436,0
-0.4930840449434144,1.4027614056344373,1
1.1429136960476955,-0.40686141631029954,0
-0.7777573759373083,-0.05219610519239192,0
1.5608795723978577,-0.6612213467201243,0
-0.8818846109038848,-0.5737615400149021,0
-0.2957394405592101,-1.065213636491048,0
-0.6757636555118315,0.9761016800811317,1
-0.6312245183367421,0.12895511870410667,0
-0.5311236508814985,0.7651095424112431,1
-0.7925369254149759,-0.1451941513397292,0
-0.38673762295902586,1.890454286439547,1
-1.0552223027878296,-2.7404559069435823,0
0.40309355014313536,-1.833975982664807,0
-0.7238744399640478,1.34328290392205,1
1.6508965727080227,-0.357674861877118,0
0.10200983230412891,-0.016255836193915282,1
-0.6064913253625206,1.5438198132862098,0
1.708161631447114,0.0014479778129651683,1
0.358143442868836,-0.9512959435408068,1
0.08993536526795724,0.8619085800481765,0
-0.712161616563222,-0.3403656736274081,0
-0.36431293243315127,0.9591697892488084,0
3.4673380387426596,-0.11119323354897898,1
-1.0067782930945073,-2.736224966346436,0
-0.904527116988505,0.3860649080247051,1
0.2761037064636537,0.08146380532220446,1
2.4491570276291363,0.08380940250451661,1
0.262774459578946,0.33469212494508777,1
-0.8942734374797309,0.617472931533339,0
-0.054801083193413695,-0.2850337048861584,0
-0.09639684809684206,0.782391401449565,0
-0.5929192881211206,0.7654874595003281,1
0.4084619543606263,-0.23059404013473433,0
1.9990121740515856,1.3293106882256163,1
-0.2112324257359577,-0.2855067022994988,0
0.5370304698226751,0.35036415928817477,0
-0.9143535590761106,-0.11311041597272323,0
-1.4387902306858118,-4.627440126150684,0
-0.3613499960182793,-0.8400697233205384,0
-0.3581842491265502,-0.4358517662544114,0
0.17897749978290672,-0.4784247331918585,0
-0.08278827294180155,-0.11873751636999942,0
-0.7307707425437888,0.08636775712512078,0
-0.2608055823700237,-0.3786533231574319,0
-0.17689828538138622,0.6068391551000138,0
-0.25038869424062393,-0.12365340184550516,0
1.5115961606613375,-0.5817296565926932,0
-0.6488653879319508,0.5653325401054804,0
-0.39302601893269545,1.4639565696579842,1
-0.11162612059730953,0.2852515285906053,0
-0.8177028959263601,-1.4394320047892761,0
-0.9228210625972042,-0.6990915047042013,0
-0.5434443266334761,-0.23816276464618777,0
2.251736650623797,-0.27337744051435986,0
-0.3513632063253487,0.564305418399406,1
0.35466122547227574,-0.7266996337724717,0
-0.5042057653442062,-0.07251936108152053,0
-0.8591756283918582,-0.13318100091907475,0
1.6354547606069845,0.6815976798098708,1
-0.5814100544133411,0.2085784924191571,0
0.5826442344013291,-0.40202458947814096,0
-0.7338645018719564,-0.41158797330000546,1
-0.5425861632728739,-0.9281931413099578,0
-0.03424197394477449,-0.10389708575801071,0
-0.6532219516409734,0.055915543485095524,0
-0.4055766721377339,0.401995091015485,0
-0.7690203445299911,0.28044398496589473,1
-0.7990105435872877,-0.8978050714047389,0
2.7099910691404347,-1.227775133016495,1
-0.6788518756703488,0.25279302874682325,0
-0.6428519354949355,0.03067120173431793,0
-0.8477474446321999,0.3426161937039265,1
1.571658440371521,0.04448575799092545,1
1.5177012248646975,0.36389463650708936,1
-0.6206393247665181,-0.038745258277433414,0
-0.5611223059080124,-0.5161920307747261,0
1.1345656150183008,-0.04091794303455174,0
-0.7325996314460455,0.43839580909857667,0
-0.43836087896770715,1.3177023733927884,0
-0.7388288210608482,-0.43895792983776594,0
-0.3603346257613369,0.24699514352822627,0
-0.6857428734235015,-0.12327694439819918,0
-0.3289905663082539,-0.1326195492129296,0
-0.4543567288848767,-0.34029677279143067,0
-0.2396219631185028,0.8073010357264256,0
4.464709993607425,-1.2085333030270822,0
-0.9346293519125501,-0.5131949676610309,0
-0.939903908527421,-0.4285093129226746,0
-0.34185464604909466,-0.22757660238295052,0
-0.7297825774238687,0.0988129949380692,0
-0.7601413541033013,-0.6174006639683551,0
-0.6407822985819135,0.3405170404152726,0
-0.7935919716324757,-0.12186513296260419,0
0.9161519256987712,0.5051373954507976,1
-0.5723881130938159,1.0128828325464188,1
-0.5612377717591011,0.4714563476464608,0
-0.705432350075383,3.425202254543934,1
-0.4724408481904706,0.3669611773569196,0
-0.5663789821151815,0.26818694780572633,0
-0.7389462387162513,0.6326108160377995,1
-0.7050971420431866,-0.2604107345338294,0
-0.778392538669464,0.3219713678683323,0
0.20836434982773044,-0.3132741250902072,0
-0.9198976682504921,-0.8716504389730882,0
-0.8943851384224089,-0.5815995507284627,0
-0.8001668606126204,-0.40658258061333047,0
1.342028450336439,0.09194521508484041,0
0.3465532436455068,2.1972256560374768,1
-0.1684525539441392,-0.8599674189934385,0
-0.894269816879005,-0.198627983370121,1
-0.3776562830675076,-0.19995241534039473,0
2.2592246558354594,-0.5335792819673199,0
-0.6897928655247808,-0.44264431447312835,0
1.1353520126997225,-0.2985836160269754,1
-0.2263025310804858,-0.22264120404342358,0
-0.14541063431978757,-0.42586861735552173,0
-0.6480082703694597,0.3527876951482469,1
-0.8690725734504655,-0.1253294660990064,0
-0.8749922697469309,1.5725122086462686,1
6.064081034271531,-0.29024837982586943,0
-0.7701706678161788,0.1716156737717087,0
0.20339043204905433,1.1389781283311329,0
-0.6899671887090545,-0.1714481220626179,1
-0.43995272228013965,0.36489593438506096,0
0.7682593048072712,-1.2080075407456536,0
-0.3913683933064629,-0.2191675809884784,0
-0.7802812487995179,-0.11001840828583709,0
-0.20014773185614357,0.779515477781678,0
12.440729455107423,-0.4695621152730731,1
-0.7168139556508549,-0.025708380990976866,0
0.06043044655389781,-0.729287988648533,0
-0.3125139744335727,0.011205979013647657,1
-0.6020362106040854,0.004195667366707575,1
-0.6368662599368954,-0.39165487145877304,0
0.42451432169593345,0.5680792489546667,0
-0.5701165287231352,0.37007928472698554,0
-0.6632866887418026,0.12361167398937885,0
-0.7716780906921497,-0.30362292496583154,0
-0.5415127635410881,2.8998122223916343,1
-0.3607804374668013,0.07213491460652167,0
12.294900383595937,-2.698689766186583,1
-0.6333281192624693,-0.9350140282423824,0
-0.7334759706238676,0.5676771736563081,1
1.0909875881276023,0.39785338891780914,0
-0.6887438747229399,0.1931236625548662,1
-0.7796885139203243,-0.37396363012078204,0
-0.39756820551111854,1.6428190735653516,1
-0.43329865415194263,0.5452293599920532,0
0.08460127701529148,0.04407624949467412,1
-0.43750804032630114,-0.18177930436803472,0
-0.8546034317138023,4.024664799276838,1
0.050688911613746515,-2.0027535488102792,1
0.028117395334453777,-0.41707143780970546,0
-0.40549866981638416,1.4558708800119855,0
0.11761640847291012,0.6792242488120259,0
-0.06876563159508964,1.0671374101146567,1
-0.6304696658985123,-0.16447418674201397,0
0.025968522821604733,-0.08654024483232067,0
-0.7434562697493153,0.5031325051120437,0
-0.13982402924767628,-3.7493575035098083,0
-0.5856127822711507,-0.012664159227752096,0
-0.6655253915069708,-0.63517906311268,0
0.04474498675805346,0.17928877460163334,0
-0.8292477522153259,1.1096140059020545,0
0.1511547405078642,-0.7587345194073155,0
0.09104347101401791,0.6938989669343595,1
-0.8064349147890755,-0.34846356173984655,0
-0.3409939392716816,-0.6337538173795579,0
-0.013515771330719618,-0.009026545197319468,0
-0.2524669160247603,-0.47743203214988283,0
-0.876757211995775,-0.47512422347982874,1
-0.1296572356078344,0.23569598919420343,1
1.0619690149115923,-1.1466040031538147,0
-0.8006414946195902,-0.37639729639845493,0
0.06425411601942098,-0.01850637987744974,0
2.1723762091625414,0.41151575264919354,0
-0.6552840016116734,-0.0758454031078673,0
-0.7560427390692699,-0.062487332543852706,0
-0.6549611357368358,-0.2990150873154866,0
-0.8626636636602358,0.46697602396315924,0
0.015353556070632669,0.7357234654324402,0
1.43223211460683,-0.3515063060991644,0
-0.7120939002415092,0.6408898006704579,0
-1.1018555598545694,-3.3840270440256077,0
-0.8087671610953502,-2.8977764929919756,1
-0.034768630608489594,0.8040360819033728,1
-0.10650188589958509,0.6961794710521438,0
-0.7548238463518303,0.20599696397298556,0
-0.33202126425391076,-0.4048742361199442,0
-0.9492473516666572,-0.24470494025176784,0
-0.8064871705647226,0.1502759271453331,1
-1.2723514275864976,-3.3061869190563087,0
-0.8328747517941495,0.5675880344675532,0
-0.8167868550845738,0.04934885584230572,0
-0.5933422421318781,0.522744455077842,0
-0.7030741243563795,-0.9999944583837717,0
1.377134727258589,-0.15910822096060803,0
1.1329162259302707,-0.12235395714465795,0
-0.6689080595577872,-0.14677073571460986,0
0.5417331701866686,-0.8519754784580273,0
-1.007139616180842,-1.2693925825564023,0
0.7114164960530986,-0.602586751734285,0
-0.9885544063278658,-2.6493984516503564,0
-0.8806458934506369,1.4942787179932344,1
-0.7668408988004373,-0.10464701227576735,0
-0.029966395511967142,-0.2615369826911107,0
-0.7022478361523705,-0.8723497137845525,0
-0.725344906645795,-0.2468800520196681,0
-0.8914978963062961,-0.471927240596293,0
-0.7162436592900941,1.1562841807182487,0
-0.4147097598918505,0.030907802193090587,0
-0.685008645496558,0.15841362303037843,0
1.5258822861730603,-0.26747201409527294,0
-0.5840948171410311,0.3357881390700262,0
-1.1607284406258163,-3.2177924903047486,1
-0.8899866136218523,-0.35923065893771294,0
-0.9056340861957826,-0.5762872916555261,0
-0.791437042208104,0.18504557075712316,0
-0.9901216351172945,-2.8049363066609305,0
-0.6961496002079107,0.09463198073815227,0
-0.013883996078073679,-0.7352163824103305,0
0.732185013718647,-0.27693037318614383,0
3.8084978317594085,0.20828259786823372,1
0.6378249887514346,-0.6571068287397227,0
0.6294441009290892,-0.4455455833925209,0
0.2562395395075749,0.3102262868023925,0
2.3974979450569576,-0.22736541509724006,0
-0.6074608655139131,0.6551265552171028,0
0.8759904340079809,0.7444612048933359,1
-0.643759609008619,0.5693616902601095,0
-0.264072094420005,-0.44854726902527237,0
-0.23925744563304938,-0.3908962080708556,0
-0.7671968163000145,-0.0641784121456434,0
2.5871081282093105,-0.02284158329659942,0
-0.6958259092775214,-0.6138731735109813,0
-0.9677558031065565,-0.5929370723548538,0
-0.2745030021126828,1.4983557803915954,0
-0.6030168448721317,0.13880438418747765,0
0.8408163181425417,-0.5140825036969956,0
-0.7025441354763424,0.48270720045454885,0
-0.8230073342639618,-0.03519666206285925,0
-0.8734254673074165,0.1595216099276217,0
0.08202087823820553,3.5647175614037594,1
-0.8694899265224368,-0.5378926579333241,0
4.37013074251041,-0.7583066724098431,0
0.003638483176865861,-0.08614087554589205,0
0.0032767649577577695,0.027534745542166828,0
-0.759251327751516,-0.3698462474006481,0
-0.29038092231619383,-0.3236588362969252,0
-0.5713168910934993,0.4515493691682215,0
0.1834818933992323,-0.06260398416696888,0
-0.4141321162179169,-0.20723573511558255,0
0.1349266323485623,-0.11014349937151262,0
0.09079525189694039,-0.23233445438421713,0
-0.7775227214900878,0.644204054557673,0
-0.49321864127728055,0.2821484297929154,0
-0.9230097185801792,0.26913712821728947,0
0.008126775302079961,0.8952072624430341,0
0.36167130576199824,0.5565779390897786,1
-0.059999438255501,0.5374082630667717,0
0.35889332304400134,1.1459966612655579,1
-0.5444188853324536,1.183702431438305,1
-0.22963943087137534,0.11110763818032342,0
-0.5995152222552936,0.0017815887273756402,0
-0.5881578960833594,-0.9060119193899703,0
-0.24007823264960945,-0.7494098166909884,0
-0.5359611213986997,0.8695359575874231,0
-0.8025400829674364,-0.12698982367532655,0
-1.0603297124662707,-2.0671204364695073,0
-0.21290405777061705,-0.11704081426831485,0
-0.9214328976113975,2.8198687530456796,1
0.5960961216469072,-0.6562888145176649,0
-0.6606441440003978,-0.35973444410246075,0
1.3444623928154324,0.05599719040806987,0
-1.0422161768109355,-1.6176921399260633,0
-0.7045487597529656,-0.04351988219266353,0
-0.759899145934961,-0.34943205029200003,0
-0.7429938978686107,-0.47106171639958927,0
0.04572097550266325,1.1668799125904945,0
-0.2445239025095416,0.08727370060052737,0
2.269544515060354,0.13991848619091865,1
-0.6935193734343827,-1.3129951774107427,0
-0.0951001258142184,-0.5447828148880511,0
3.3328492435206,-0.9238749757119987,0
-0.9162371157584054,0.41425912512228763,0
1.0591692093023723,0.0061270347138159854,0
-0.3838200973642667,0.08197810487623226,0
-0.4044875572741997,0.30357812690888436,0
-0.5392846105785758,0.029892482679025924,0
-0.5872619089620368,0.6062055486898061,0
-0.6547607775976422,-0.9321000800399292,0
-0.010774250464744421,0.1477839549952469,0
-0.4719369193882481,-0.3513968858633209,0
-0.4217771869421528,0.3312514471084287,1
-0.5851811818483033,0.3225690379719476,0
-0.7131920332669186,0.2556032759740865,0
-0.1259784834073187,0.46211582575158733,1
-0.3209866131484638,0.25101348628140524,0
-0.7783866359317684,0.8014246074196449,0
-0.3549585936070858,-0.29291687651836407,0
1.0338467675874103,-0.06308849919596361,0
3.137213703471648,0.29430591879315654,0
1.1982321522876647,0.17809931369681803,1
0.4859462864114377,-0.13126919386239427,1
-0.896312787902034,-0.5013317904722397,0
-0.7192570660231061,-0.2027808292273226,0
-0.27577010390720624,1.2220396763425807,0
-0.5346079820434998,-0.31703351622951864,0
-0.561367320794531,0.13154396534868398,0
1.9376851653952527,-0.16123880295921422,0
-0.7293737391408004,-0.11247427812400569,0
-0.9060485653150901,-0.09536082452102575,0
-0.005635457030622909,-0.5515181954354036,0
0.8278410680207816,-0.716235651966675,1
-0.8378107395282189,-0.1754451731273048,0
-0.9628256055151931,-0.08527934494191752,0
0.14334015948519194,1.6564053415856312,1
-0.026022319149614292,-0.0930057161679508,0
-0.8692681208054682,-0.8653637619630166,0
-0.6324631865154244,0.9582008824930609,0
0.45282933261051933,-0.5535613919389502,0
-0.7424607767708628,-0.4670585749462391,0
0.6644227823292556,-0.1743700396404881,0
-0.8172914284479096,-1.0898493819217845,0
-0.8445695597061794,-0.024975103952342006,0
3.0240465905167055,-0.16208520779476468,1
-0.8721257278894073,-0.4859377990432283,0
-0.7159713519313188,-0.29199544135715527,0
0.13146135325078065,0.46111501192194654,0
0.043834502809203875,-0.8940949499346831,0
-0.024544322948855595,0.19833187688678677,0
2.460699669703032,0.9364931705754276,1
-0.3750180431666163,0.39162863645141693,0
-0.21904447234514723,-1.3902388819709421,0
-0.20790448571008982,2.2205865715896076,1
-0.8845874833652367,-0.6011265335705389,0
0.4125775619065158,-1.2090214036156735,0
-0.8262543320946615,-0.156603211887441,0
-0.03491002291234771,-0.03133308358668973,0
-0.8349848441595648,-0.8822251255526604,0
0.39130094339658866,-0.15289422510151765,0
-0.13779570026699262,0.4852566280738021,0
1.9373479659220794,-1.4602551848072174,0
-0.26765584294134853,0.12554506381753738,0
-0.8639178974306176,0.5595663717374485,1
-0.25265436210575093,0.9562113151823347,0
0.15775501135303582,-0.6070228162955922,0
1.9399476398945439,-0.01178645175585468,0
-0.9240964937033411,-0.8583475804977821,0
0.0296528610977975,0.5344988833250729,0
-0.8565431555503478,-0.14802790281722153,0
5.426517686675752,-0.6796456958442078,0
-0.3990888031815026,2.3737856606184184,1
-0.8594264997955506,2.3905314021602617,1
-0.7257424912118005,-0.6664061676434557,0
-0.7130251919877264,1.0018324030776975,1
-0.8881705863170392,-0.3227441377843058,0
-0.8514532479871258,0.1163937047891432,0
-0.8266143240990562,0.06423382041982816,1
11.474348714924597,-0.7734213963312753,1
0.6269409616165513,-0.35603184296606877,0
3.101326885935674,-0.18408393088771152,0
0.32865676022539475,0.9789189840374735,1
0.8334808339849155,0.4858146871440416,1
-0.680340572606206,0.6817939304775138,0
-0.5364789639909557,0.8546950818899595,1
-0.5500402727904021,-0.02916206492151489,0
-0.5973225994616773,0.585118431719807,0
-0.8296879312129567,0.18998299835375676,0
0.4711068316468393,-0.11872747856734178,0
-0.8802298782577368,0.3380840630698363,0
1.5675535373792187,-0.39880622348717953,0
-1.0067826304019691,-1.78960567910423,1
2.324631540448919,2.368141593386899,1
-0.7787700638092582,0.8351085568928404,0
-0.8932249717021948,0.4874549537411957,1
0.008697432736789896,-0.595320050194296,0
-0.38266430551702835,-0.045469336886170816,0
-0.8414615945021354,-0.1297718324636402,0
-0.34114944917734885,-0.27708682389936184,0
-0.7949526819946007,-0.21364241634667605,0
0.19270458043584507,-0.6013411165484958,0
3.3845602704173823,-0.10172285628960304,1
-0.8182013809485729,0.5123772963375328,1
-0.7476354302657517,0.02252411331893031,0
2.1453916884988633,1.663303547768841,1
-0.6745770542006381,-0.6483481826040326,0
-0.8950181819575886,1.5143508571191355,1
-0.4747055953151038,0.09125117874159495,0
0.2658143305846161,-0.33142518690397166,0
0.3307409618431091,0.8012002517132747,1
-0.24323268349556362,0.04038106301900005,0
0.3508778291525241,0.29249206797928384,1
-0.6923142955475791,-0.5966966624754452,0
0.9524071622945803,0.07917297051679605,0
0.24375466618643465,0.36796639603650383,0
-0.7954777409485176,1.0918086993813796,0
0.823698772807372,0.26505275548051105,0
-0.7702288130334375,0.03295921950816237,0
-0.43092917393307234,0.5794656731933566,1
-0.6547227042902416,-0.09960343510362236,0
2.9680524375977844,-0.09459113606956907,1
-0.6729392378188613,-0.0606096223097934,0
1.6644536255294606,-0.2500817592107977,0
-0.7964793946421251,-0.4085266657699115,0
-0.2498621776796896,1.0278468166402976,1
-0.7533536816699454,1.9931059038722496,1
0.45746632678412436,0.1443929512066953,1
0.6555850897153385,0.00873685880387811,0
6.008244702827132,-0.1980941289563901,1
4.260758578685076,0.03036682036291928,1
2.184002810855345,0.14024121579490925,1
-0.3665482939180309,0.6428793914074581,1
-0.7336085513119069,0.3416684090788575,0
-0.4149162847297382,0.42075003186333015,0
-0.9692431229331745,-1.4217895835002192,0
1.7581557881274144,0.055982497128217325,0
0.8176377584972799,-0.8728800395034099,0
-0.43885531227024305,-0.38580798576851516,0
-0.5868467461646113,0.6317916861940004,0
-0.6852683619022162,-0.0214978573134031,0
-0.8577121209845957,-0.7652271162613828,0
-0.5393202449593739,-0.1012713205953273,1
-0.5234510130107338,-0.42241241642605243,0
-0.5255333616111604,0.37816697944053657,0
-0.1405994384130021,-0.14595560754807244,0
-0.7380093072554745,-1.240342465343607,0
-0.6925261957786437,0.19069470573911454,0
0.1297319292588536,-0.29550997755944197,0
-0.8469973501852474,-3.283964718123739,0
-0.8104624199875835,0.4898860865448346,0
1.7609579218031384,3.766678114106555,1
0.005793758550450487,1.6972959553226785,1
0.002787560010607734,-0.08632350376789466,0
0.14979596121082964,-0.22138446398134862,0
-0.8018182594144267,-0.4206524727477422,0
-1.0321639463103776,-1.739232366118698,0
3.428657362134177,0.14406119905822287,1
-0.6424954389843486,-0.4626731616806507,0
-0.8991381925349805,2.4704700980110643,1
0.1852189744906123,-0.15350446085643338,0
0.26473757477857623,-1.027746094796204,0
-0.9092098301123165,-0.6074456836709099,0
-1.0426658137169913,-3.621587353041947,0
0.3861567363047168,0.48245345558295466,1
-0.8027025520551806,-0.4078788014778551,0
0.2952708957166677,-0.6677221729321043,0
-0.8353693704217062,0.5045963974353649,1
-0.6768769327472267,-0.10129237781567513,0
1.0410183708895713,-0.033277895310824514,0
-0.8781162846682103,0.43114142164266195,0
-0.8107396082056543,0.34066130733964745,0
-0.7768494301858878,-1.180632579436089,0
-0.40542979200063584,-1.0000819535241234,0
-0.8472489257003388,1.358443215943503,1
-0.12093599709399835,0.17178712832077342,0
-0.8366740881554711,0.04917032867126525,0
1.9813544490539847,0.7467097539392634,1
-0.3767836242669952,0.2775448515526817,0
0.6707585452024367,1.3866445512551424,1
-0.7457566484947428,0.04133335153946116,0
-0.493949847662391,0.7128999376180275,1
-0.7559618612604518,0.3062174332895989,0
0.6984326552451893,-0.7620825756993668,0
1.5086548405512088,0.48810053652471574,1
-0.7933285998876913,-0.19387678162342034,0
-0.7210847827367949,0.0367460411186454,0
3.7646017592058985,-0.3730182990259469,0
-0.8792290025711021,-0.29248149678599406,0
-0.5694412274328069,0.3182041969810255,0
1.6702432344503044,-0.9698840711309334,0
-0.24223201558880889,-0.6294068215287209,0
-0.59135983061704,0.46015242999841616,0
-0.49384426198940645,-0.49488770780063046,0
-0.5913005347872894,0.7579874654139591,1
-1.0238981742508546,0.10392227195118252,0
2.0499609490472266,0.8734380234902471,1
-0.5743936524794214,-0.3900998818649978,0
-0.8397583237633911,1.1215294066042945,0
-0.6218569237586964,-1.526811212542097,0
-0.7842615808322306,-0.09552595068657536,0
-0.897494567551448,3.1703162341674154,1
-0.3503394292422065,0.07320428284404795,0
0.5677978331954404,0.06738802535629683,0
-0.1566653942051692,0.15590848737946544,0
-0.9461598581300121,0.4762822408279874,0
-0.6695482252304921,-2.3819004139462234,0
-0.6168484840706868,0.14404689553471328,0
-0.21205072403790434,-0.08630292679838457,0
-0.12885570672772864,1.1657266453647632,1
-0.8552667235457144,0.10872056605499505,0
-0.6199827977321213,1.0840556927863938,1
0.4367183724080795,-0.07797587478726778,0
0.2476778119416473,-0.3961974328654009,0
1.827065989712306,1.3837808834353864,1
-0.09232674061497187,0.6323659500008005,0
-0.8724220966085642,0.6476362686431367,0
-1.5018828292688178,-8.876322033431006,1
-0.6509764421279362,0.16431324693386248,0
-0.14349104333258458,0.8022885967106828,0
-0.7244284336450496,-0.013325465434065568,0
0.14054349682832315,1.1278409477414242,1
0.6346582483586679,0.1568617271514215,0
-0.7532208813806585,1.3708397419535157,1
0.7084535858578596,0.10869440781386516,1
0.6172567852977953,-0.8915236304119346,0
-0.8446239265879315,-0.7174919143836416,0
0.5688187547278617,0.16622298327106197,0
-0.10283437560348838,-0.035230559065015536,0
0.4065821858526525,-0.47384096357418537,0
-0.46638004485874923,1.140871272805888,1
-0.5994803060912184,-0.39382252826819136,0
-0.9908422973127924,-3.7616054485290666,0
0.6032739561353964,-0.2390808312945544,0
-0.8768168189233612,0.6673778233938223,0
-0.6339689497983726,0.4673513807095605,0
0.18822686006683645,-0.895480580977424,0
0.36739647416232674,-0.09344410054995628,0
3.0842797260847385,-0.39022498180873005,0
-0.7171818137410955,0.6261897060104654,0
0.023618360702968483,-0.05614583698570045,1
-0.5126634134753857,0.11705107835712204,0
-0.3991997831748096,-0.9880883794340478,0
-1.4149760919433074,-4.026620036442126,0
-1.0398656232979695,-0.6141220745985556,0
-0.6223121226556163,-0.9450563101578314,0
0.6029211172292785,-0.16041956056080914,0
2.1084633767692456,-0.5643751311383053,0
-0.41397295968732106,-0.5533196693450145,0
0.9947719422797581,0.27454250055258667,1
0.3852330993581259,0.8879978654526673,1
-0.44458380884103205,0.927779961334419,1
0.9173096561652838,-0.07490339787348489,0
-0.6465359351536719,0.03877292980075098,1
-0.7939551987947233,-0.2827938096210031,0
-0.8680788748707069,0.13957158035869482,0
0.3179377572905585,-0.12125898246357894,0
-0.7931855553155178,0.7710068531224133,1
-0.1846577740401899,1.4196126508006666,1
-0.7846362909097838,-1.0391783684237734,0
-0.8635464947017479,0.824806781285443,1
0.07219358549415758,0.4646500817323689,1
-0.7241204517511678,-0.12600035507864815,0
-0.6398551381917678,-1.1262583688938503,0
1.821415779945716,-0.19229090858432024,0
-0.17420823942694774,-0.3213559197563232,0
-0.1443028569714844,0.28149710150178586,0
0.3148456200073059,0.2894578572541348,0
-0.7547457846686196,0.10411714186041619,0
-0.2786050072071445,-0.16198482354120203,0
